dataset_name,image_name,I1,I2,I3,I4,I5,I6
bdd100k,bdd100k_val_b1c66a42-6f7d68ca.jpg,0.365,0.796,0.611,0.734,0.005,9
bdd100k,bdd100k_val_b1d0091f-75824d0d.jpg,0.325,1,0.799,0.746,0.003,7
bdd100k,bdd100k_val_b1d0a191-03dcecc2.jpg,0.585,0.541,0.537,0.722,0.083,11
bdd100k,bdd100k_val_b1d0a191-5490450b.jpg,0.082,0.592,0.758,0.781,0.412,2
bdd100k,bdd100k_val_b1d3907b-2278601b.jpg,0.202,1,0.825,0.794,0.002,4
bdd100k,bdd100k_val_b1d4b62c-89eeb5d3.jpg,0.025,1,0.738,0.791,0.094,5
bdd100k,bdd100k_val_b1d4b62c-d9805029.jpg,0.256,1,0.807,0.763,0.001,3
bdd100k,bdd100k_val_b1d7b3ac-afa57f22.jpg,0.31,0.178,0.107,0.751,0,2
bdd100k,bdd100k_val_b1d968b9-563405f4.jpg,0.463,0.532,0.469,0.73,0.057,9
bdd100k,bdd100k_val_b1d971b4-ac67ca0d.jpg,0.362,0.313,0.656,0.805,0,3
bdd100k,bdd100k_val_b1d9e136-6c94ea3f.jpg,0.569,0.754,0.735,0.637,0.042,5
bdd100k,bdd100k_val_b1dac7f7-6b2e0382.jpg,0.566,0.664,0.553,0.726,0.003,10
bdd100k,bdd100k_val_b1e0c01d-dd9e6e2f.jpg,0.639,0.721,0.586,0.726,0.01,4
bdd100k,bdd100k_val_b1e3e9f5-92377424.jpg,0.395,0.588,0.253,0.732,0,5
bdd100k,bdd100k_val_b1e62c91-eca210a9.jpg,0.923,1,0.745,0.918,0,2
bdd100k,bdd100k_val_b1e8ad72-c3c79240.jpg,0.701,0.638,0.819,0.631,0.002,6
bdd100k,bdd100k_val_b1ea0ae4-4f770228.jpg,0.28,0.748,0.451,0.686,0.014,7
bdd100k,bdd100k_val_b1ee702d-525fcebf.jpg,0.263,0.548,0.561,0.554,0.001,1
bdd100k,bdd100k_val_b1f022d3-3774de8b.jpg,0.38,0.797,0.84,0.704,0.058,11
bdd100k,bdd100k_val_b1f0efd9-e900c6e5.jpg,0.369,1,0.714,0.606,0.014,13
bdd100k,bdd100k_val_b1f20aa0-50213047.jpg,0.505,1,0.662,0.767,0.001,3
bdd100k,bdd100k_val_b1f25ff6-1ddb7e43.jpg,0.238,0.364,0.432,0.551,0.003,4
bdd100k,bdd100k_val_b1f4491b-33824f31.jpg,0.512,0.684,0.706,0.696,0.03,17
bdd100k,bdd100k_val_b1f4491b-97465266.jpg,0.472,0.766,0.319,0.726,0.001,8
bdd100k,bdd100k_val_b1f6c103-8b75ea3e.jpg,0.398,1,0.665,0.658,0.086,9
bdd100k,bdd100k_val_b1f6c103-b00e8aad.jpg,0.46,1,0.756,0.568,0.052,8
bdd100k,bdd100k_val_b1f85377-44885085.jpg,0.604,0.394,0.515,0.807,0.032,4
bdd100k,bdd100k_val_b1fc95c9-cb2882c7.jpg,0.433,0.678,0.444,0.727,0.036,7
bdd100k,bdd100k_val_b204a5c1-fa3d5b88.jpg,0.562,0.65,0.188,0.666,0.001,5
bdd100k,bdd100k_val_b20b69d2-64b9cdb8.jpg,0.268,0.633,0.468,0.702,0.032,4
bdd100k,bdd100k_val_b20b69d2-bd242bf0.jpg,0.216,0.226,0,0.652,0.018,3
bdd100k,bdd100k_val_b20b69d2-ca16c907.jpg,0.318,0.857,0.779,0.706,0.002,5
bdd100k,bdd100k_val_b20ff95c-b9444127.jpg,0.289,0.754,0.676,0.666,0.09,6
bdd100k,bdd100k_val_b2102d00-5eb86b71.jpg,0.38,1,0.731,0.634,0.002,4
bdd100k,bdd100k_val_b2102d00-a8c09be1.jpg,,,,,NA,
bdd100k,bdd100k_val_b216243d-ad4306b9.jpg,0.079,0.728,0.675,1,0.106,1
bdd100k,bdd100k_val_b21742c2-0e7a2b57.jpg,0.269,0.644,0.384,0.846,0,3
bdd100k,bdd100k_val_b2194b15-1825056a.jpg,0.167,1,0.669,0.712,0.01,5
bdd100k,bdd100k_val_b21ac8b3-9b9cb45a.jpg,0.344,1,0.637,0.804,0,4
bdd100k,bdd100k_val_b21c86ac-0dc77d82.jpg,0.265,0.536,0.455,0.946,0.001,1
bdd100k,bdd100k_val_b21c86ac-2eb7ba16.jpg,0.169,0.794,0.574,0.736,0.001,6
bdd100k,bdd100k_val_b22a4d9f-48b2e986.jpg,0.481,0.659,0.46,0.761,0.002,7
bdd100k,bdd100k_val_b22f174d-a19c875e.jpg,0.214,1,0.524,1,0,1
bdd100k,bdd100k_val_b230a7b2-c881c382.jpg,0.263,1,0.731,0.674,0.295,8
bdd100k,bdd100k_val_b232c7c9-d251d9ee.jpg,0.456,0.484,0.164,0.671,0.003,7
bdd100k,bdd100k_val_b2331b83-648e56ca.jpg,0.131,1,0.87,0.84,0.001,3
bdd100k,bdd100k_val_b2331b83-a28e6b57.jpg,0.621,0.829,0.618,0.769,0.133,7
bdd100k,bdd100k_val_b23a79d1-43dfeecd.jpg,0.282,1,0.821,0.816,0.004,5
bdd100k,bdd100k_val_b23a79d1-e434acaa.jpg,0.636,0.539,0.671,0.857,0.056,5
bdd100k,bdd100k_val_b23b2649-1a78948d.jpg,0.071,0.853,0.597,1,0,3
bdd100k,bdd100k_val_b23f7012-32d284ce.jpg,,,,,NA,
bdd100k,bdd100k_val_b23fe89b-c704fe97.jpg,0.616,1,0.747,0.642,0.001,6
bdd100k,bdd100k_val_b245b306-ca3dca4e.jpg,0.345,1,0.695,0.767,0,4
bdd100k,bdd100k_val_b246c8e8-4dd36bfc.jpg,,,,,NA,
bdd100k,bdd100k_val_b24702e3-e6f33768.jpg,0.326,0.731,0.573,0.736,0.003,6
bdd100k,bdd100k_val_b24702e3-f56e0731.jpg,0.706,0.772,0.405,0.762,0.001,6
bdd100k,bdd100k_val_b24d283f-33783d1b.jpg,0.209,0.271,0.696,0.833,0,4
bdd100k,bdd100k_val_b250fb0c-01a1b8d3.jpg,0.333,0.379,0.444,0.908,0.001,1
bdd100k,bdd100k_val_b251064f-4696b75e.jpg,0.687,0.645,0.577,0.634,0.047,5
bdd100k,bdd100k_val_b255cd6c-0bdf0ac7.jpg,,,,,NA,
bdd100k,bdd100k_val_b255cd6c-fb594dcb.jpg,0.344,1,0.586,0.776,0.002,8
bdd100k,bdd100k_val_b258a38b-0126cc8c.jpg,0.273,0.431,0.37,0.74,0.001,3
bdd100k,bdd100k_val_b258d359-db99eff1.jpg,0.4,0.535,0.377,0.839,0,2
bdd100k,bdd100k_val_b25ae6c0-311e72c2.jpg,0.172,0.539,0.718,1,0.001,3
bdd100k,bdd100k_val_b25fd5d3-fa4bfca0.jpg,0.517,0.599,0.692,0.699,0.007,10
bdd100k,bdd100k_val_b2638d82-062aa1de.jpg,0.314,1,0.573,0.761,0.09,4
bdd100k,bdd100k_val_b26610ce-083c3bd1.jpg,0.239,0.945,0.681,0.732,0.005,5
bdd100k,bdd100k_val_b266429a-ac0c4ed3.jpg,0.265,0.135,0.068,0.629,0.018,2
bdd100k,bdd100k_val_b266db29-12bf52fa.jpg,0.587,0.493,0.597,0.673,0.105,14
bdd100k,bdd100k_val_b266db29-29fa8335.jpg,0.312,0.865,0.181,0.917,0,1
bdd100k,bdd100k_val_b266db29-c518f15d.jpg,0.483,0.895,0.329,0.789,0,5
bdd100k,bdd100k_val_b26ba07a-f781b661.jpg,0.429,1,0.557,0.736,0.018,10
bdd100k,bdd100k_val_b26cfcdc-2e290c42.jpg,0.303,0.778,0.61,0.666,0.083,8
bdd100k,bdd100k_val_b26cfcdc-7b00747d.jpg,0.39,0.583,0.338,0.788,0.002,3
bdd100k,bdd100k_val_b26cfcdc-eb092da8.jpg,0.4,0.504,0.476,0.698,0.034,7
bdd100k,bdd100k_val_b26dddb5-28e4a05f.jpg,0.25,0.362,0.498,0.836,0,1
bdd100k,bdd100k_val_b27098c3-915a9986.jpg,0.157,0.462,0.356,0.871,0,6
bdd100k,bdd100k_val_b2714f5d-07bf604c.jpg,0.185,1,0.753,0.633,0.016,5
bdd100k,bdd100k_val_b2714f5d-5bc98e55.jpg,0.391,0.447,0.407,0.818,0.001,1
bdd100k,bdd100k_val_b27369f3-9b9598f4.jpg,0.316,0.528,0.284,0.654,0.001,2
bdd100k,bdd100k_val_b275c028-6a0665cb.jpg,0.302,1,0.544,0.659,0.072,9
bdd100k,bdd100k_val_b27688b6-1af27060.jpg,0.089,1,0.673,0.84,0.095,2
bdd100k,bdd100k_val_b2794401-ba7d3c05.jpg,0.137,0.983,0.581,0.707,0.047,4
bdd100k,bdd100k_val_b279bc06-4fa57251.jpg,0.948,0.653,0.341,0.76,0.044,3
bdd100k,bdd100k_val_b27b0cd9-f184d9a3.jpg,0.43,0.592,0.478,0.709,0.023,4
bdd100k,bdd100k_val_b27d5dcb-856c0b43.jpg,0.285,0.415,0.559,0.671,0.066,3
bdd100k,bdd100k_val_b284c0e8-85fbc42a.jpg,0.471,0.675,0.662,0.678,0.08,10
bdd100k,bdd100k_val_b285698b-ff1293ce.jpg,0.31,1,0.604,0.692,0.003,13
bdd100k,bdd100k_val_b2860d72-0b43e851.jpg,0.506,0.958,0.637,0.713,0.035,4
bdd100k,bdd100k_val_b289f2e8-cec8700d.jpg,0.722,0.87,0.841,0.693,0.005,7
bdd100k,bdd100k_val_b28aac6c-9f1b99cb.jpg,0.252,1,0.785,0.694,0.131,7
bdd100k,bdd100k_val_b28ec521-69495052.jpg,0.693,1,0.811,0.749,0.025,13
bdd100k,bdd100k_val_b28ec521-834a964c.jpg,0.393,0.766,0.32,0.938,0.009,2
bdd100k,bdd100k_val_b28f288b-784f7606.jpg,0.312,0.371,0.361,0.727,0.006,9
bdd100k,bdd100k_val_b291cfd6-a46efbcc.jpg,0.793,0.355,0.428,0.808,0.001,1
bdd100k,bdd100k_val_b291cfd6-a6275049.jpg,0.569,0.748,0.51,0.658,0.03,13
bdd100k,bdd100k_val_b2932832-a2c8f6ef.jpg,0.352,0.799,0.592,0.721,0.012,8
bdd100k,bdd100k_val_b29377e0-83e8340a.jpg,0.725,0.995,0.768,0.715,0.009,6
bdd100k,bdd100k_val_b2965b06-88a1da19.jpg,0.495,1,0.886,0.613,0.016,7
bdd100k,bdd100k_val_b29f7159-219cf764.jpg,0.194,0.486,0.449,0.778,0.174,2
bdd100k,bdd100k_val_b2a0dbe8-85f1894e.jpg,0.266,1,0.509,0.692,0.031,5
bdd100k,bdd100k_val_b2a1e013-638d6e4d.jpg,0.364,0.569,0.426,0.665,0.033,7
bdd100k,bdd100k_val_b2a1e172-a969db88.jpg,0.176,1,0.529,0.704,0.043,4
bdd100k,bdd100k_val_b2a46c1e-87aac2ec.jpg,0.667,0.528,0.422,0.735,0.003,5
bdd100k,bdd100k_val_b2a4738f-1c4a1373.jpg,0.226,1,0.496,0.798,0,5
bdd100k,bdd100k_val_b2a4bc4d-6f7c1727.jpg,0.857,1,0.338,0.94,0,1
bdd100k,bdd100k_val_b2a60634-0817a6eb.jpg,0.167,0.644,0.353,1,0.004,3
bdd100k,bdd100k_val_b2a60634-40847419.jpg,0.485,1,0.882,0.826,0.002,2
bdd100k,bdd100k_val_b2a8e8b4-50058f09.jpg,0.783,0.897,0,0.728,NA,2
bdd100k,bdd100k_val_b2ae0446-4b0bfda7.jpg,0.327,0.9,0.711,0.735,0.136,3
bdd100k,bdd100k_val_b2b2f563-ec318c61.jpg,0.607,0.529,0.489,0.789,0,3
bdd100k,bdd100k_val_b2b32394-e46669cb.jpg,0.415,0.593,0.754,0.854,0.01,4
bdd100k,bdd100k_val_b2b74321-f6578001.jpg,0.015,0.571,0.731,1,0.001,3
bdd100k,bdd100k_val_b2be7200-b6f7fe0a.jpg,0.316,0.364,0.337,0.815,0.001,3
bdd100k,bdd100k_val_b2bee3e1-80c787bd.jpg,0.9,0.943,0.659,0.595,0.002,5
bdd100k,bdd100k_val_b2bee3e1-915eb541.jpg,0.68,0.491,0.513,0.696,0.008,5
bdd100k,bdd100k_val_b2c0e5c1-9666ba7e.jpg,0.75,0.198,0.02,0.968,0.001,1
bdd100k,bdd100k_val_b2c2f563-02143de0.jpg,0.738,0.469,0.337,0.684,0.043,14
bdd100k,bdd100k_val_b2c542e3-02f579a6.jpg,0.405,0.439,0.48,0.748,0.014,12
bdd100k,bdd100k_val_b2c7d048-fdd059eb.jpg,0.169,1,0.607,0.753,0.002,4
bdd100k,bdd100k_val_b2cbf6d8-732b47be.jpg,0.224,0.336,0.455,0.83,0,2
bdd100k,bdd100k_val_b2cf78ec-6043f571.jpg,0.147,1,0.83,0.923,0.027,3
bdd100k,bdd100k_val_b2da7e9c-6fe28d5e.jpg,0.745,0.391,0.384,0.797,0,3
bdd100k,bdd100k_val_b2de6f59-9f74dea1.jpg,0.761,0.684,0.852,0.647,0.057,3
bdd100k,bdd100k_val_b2e2f4ed-6ba045d0.jpg,0.273,1,0.775,0.603,0.001,6
bdd100k,bdd100k_val_b2e54795-0dc285dd.jpg,0.586,0.431,0.486,0.796,0.019,4
bdd100k,bdd100k_val_b2e54795-6d4ef5f9.jpg,0.818,0.688,0.449,0.857,0,1
bdd100k,bdd100k_val_b2e73518-547798ef.jpg,0.157,0.396,0.502,0.836,0,1
bdd100k,bdd100k_val_b2e96aa8-3624f23d.jpg,0.682,0.378,0.698,0.715,0.143,6
bdd100k,bdd100k_val_b2ec68ce-d345784e.jpg,0.484,1,0.645,0.772,0.003,7
bdd100k,bdd100k_val_b2f48fc3-eda0e217.jpg,0.645,0.882,0.471,0.689,0.002,7
bdd100k,bdd100k_val_b2f4a409-36a7d7c9.jpg,0.1,0.497,0.645,NA,0.026,2
bdd100k,bdd100k_val_b2f4a409-5ddff11a.jpg,0.309,1,0.549,0.748,0.047,4
bdd100k,bdd100k_val_b2f68bad-aa8f35d1.jpg,0.094,0.245,0.506,0.986,0.003,2
bdd100k,bdd100k_val_b2fc6d24-0af7cdca.jpg,0.304,0.747,0.222,0.664,0.002,4
bdd100k,bdd100k_val_b2fc7cb5-1635d64b.jpg,0.406,1,0.737,0.733,0.007,7
bdd100k,bdd100k_val_b3060c96-d2391b61.jpg,0.573,0.438,0.4,0.745,0.001,4
bdd100k,bdd100k_val_b306fb3f-f02e46cc.jpg,0.402,0.87,0.612,0.766,0,5
bdd100k,bdd100k_val_b30b460d-0e26bd8a.jpg,0.144,0.549,0.417,0.682,0.018,9
bdd100k,bdd100k_val_b30b460d-7a788684.jpg,0.053,0.432,0.595,1,0.004,5
bdd100k,bdd100k_val_b30ba07c-6692a0e3.jpg,0.112,0.972,0.72,0.962,0.136,3
bdd100k,bdd100k_val_b3110036-a32dc26e.jpg,0.53,0.588,0.567,0.669,0,5
bdd100k,bdd100k_val_b3121071-461523a5.jpg,0.222,0.854,0.635,0.853,0.002,4
bdd100k,bdd100k_val_b3121071-afc8cca5.jpg,0.353,0.237,0.059,1,0,2
bdd100k,bdd100k_val_b312dcb5-3c956847.jpg,0.25,1,0.528,0.752,0.001,4
bdd100k,bdd100k_val_b312dcb5-82c0d608.jpg,0.442,1,0.813,0.622,0.109,8
bdd100k,bdd100k_val_b312dcb5-fbd7070b.jpg,0.24,0.733,0.577,0.747,0,1
bdd100k,bdd100k_val_b3154d05-8bc595ba.jpg,0.652,0.627,0.682,0.68,0.129,11
bdd100k,bdd100k_val_b3158519-23c9c58d.jpg,0.167,0.954,0.612,0.867,0.002,2
bdd100k,bdd100k_val_b3158519-6afea489.jpg,0.144,1,0.389,0.692,0.051,4
bdd100k,bdd100k_val_b3159650-1ba75f9b.jpg,0.286,0.013,0,0.964,0,2
bdd100k,bdd100k_val_b319b67e-b43ffc33.jpg,0.195,0.266,0.408,0.697,0.132,4
bdd100k,bdd100k_val_b322412a-58073611.jpg,0.611,0.637,0.794,0.785,0,3
bdd100k,bdd100k_val_b325fe35-b59e4e91.jpg,0.239,0.601,0.785,0.713,0.084,8
bdd100k,bdd100k_val_b32661a1-57c937fe.jpg,0.638,1,0.718,0.683,0.007,6
bdd100k,bdd100k_val_b329fe7d-f06455d3.jpg,0.255,1,0.815,0.612,0.269,9
bdd100k,bdd100k_val_b32a9f8b-2b3d9894.jpg,0.587,0.902,0.624,0.732,0.037,9
bdd100k,bdd100k_val_b331b06b-83fd459b.jpg,0.408,0.131,0.222,0.714,0.003,3
bdd100k,bdd100k_val_b3329255-4a5988f8.jpg,0.206,0.129,0.42,0.854,0,1
bdd100k,bdd100k_val_b3329255-76b9bb88.jpg,1,0.274,0.297,0.849,0.001,1
bdd100k,bdd100k_val_b332df78-970364e2.jpg,0.154,1,0.627,0.597,0.144,4
bdd100k,bdd100k_val_b332df78-d6228140.jpg,0.237,0.622,0.586,0.79,0.001,5
bdd100k,bdd100k_val_b332df78-d6c7dff7.jpg,0.175,1,0.874,0.881,0,3
bdd100k,bdd100k_val_b334b56d-b82e26b5.jpg,0.106,0.802,0.469,0.746,0.001,3
bdd100k,bdd100k_val_b3363496-9d8e32e7.jpg,0.488,0.765,0.624,0.682,0.121,3
bdd100k,bdd100k_val_b336bdb9-ed5d2cc3.jpg,0.207,0.433,0.528,0.725,0.102,12
bdd100k,bdd100k_val_b3378e5e-b7593301.jpg,0.505,0.794,0.692,0.648,0.121,8
bdd100k,bdd100k_val_b3378e5e-e0df1ef5.jpg,0.222,0.286,0.302,0.698,0,1
bdd100k,bdd100k_val_b3386c15-1c922cea.jpg,0.432,1,0.882,0.705,0.002,7
bdd100k,bdd100k_val_b338efff-595690ba.jpg,0.402,1,0.644,0.733,0.009,13
bdd100k,bdd100k_val_b33a7e88-bc0eabcf.jpg,0.216,1,0.757,0.72,0.006,5
bdd100k,bdd100k_val_b33ced12-423ec0dc.jpg,0.347,0.543,0.238,0.697,0.111,5
bdd100k,bdd100k_val_b3422c91-f0c36ed7.jpg,0.402,1,0.789,0.653,0.152,7
bdd100k,bdd100k_val_b3450498-dbbb787e.jpg,0.876,0.729,0.761,0.812,0.001,4
bdd100k,bdd100k_val_b3456910-cf5fb475.jpg,0.653,1,0.501,0.76,0.181,3
bdd100k,bdd100k_val_b3488ceb-84e6ade1.jpg,0.308,0.818,0.8,0.856,0.001,3
bdd100k,bdd100k_val_b34b1b88-0f326921.jpg,0.301,1,0.847,0.736,0.001,5
bdd100k,bdd100k_val_b350afdd-9c872c22.jpg,0.439,1,0.826,0.634,0.06,3
bdd100k,bdd100k_val_b355880f-7cb7ed1e.jpg,0.1,1,0.259,0.639,0,2
bdd100k,bdd100k_val_b35cfd7c-2d625033.jpg,0.147,0.523,0.467,0.669,0.087,3
bdd100k,bdd100k_val_b362130a-d4f3a32a.jpg,0.353,1,0.698,0.704,0.012,4
bdd100k,bdd100k_val_b3683422-cce330a8.jpg,0.515,1,0.774,0.673,0.009,8
bdd100k,bdd100k_val_b368ee71-aba6eeef.jpg,1,0.744,0.676,0.848,0.185,1
bdd100k,bdd100k_val_b368ee71-e2f04304.jpg,0.487,0.719,0.527,0.711,0.012,12
bdd100k,bdd100k_val_b36a5c73-7985c3ec.jpg,0.375,0.89,0.22,0.815,0.006,2
bdd100k,bdd100k_val_b36d14ea-eed9255b.jpg,1,0.596,0.213,0.879,0,1
bdd100k,bdd100k_val_b36de7af-ca137216.jpg,0.333,0.176,0,0.872,0.008,1
bdd100k,bdd100k_val_b36e0178-0f46bca5.jpg,0.197,1,0.574,0.632,0.031,4
bdd100k,bdd100k_val_b371451e-7caf934b.jpg,0.176,0.433,0.584,0.781,0.015,7
bdd100k,bdd100k_val_b37693d0-cd9bdf88.jpg,,,,,NA,
bdd100k,bdd100k_val_b3770858-ea33d0dc.jpg,,,,,NA,
bdd100k,bdd100k_val_b378e452-3aa3d11d.jpg,0.48,1,0.868,0.662,0.001,5
bdd100k,bdd100k_val_b37b9cf2-9d52b009.jpg,0.385,0.693,0.583,0.696,0.135,3
bdd100k,bdd100k_val_b37c1ca4-561ffad3.jpg,0.892,0.444,0.449,0.765,0.001,3
bdd100k,bdd100k_val_b37c2955-5f0aef70.jpg,0.489,1,0.751,0.731,0.003,3
bdd100k,bdd100k_val_b37c86c4-53f2f54c.jpg,0.892,0.789,0.691,0.761,0.004,5
bdd100k,bdd100k_val_b37d75bd-e971140f.jpg,0.568,0.654,0.679,0.655,0.194,8
bdd100k,bdd100k_val_b380ae2f-afd868dc.jpg,0.154,0.335,0.235,1,NA,2
bdd100k,bdd100k_val_b3815e24-b9565680.jpg,0.139,1,0.361,0.848,0.054,3
bdd100k,bdd100k_val_b3853f81-272f6c37.jpg,0.534,1,0.803,0.667,0.04,6
bdd100k,bdd100k_val_b38580a1-f26eb052.jpg,0.729,0.723,0.674,0.657,0.079,10
bdd100k,bdd100k_val_b3967d1b-0088ba4e.jpg,0.364,0.223,0.147,0.681,0.062,4
bdd100k,bdd100k_val_b398327e-08f3a1f2.jpg,0.088,0.916,0.579,0.869,0.118,2
bdd100k,bdd100k_val_b3990aa9-4fb64582.jpg,0.368,0.53,0.633,0.64,0.026,3
bdd100k,bdd100k_val_b39fe3cd-29b2a728.jpg,0.424,1,0.756,0.697,0,3
bdd100k,bdd100k_val_b39fe3cd-d5fb9508.jpg,0.464,0.533,0.494,0.752,0,3
bdd100k,bdd100k_val_b39ffdda-eec0cc38.jpg,0.449,0.385,0.556,0.689,0.01,9
bdd100k,bdd100k_val_b3a102ed-6ef54f5e.jpg,0.559,1,0.711,0.848,0,5
bdd100k,bdd100k_val_b3a1e72b-f46924ca.jpg,0.314,0.961,0.732,0.739,0.045,9
bdd100k,bdd100k_val_b3a1e72b-f9a8ed50.jpg,0.358,1,0.715,0.574,0,4
bdd100k,bdd100k_val_b3a3d166-3a6a258d.jpg,0.391,0.257,0.417,0.781,0.022,3
bdd100k,bdd100k_val_b3a6f586-21d97cce.jpg,0.586,1,0.867,0.736,0.005,9
bdd100k,bdd100k_val_b3a6f586-3ea7e1ad.jpg,0.446,0.778,0.485,0.719,0.008,4
bdd100k,bdd100k_val_b3a84a0f-0fb529e1.jpg,0.121,0.837,0.527,1,0,1
bdd100k,bdd100k_val_b3a84a0f-61844c69.jpg,,,,,NA,
bdd100k,bdd100k_val_b3a87019-ba714074.jpg,0.286,0.317,0.33,0.694,0.001,2
bdd100k,bdd100k_val_b3a9281a-75473a1b.jpg,0.58,0.843,0.474,0.753,0.009,3
bdd100k,bdd100k_val_b3aacff1-967c15c1.jpg,0.655,0.316,0.591,0.657,0.01,9
bdd100k,bdd100k_val_b3b0f7f7-c97288ca.jpg,0.647,0.662,0.491,0.632,0.005,12
bdd100k,bdd100k_val_b3b2ffbe-cd80cda8.jpg,0.217,0.607,0.443,0.658,0,2
bdd100k,bdd100k_val_b3b44b49-7336e3ee.jpg,0.355,0.571,0.322,0.873,0.001,3
bdd100k,bdd100k_val_b3b4c0fe-2683b31e.jpg,0.415,0.409,0.551,0.777,0.012,5
bdd100k,bdd100k_val_b3b8fce6-c67646a7.jpg,0.381,0.958,0.846,0.651,0.102,9
bdd100k,bdd100k_val_b3b94eea-b06bca81.jpg,0.118,0.216,0.18,0.98,0.065,2
bdd100k,bdd100k_val_b3c26aff-417063a0.jpg,0.39,1,0.659,0.675,0.004,6
bdd100k,bdd100k_val_b3c4e98b-da58e181.jpg,0.368,1,0.864,0.797,0.008,4
bdd100k,bdd100k_val_b3c939e3-61fb6427.jpg,0.385,0.676,0.75,0.696,0.001,5
bdd100k,bdd100k_val_b3cc736f-03134262.jpg,0.315,1,0.85,0.747,0.001,7
bdd100k,bdd100k_val_b3cc736f-7a7794c0.jpg,0.385,0.957,0.754,0.741,0,2
bdd100k,bdd100k_val_b3cc736f-b7a66149.jpg,0.436,0.595,0.737,0.689,0.148,4
bdd100k,bdd100k_val_b3cd4bfe-93377084.jpg,0.535,0.73,0.662,0.677,0.003,8
bdd100k,bdd100k_val_b3d264b3-fbaef5ac.jpg,0.333,0.617,0.71,0.719,0,5
bdd100k,bdd100k_val_b3d6c39a-0a14df0d.jpg,0.5,0.784,0.628,0.827,0.001,4
bdd100k,bdd100k_val_b3db60f1-533170c9.jpg,0.514,1,0.429,0.832,0,2
bdd100k,bdd100k_val_b3dfa1f5-9f4eded2.jpg,0.577,0.754,0.515,0.802,0,1
bdd100k,bdd100k_val_b3e08585-3f5e6565.jpg,0.027,1,0.811,1,0,2
bdd100k,bdd100k_val_b3e72283-d9fc39b0.jpg,0.565,1,0.789,0.67,0,4
bdd100k,bdd100k_val_b3e7bfdb-0ce50151.jpg,0.105,0.328,0.779,1,0,1
bdd100k,bdd100k_val_b3e921ad-1fc43094.jpg,,,,,NA,
bdd100k,bdd100k_val_b3ea802a-8830eb32.jpg,0.32,0.247,0.562,0.887,0,1
bdd100k,bdd100k_val_b3ea802a-c689de9a.jpg,0.486,0.439,0.607,0.711,0.081,4
bdd100k,bdd100k_val_b3ec8e38-41c64395.jpg,0.286,1,0.773,0.743,0.001,6
bdd100k,bdd100k_val_b3ef316c-2906f850.jpg,0.549,0.745,0.705,0.774,0.009,4
bdd100k,bdd100k_val_b3f0cdab-6712e58f.jpg,0.383,0.43,0.078,0.675,0.014,4
bdd100k,bdd100k_val_b3f3c908-baffb699.jpg,0.452,0.593,0.734,0.786,0.003,5
bdd100k,bdd100k_val_b3f603f2-4a80d188.jpg,0.476,1,0.828,0.691,0.242,2
bdd100k,bdd100k_val_b40476bc-1397121a.jpg,0.302,0.916,0.461,0.804,0.017,5
bdd100k,bdd100k_val_b4065fc4-ede06556.jpg,0.239,0.63,0.593,0.652,0.105,9
bdd100k,bdd100k_val_b409ed8a-da6926db.jpg,0.359,0.564,0.557,0.658,0.036,15
bdd100k,bdd100k_val_b4115405-2f28f75a.jpg,0.792,0.369,0.455,0.671,0.181,6
bdd100k,bdd100k_val_b415cc29-7371aa85.jpg,0.278,1,0.735,0.741,0.002,8
bdd100k,bdd100k_val_b417ddcd-b1a6dfc8.jpg,1,0.688,0.517,0.747,0,2
bdd100k,bdd100k_val_b41ace08-8b937256.jpg,0.722,0.762,0.784,0.657,0.011,14
bdd100k,bdd100k_val_b4201bd2-75c1998d.jpg,0.083,1,0.602,1,0,1
bdd100k,bdd100k_val_b422ec08-236606a0.jpg,0.611,0.464,0.533,0.65,0.155,7
bdd100k,bdd100k_val_b4253988-26b49c14.jpg,0.578,1,0.737,0.714,0.001,7
bdd100k,bdd100k_val_b4259d0f-d93d7a19.jpg,0.59,0.464,0.407,0.678,0.125,10
bdd100k,bdd100k_val_b42df626-73f78ba9.jpg,0.336,0.42,0.417,0.667,0.166,3
bdd100k,bdd100k_val_b42e6271-4bce300c.jpg,0.379,0.971,0.562,0.745,0.019,5
bdd100k,bdd100k_val_b4301c7b-735da0d0.jpg,0.73,0.633,0.49,0.757,0.006,6
bdd100k,bdd100k_val_b433534e-ff3646aa.jpg,0.535,0.554,0.486,0.672,0.001,3
bdd100k,bdd100k_val_b4340944-5f7048d1.jpg,0.208,0.484,0.368,0.861,0.001,4
bdd100k,bdd100k_val_b439c4fe-5064fe59.jpg,0.667,0.323,0.352,0.73,0.001,5
bdd100k,bdd100k_val_b442c34a-6fe5cbba.jpg,0.707,0.506,0.532,0.615,0.001,7
bdd100k,bdd100k_val_b4466011-05cbc315.jpg,0.472,0.533,0.447,0.66,0.015,9
bdd100k,bdd100k_val_b4475526-2f0bca11.jpg,0.546,0.353,0.485,0.782,0.027,4
bdd100k,bdd100k_val_b4478c66-0103c647.jpg,0.412,0.216,0.401,0.809,0.001,4
bdd100k,bdd100k_val_b447a3cf-10656b18.jpg,0.209,1,0.54,0.786,0.063,6
bdd100k,bdd100k_val_b44a71bf-4d366798.jpg,0.369,1,0.6,0.666,0.093,5
bdd100k,bdd100k_val_b44a7e5f-1db66cfe.jpg,0.236,1,0.617,0.71,0,3
bdd100k,bdd100k_val_b44a7e5f-30a49487.jpg,0.018,1,0.783,NA,0,3
bdd100k,bdd100k_val_b44ee0ec-a0786e4c.jpg,,,,,NA,
bdd100k,bdd100k_val_b451b495-bb458d47.jpg,0.395,0.558,0.579,0.731,0.081,5
bdd100k,bdd100k_val_b4543c78-db967acc.jpg,0.595,0.399,0.358,0.699,0.09,4
bdd100k,bdd100k_val_b4581cf1-fa4a5f32.jpg,0.656,0.513,0.525,0.637,0.033,8
bdd100k,bdd100k_val_b45928e6-f07ac4c9.jpg,0.56,0.111,0.194,0.831,0.001,2
bdd100k,bdd100k_val_b4599acc-dd9c9177.jpg,0.075,1,0.53,0.878,0.001,3
bdd100k,bdd100k_val_b459e707-2d208c56.jpg,0.504,0.588,0.644,0.814,0.027,4
bdd100k,bdd100k_val_b45a63ea-fb379a2d.jpg,0.083,1,0.833,0.64,0.026,4
bdd100k,bdd100k_val_b45f01c5-85bc12e8.jpg,0.301,0.551,0.228,0.706,0.256,5
bdd100k,bdd100k_val_b45f2c17-2cae6d9f.jpg,0.12,0.615,0.423,1,0,1
bdd100k,bdd100k_val_b46009c2-9334336d.jpg,0.265,1,0.643,0.624,0.014,12
bdd100k,bdd100k_val_b4607812-225d9a01.jpg,0.514,1,0.698,0.808,0,4
bdd100k,bdd100k_val_b4626a3d-9361e0fd.jpg,0.203,0.859,0.571,0.635,0.003,9
bdd100k,bdd100k_val_b462d8a3-a32ccc75.jpg,0.637,0.42,0.347,0.699,0.04,9
bdd100k,bdd100k_val_b46478b0-1eb55806.jpg,0.337,0.352,0.263,0.681,0.001,12
bdd100k,bdd100k_val_b4654b11-fc1af85a.jpg,0.525,0.279,0.657,0.606,0.047,7
bdd100k,bdd100k_val_b46a845f-8867c137.jpg,0.75,0.512,0.628,0.71,0.106,4
bdd100k,bdd100k_val_b46d2f57-0fb71a0d.jpg,0.167,0.727,0.195,0.814,0,4
bdd100k,bdd100k_val_b46efeed-a398b08d.jpg,0.292,0.791,0.711,0.64,0,5
bdd100k,bdd100k_val_b47262a4-3c664e48.jpg,0.118,1,0.495,1,0.001,3
bdd100k,bdd100k_val_b473c3c3-f52b760e.jpg,0.641,0.411,0.652,0.694,0,1
bdd100k,bdd100k_val_b478cdd5-9cf96449.jpg,,,,,NA,
bdd100k,bdd100k_val_b479f06d-2cc86910.jpg,0.404,0.505,0.416,0.799,0.003,5
bdd100k,bdd100k_val_b479f06d-83153737.jpg,0.475,0.893,0.603,0.669,0.02,4
bdd100k,bdd100k_val_b48012c1-619fc3eb.jpg,0.364,0.822,0.742,0.695,0.078,8
bdd100k,bdd100k_val_b484aa6b-23bfffa8.jpg,0.398,0.779,0.601,0.679,0.004,7
bdd100k,bdd100k_val_b4863201-63b08472.jpg,0.138,0.233,0.535,1,0.001,1
bdd100k,bdd100k_val_b487a2fa-0821d7a6.jpg,0.489,1,0.731,0.774,0.072,6
bdd100k,bdd100k_val_b48c7b5f-76b4418e.jpg,0.734,0.583,0.492,0.681,0.031,9
bdd100k,bdd100k_val_b48c7b5f-800d31b4.jpg,0.5,0.435,0.45,0.67,0.001,5
bdd100k,bdd100k_val_b48c7b5f-ae58463a.jpg,0.362,1,0.523,0.742,0,4
bdd100k,bdd100k_val_b48c7b5f-cec3fed8.jpg,0.455,0.477,0.309,0.805,0.001,4
bdd100k,bdd100k_val_b48ca7aa-40d54a99.jpg,0.09,0.913,0.525,0.913,0.029,2
bdd100k,bdd100k_val_b48dd7b4-9cc0d29a.jpg,0.241,1,0.808,0.606,0.042,5
bdd100k,bdd100k_val_b48eb8a9-6e9beea8.jpg,0.644,0.279,0.22,0.707,0.003,10
bdd100k,bdd100k_val_b48f3f71-eec18320.jpg,0.32,1,0.535,0.674,0.074,3
bdd100k,bdd100k_val_b48fc70b-b1a801f2.jpg,0.229,0.239,0.365,0.694,0.001,5
bdd100k,bdd100k_val_b4946e87-165efbb5.jpg,0.364,0.001,0,0.675,0.085,1
bdd100k,bdd100k_val_b4946e87-e2fe2819.jpg,0.1,0.94,0.515,0.801,0.001,4
bdd100k,bdd100k_val_b49698d7-1999d598.jpg,0.537,0.283,0.35,0.697,0.001,5
bdd100k,bdd100k_val_b499ff48-31afe322.jpg,0.337,1,0.63,0.654,0.016,11
bdd100k,bdd100k_val_b49a272b-c52895c3.jpg,0.238,0.175,0.01,0.823,0.044,1
bdd100k,bdd100k_val_b49d6c0d-457e13b3.jpg,0.674,0.708,0.663,0.769,0.006,10
bdd100k,bdd100k_val_b4a63a7e-74155969.jpg,,,,,NA,
bdd100k,bdd100k_val_b4a8ec73-22166ba3.jpg,0.4,0.299,0.32,0.762,0.001,4
bdd100k,bdd100k_val_b4a8ec73-4a6c61c7.jpg,1,0.482,0.404,0.813,0.001,3
bdd100k,bdd100k_val_b4a8ec73-893c4da4.jpg,0.377,0.545,0.232,0.764,0.016,10
bdd100k,bdd100k_val_b4a99fcc-a81c5051.jpg,0.526,0.677,0.506,0.775,0.012,11
bdd100k,bdd100k_val_b4a99fcc-e26717df.jpg,0.311,0.808,0.666,0.758,0.002,6
bdd100k,bdd100k_val_b4aefa17-2444bcc7.jpg,0.638,1,0.638,0.76,0.004,11
bdd100k,bdd100k_val_b4aefa17-a90ffac2.jpg,0.296,0.263,0.419,0.755,0,4
bdd100k,bdd100k_val_b4b07c88-3e6d65a0.jpg,0.151,0.553,0.568,0.681,0.004,5
bdd100k,bdd100k_val_b4b394c2-e2f83664.jpg,0.182,1,0.607,1,0.04,1
bdd100k,bdd100k_val_b4b581ea-93722c60.jpg,0.406,0.291,0.175,0.814,0.039,3
bdd100k,bdd100k_val_b4b7133e-5672ca28.jpg,0.568,0.394,0.468,0.741,0.001,7
bdd100k,bdd100k_val_b4ba0552-53249a02.jpg,0.497,0.823,0.794,0.838,0,4
bdd100k,bdd100k_val_b4c0a877-dff9f7bb.jpg,0.15,1,0.709,0.535,0.004,3
bdd100k,bdd100k_val_b4c195ae-4dfb18d9.jpg,0.4,0.78,0.891,0.7,0.18,4
bdd100k,bdd100k_val_b4c29ddd-808b41d7.jpg,0.098,1,0.687,0.783,0.001,4
bdd100k,bdd100k_val_b4c755fa-1ce17fa3.jpg,0.481,1,0.572,0.816,0,5
bdd100k,bdd100k_val_b4c86653-d9ba99f4.jpg,0.737,0.327,0.44,0.729,0.022,2
bdd100k,bdd100k_val_b4d18d1a-b72bb7eb.jpg,0.553,0.542,0.705,0.694,0.091,8
bdd100k,bdd100k_val_b4d2dede-0f9169f5.jpg,0.111,1,0.593,0.716,0.054,10
bdd100k,bdd100k_val_b4d2dede-18dc0cd0.jpg,0.425,1,0.511,0.79,0.028,3
bdd100k,bdd100k_val_b4d2dede-9b67d0bd.jpg,0.269,1,0.57,0.671,0.001,4
bdd100k,bdd100k_val_b4dff9f4-bcac8fae.jpg,0.656,0.833,0.691,0.629,0.002,6
bdd100k,bdd100k_val_b4e3816e-2319f39e.jpg,0.515,1,0.722,0.726,0.025,5
bdd100k,bdd100k_val_b4e97132-0dbc3f9f.jpg,0.275,1,0.666,0.674,0.001,6
bdd100k,bdd100k_val_b4eac100-0eaffca3.jpg,0.273,1,0.76,0.518,0,3
bdd100k,bdd100k_val_b4eb79bd-6ab32eb7.jpg,0.304,1,0.745,0.728,0.013,2
bdd100k,bdd100k_val_b4ee5320-cb16ec42.jpg,0.158,0.64,0.706,0.688,0.176,3
bdd100k,bdd100k_val_b4ef573f-5122732a.jpg,0.368,0.505,0.401,0.705,0.001,7
bdd100k,bdd100k_val_b4f4bd95-a097514a.jpg,0.372,1,0.789,0.674,0.002,4
bdd100k,bdd100k_val_b4f4e648-58e39e89.jpg,0.429,0.435,0.427,0.696,0.117,6
bdd100k,bdd100k_val_b4f542b3-534c29f9.jpg,0.551,0.391,0.278,0.792,0.001,3
bdd100k,bdd100k_val_b4f9084d-207afc6e.jpg,0.444,1,0.771,0.748,0.002,6
bdd100k,bdd100k_val_b4f9084d-7cc2f042.jpg,0.241,1,0.737,0.64,0.001,8
bdd100k,bdd100k_val_b4f9f50c-35823e7c.jpg,,,,,NA,
bdd100k,bdd100k_val_b4ff6bda-27a63ee8.jpg,0.259,0.678,0.599,0.706,0.019,9
bdd100k,bdd100k_val_b5022e95-a691dc1c.jpg,0.82,0.765,0.536,0.727,0.001,6
bdd100k,bdd100k_val_b5046f1e-7b9d98d0.jpg,0.233,1,0.721,0.75,0.012,10
bdd100k,bdd100k_val_b5046f1e-99be1b00.jpg,0.614,0.585,0.436,0.704,0.047,8
bdd100k,bdd100k_val_b5047c50-e1facff6.jpg,0.538,0.976,0.098,0.554,0.001,3
bdd100k,bdd100k_val_b50cb586-d808d404.jpg,0.618,0.554,0.269,0.694,0.038,11
bdd100k,bdd100k_val_b50e6154-4aace8a1.jpg,0.468,0.539,0.622,0.729,0.068,7
bdd100k,bdd100k_val_b50ff9e2-ebb775d4.jpg,0.977,0.352,0.194,0.83,0,4
bdd100k,bdd100k_val_b5110041-5e70bd90.jpg,0.416,1,0.712,0.725,0,6
bdd100k,bdd100k_val_b517726f-0cd9b6ae.jpg,,,,,NA,
bdd100k,bdd100k_val_b5191523-cc623777.jpg,0.233,1,0.636,0.71,0.036,9
bdd100k,bdd100k_val_b5191523-f5721cd1.jpg,0.094,0.457,0.427,0.694,0.007,3
bdd100k,bdd100k_val_b51aa35f-0b962e5d.jpg,0.188,0.573,0.495,0.892,0.066,4
bdd100k,bdd100k_val_b51daa04-f4e62d2f.jpg,0.337,1,0.894,0.69,0,6
bdd100k,bdd100k_val_b51dfd71-9599e952.jpg,0.357,1,0.782,0.954,0,1
bdd100k,bdd100k_val_b5261cec-aac2f91a.jpg,0.512,0.477,0.43,0.783,0.001,6
bdd100k,bdd100k_val_b52949cd-2439cac6.jpg,0.265,1,0.618,0.799,0.005,5
bdd100k,bdd100k_val_b5296e2a-25ab57d6.jpg,0.381,0.467,0.669,0.701,0.205,8
bdd100k,bdd100k_val_b5296e2a-fde16219.jpg,0.364,0.372,0.509,0.646,0.058,7
bdd100k,bdd100k_val_b52e49e5-d1e36124.jpg,0.234,0.278,0.653,0.584,0.164,7
bdd100k,bdd100k_val_b52f1b58-e49099e8.jpg,1,0.606,0.38,0.646,0,3
bdd100k,bdd100k_val_b533db8e-7e5a6abb.jpg,0.506,1,0.726,0.621,0.002,3
bdd100k,bdd100k_val_b534864a-d2eb867c.jpg,0.321,0.454,0.429,0.785,0.001,5
bdd100k,bdd100k_val_b5380a66-f8c670ed.jpg,0.754,1,0.767,0.718,0.008,7
bdd100k,bdd100k_val_b54578dc-95b41097.jpg,0.208,1,0.691,0.838,0.001,3
bdd100k,bdd100k_val_b5460637-3b501a2e.jpg,0.265,0.018,0.081,0.591,0.132,1
bdd100k,bdd100k_val_b5465c6e-45c537f7.jpg,0.263,1,0.734,0.67,0.106,10
bdd100k,bdd100k_val_b5465c6e-5bed4504.jpg,0.31,0.436,0.301,0.76,0.08,4
bdd100k,bdd100k_val_b5465c6e-ec871ec7.jpg,0.297,1,0.74,0.794,0.062,2
bdd100k,bdd100k_val_b5465c6e-fe04d577.jpg,0.533,0.708,0.783,0.735,0.001,3
bdd100k,bdd100k_val_b54735e3-4c968f67.jpg,0.191,1,0.808,1,0.001,3
bdd100k,bdd100k_val_b54735e3-65f77c99.jpg,0.859,0.77,0.603,0.734,0.005,10
bdd100k,bdd100k_val_b5478d5c-290f5e15.jpg,0.56,0.461,0.435,0.754,0.001,7
bdd100k,bdd100k_val_b5478d5c-e846649e.jpg,0.5,0.524,0.276,0.686,0.052,6
bdd100k,bdd100k_val_b54a8089-d1989d8f.jpg,,,,,NA,
bdd100k,bdd100k_val_b555790d-59bad5ab.jpg,0.544,0.475,0.525,0.714,0.005,8
bdd100k,bdd100k_val_b555790d-d715196b.jpg,1,0.839,0.669,1,0.001,1
bdd100k,bdd100k_val_b55bd14f-50306d5f.jpg,0.355,0.309,0.479,0.721,0.025,6
bdd100k,bdd100k_val_b55c17aa-3a1df47a.jpg,0.389,0.994,0.76,0.728,0.384,9
bdd100k,bdd100k_val_b55c17aa-b31ce64a.jpg,0.266,1,0.86,0.909,0.001,5
bdd100k,bdd100k_val_b565d4cc-2e6cb390.jpg,0.471,0.486,0.774,0.709,0.014,6
bdd100k,bdd100k_val_b5661732-20179325.jpg,0.605,0.588,0.53,0.799,0.009,11
bdd100k,bdd100k_val_b5661732-3684230b.jpg,0.542,0.68,0.67,0.789,0,6
bdd100k,bdd100k_val_b568371d-1a142858.jpg,0.364,0.993,0.744,0.706,0.093,13
bdd100k,bdd100k_val_b568371d-db4fb582.jpg,0.342,1,0.714,0.725,0.008,10
bdd100k,bdd100k_val_b569029a-37e190cc.jpg,0.35,0.84,0.584,0.678,0.026,9
bdd100k,bdd100k_val_b569f76a-33d451fe.jpg,0.875,0.376,0.357,0.647,0.003,3
bdd100k,bdd100k_val_b56c225e-83596ac0.jpg,0.812,0.467,0.372,0.665,0,3
bdd100k,bdd100k_val_b56edcfa-49d5dd9e.jpg,0.372,1,0.747,0.782,0.003,7
bdd100k,bdd100k_val_b57077d8-ae0b13ca.jpg,0.991,0.651,0.519,0.732,0.105,3
bdd100k,bdd100k_val_b5767ace-b5db9504.jpg,0.54,0.936,0.74,0.84,0,5
bdd100k,bdd100k_val_b577827c-006a84cc.jpg,0.192,0.279,0.422,0.631,0.005,3
bdd100k,bdd100k_val_b5780de7-94313c5f.jpg,0.509,1,0.737,0.686,0,4
bdd100k,bdd100k_val_b57a2edf-402297bc.jpg,0.194,0.525,0.404,0.732,0.005,6
bdd100k,bdd100k_val_b57b533b-cabdbef5.jpg,0.484,0.577,0.357,0.694,0.028,11
bdd100k,bdd100k_val_b57c8f5a-b427a4b7.jpg,0.282,0.813,0.663,0.724,0.03,2
bdd100k,bdd100k_val_b58436bb-5790dfd3.jpg,0.163,0.574,0.627,0.723,0.02,4
bdd100k,bdd100k_val_b58d74f7-ba3a38d3.jpg,0.51,0.298,0.342,0.654,0,4
bdd100k,bdd100k_val_b59413ff-4e4f3109.jpg,0.255,0.939,0.583,0.856,0.018,3
bdd100k,bdd100k_val_b59413ff-5885b827.jpg,0.18,0.436,0.648,0.693,0.081,6
bdd100k,bdd100k_val_b59413ff-9094612f.jpg,0.447,0.371,0.387,0.77,0.024,4
bdd100k,bdd100k_val_b596ea23-44b2e05a.jpg,0.377,1,0.636,0.765,0,4
bdd100k,bdd100k_val_b59dd81f-b8ebeb56.jpg,0.314,0.645,0.57,0.685,0.092,9
bdd100k,bdd100k_val_b59f6555-a562f4f9.jpg,0.323,1,0.707,0.792,0,4
bdd100k,bdd100k_val_b59fa0de-b520450e.jpg,0.334,1,0.708,0.704,0.034,12
bdd100k,bdd100k_val_b5a09604-69dd5d9f.jpg,0.351,0.741,0.709,0.838,0.003,8
bdd100k,bdd100k_val_b5a09604-d9d9aaa9.jpg,,,,,NA,
bdd100k,bdd100k_val_b5a4b486-35c3edb4.jpg,0.331,0.412,0.581,0.731,0.002,2
bdd100k,bdd100k_val_b5a4b486-dde596cb.jpg,0.619,0.482,0.28,0.744,0.001,7
bdd100k,bdd100k_val_b5a50c2d-0c1d06e0.jpg,0.049,0.967,0.539,1,0.004,3
bdd100k,bdd100k_val_b5a52ea9-2e1f4066.jpg,0.563,0.42,0.433,0.795,0,3
bdd100k,bdd100k_val_b5a72f23-72643897.jpg,0.734,0.834,0.627,0.698,0.001,6
bdd100k,bdd100k_val_b5a8594c-049fa1ef.jpg,0.726,1,0.855,0.61,0.104,6
bdd100k,bdd100k_val_b5aa55af-b01f8749.jpg,0.196,0.426,0.337,0.749,0.001,2
bdd100k,bdd100k_val_b5b02b31-283dcc5c.jpg,0.417,0.84,0.542,0.747,0.001,9
bdd100k,bdd100k_val_b5b17442-df28704b.jpg,0.043,0.212,0,NA,0.001,3
bdd100k,bdd100k_val_b5b2267c-d3a26985.jpg,0.637,0.324,0.744,0.693,0.155,3
bdd100k,bdd100k_val_b5b78553-f3a480a1.jpg,0.5,0.994,0.512,0.783,0,5
bdd100k,bdd100k_val_b5b9915f-71ed958e.jpg,0.082,0.374,0.607,0.883,0,4
bdd100k,bdd100k_val_b5bd628c-d1f3b854.jpg,0.627,1,0.749,0.795,0.015,7
bdd100k,bdd100k_val_b5bf322d-9e707096.jpg,0.349,0.407,0.689,0.81,0.07,5
bdd100k,bdd100k_val_b5bfa85b-f1387252.jpg,,,,,NA,
bdd100k,bdd100k_val_b5ca1339-b9f4a4e0.jpg,0.727,0.527,0.326,0.691,0,1
bdd100k,bdd100k_val_b5cb8753-b8a2ddb5.jpg,0.038,0.702,0.302,1,0.001,4
bdd100k,bdd100k_val_b5cd3939-4a911068.jpg,0.339,1,0.749,0.811,0,4
bdd100k,bdd100k_val_b5cd3939-a7dffd2d.jpg,0.833,0.432,0.403,0.775,0,1
bdd100k,bdd100k_val_b5cf8afa-b54535d2.jpg,0.346,0.485,0.593,0.661,0.014,8
bdd100k,bdd100k_val_b5d4dc8d-f867ef92.jpg,0.587,0.607,0.858,0.673,0.282,4
bdd100k,bdd100k_val_b5d5d39c-73e4471c.jpg,0.492,1,0.859,0.686,0.005,3
bdd100k,bdd100k_val_b5d63e8d-be6df898.jpg,0.112,1,0.635,0.822,0.001,6
bdd100k,bdd100k_val_b5d6e647-0bf0a7e9.jpg,0.31,0.926,0.643,0.76,0.065,5
bdd100k,bdd100k_val_b5d6e647-12d214ab.jpg,0.045,0.614,0.645,1,0.184,2
bdd100k,bdd100k_val_b5d6e647-3760c7b9.jpg,0.151,0.64,0.637,0.805,0.037,7
bdd100k,bdd100k_val_b5d7832a-63caf5b3.jpg,0.202,1,0.759,0.734,0,4
bdd100k,bdd100k_val_b5d8894a-d99dbb00.jpg,0.016,1,0.871,1,0.018,4
bdd100k,bdd100k_val_b5dd20c5-250725fa.jpg,0.188,0.684,0.605,0.809,0.061,4
bdd100k,bdd100k_val_b5dd20c5-4e1112c7.jpg,,,,,NA,
bdd100k,bdd100k_val_b5dd20c5-4f784dcf.jpg,0.093,0.316,0.511,1,0.03,2
bdd100k,bdd100k_val_b5dd8a5f-9e1a2077.jpg,0.446,1,0.909,0.842,0.001,4
bdd100k,bdd100k_val_b5df49b8-73e68ecb.jpg,0.311,0.437,0.477,0.705,0.131,11
bdd100k,bdd100k_val_b5e3d0f7-4ed391cd.jpg,0.1,0.909,0.38,0.921,0.001,3
bdd100k,bdd100k_val_b5ed8eaa-3fb2802d.jpg,,,,,NA,
bdd100k,bdd100k_val_b5f2f881-edaf9a01.jpg,,,,,NA,
bdd100k,bdd100k_val_b5f7a789-6a9ed4ef.jpg,0.466,0.832,0.737,0.733,0.083,8
bdd100k,bdd100k_val_b5f84825-956ae1a6.jpg,0.583,0.703,0.572,0.672,0.006,7
bdd100k,bdd100k_val_b5fc1373-94aaab40.jpg,0.187,1,0.593,0.696,0.001,5
bdd100k,bdd100k_val_b5fd8bf6-fa9be3ca.jpg,0.179,0.523,0.582,0.933,0.001,2
bdd100k,bdd100k_val_b5fe17dd-52352131.jpg,0.992,0.604,0.448,0.676,0.171,3
bdd100k,bdd100k_val_b5ff07b5-b983e1a5.jpg,0.166,0.883,0.754,0.761,0.055,9
bdd100k,bdd100k_val_b605d5d8-a398208d.jpg,0.128,1,0.681,0.833,0,2
bdd100k,bdd100k_val_b605d5d8-d9310a5c.jpg,0.441,0.714,0.485,0.713,0.092,9
bdd100k,bdd100k_val_b605ed2a-06f43bb3.jpg,0.316,0.865,0.753,0.727,0.009,6
bdd100k,bdd100k_val_b60a5583-0fe24e80.jpg,0.774,1,0.746,0.713,0.032,8
bdd100k,bdd100k_val_b60a623a-4df2b0c0.jpg,0.75,1,0.441,0.738,0.002,6
bdd100k,bdd100k_val_b60da546-ee383124.jpg,0.425,1,0.803,0.665,0.001,6
bdd100k,bdd100k_val_b60f1db0-5032d338.jpg,0.256,0.649,0.407,0.655,0.001,3
bdd100k,bdd100k_val_b610204c-e3c8c65f.jpg,0.488,0.868,0.767,0.641,0.26,8
bdd100k,bdd100k_val_b61212a0-3ddd6209.jpg,0.056,0.991,0.707,0.795,0.146,6
bdd100k,bdd100k_val_b61212a0-44b799c0.jpg,0.312,1,0.694,0.729,0.011,6
bdd100k,bdd100k_val_b6123103-45edd1d3.jpg,0.566,0.541,0.677,0.716,0.019,5
bdd100k,bdd100k_val_b612e792-38fc9d6d.jpg,0.292,0.693,0.483,0.754,0.026,5
bdd100k,bdd100k_val_b6149edb-63dcde71.jpg,0.647,0.481,0.636,0.706,0.014,7
bdd100k,bdd100k_val_b6174277-7c80aaa7.jpg,0.194,0.287,0.113,1,0.005,1
bdd100k,bdd100k_val_b61a8404-29009d48.jpg,0.42,0.354,0.521,0.84,0.001,7
bdd100k,bdd100k_val_b61aec41-121a3d3a.jpg,0.125,0.95,0.738,0.736,0.017,3
bdd100k,bdd100k_val_b61d661f-2d7bac86.jpg,0.328,1,0.743,0.724,0,4
bdd100k,bdd100k_val_b61f19ba-ae781838.jpg,0.538,0.516,0.229,0.719,0.003,8
bdd100k,bdd100k_val_b61f7b3d-1e5fa9ff.jpg,0.458,0.559,0.534,0.734,0.054,9
bdd100k,bdd100k_val_b6219281-861a5ba7.jpg,,,,,NA,
bdd100k,bdd100k_val_b6230fb4-02138607.jpg,0.215,0.382,0.516,0.826,0.001,3
bdd100k,bdd100k_val_b6241b17-301c2e2e.jpg,0.433,1,0.57,0.713,0.178,2
bdd100k,bdd100k_val_b62bef56-3f15e2c9.jpg,0.185,0.835,0.568,0.62,0.135,13
bdd100k,bdd100k_val_b62bef56-b08de744.jpg,0.421,1,0.772,0.699,0.003,9
bdd100k,bdd100k_val_b62c825e-75f4cc31.jpg,0.442,1,0.643,0.652,0.008,6
bdd100k,bdd100k_val_b633ed08-08a8b4ce.jpg,,,,,NA,
bdd100k,bdd100k_val_b634ca9d-c0211c64.jpg,,,,,NA,
bdd100k,bdd100k_val_b6359092-fc2faab6.jpg,0.665,0.441,0.419,0.789,0,6
bdd100k,bdd100k_val_b6375e65-d6e0692e.jpg,0.251,1,0.794,0.63,0.031,10
bdd100k,bdd100k_val_b63a501b-90039f36.jpg,0.697,0.335,0.345,0.661,0.001,5
bdd100k,bdd100k_val_b643ea5a-af37c824.jpg,0.522,0.67,0.534,0.699,0.041,6
bdd100k,bdd100k_val_b645e381-3d9a5456.jpg,0.476,1,0.678,0.666,0.027,2
bdd100k,bdd100k_val_b6487a3e-0761a2ae.jpg,0.669,0.555,0.495,0.775,0,5
bdd100k,bdd100k_val_b65081c3-7ace0408.jpg,0.009,1,0.745,1,0,3
bdd100k,bdd100k_val_b6541edc-ecc17d4b.jpg,0.267,0.345,0.292,0.733,0.05,4
bdd100k,bdd100k_val_b65db570-815a9c9a.jpg,0.925,1,0.546,0.729,0.001,3
bdd100k,bdd100k_val_b6642e30-93accfbe.jpg,,,,,NA,
bdd100k,bdd100k_val_b66462a4-ce0558e1.jpg,0.476,1,0.602,0.808,0,1
bdd100k,bdd100k_val_b6663f36-805c1a0e.jpg,0.581,0.194,0.448,0.685,0.016,2
bdd100k,bdd100k_val_b6695a33-42d20aa3.jpg,0.592,1,0.792,0.757,0.008,3
bdd100k,bdd100k_val_b66ecd35-8de7da84.jpg,0.156,1,0.721,0.671,0.123,5
bdd100k,bdd100k_val_b670cde3-068b52ad.jpg,0.066,0.538,0.621,0.813,0.074,5
bdd100k,bdd100k_val_b674bc13-2b4cdef3.jpg,0.1,1,0.694,0.796,0.001,4
bdd100k,bdd100k_val_b674bc13-8a296606.jpg,0.125,0.713,0.506,0.705,0,4
bdd100k,bdd100k_val_b6795a21-1fab0f9e.jpg,0.346,0.363,0.449,0.775,0.05,2
bdd100k,bdd100k_val_b67cbe89-ef413620.jpg,0.649,0.254,0.399,0.721,0.068,2
bdd100k,bdd100k_val_b67d5d14-ecdff820.jpg,0.528,0.715,0.603,0.77,0.027,5
bdd100k,bdd100k_val_b6804637-851a6e28.jpg,,,,,NA,
bdd100k,bdd100k_val_b680f9ff-c3577e59.jpg,0.492,0.652,0.572,0.689,0.001,6
bdd100k,bdd100k_val_b683c5c9-94747d74.jpg,0.447,1,0.779,0.625,0.119,4
bdd100k,bdd100k_val_b68a000f-9a8091f9.jpg,0.554,0.589,0.568,0.651,0.029,9
bdd100k,bdd100k_val_b68fe1ec-4c1094e2.jpg,0.351,0.628,0.612,0.765,0.017,4
bdd100k,bdd100k_val_b690989d-07e39c92.jpg,0.562,0.628,0.472,0.707,0.004,5
bdd100k,bdd100k_val_b69191ad-9c9cfe44.jpg,0.598,0.494,0.577,0.733,0.001,9
bdd100k,bdd100k_val_b6976dce-0810ee45.jpg,,,,,NA,
bdd100k,bdd100k_val_b6976dce-3c045c22.jpg,,,,,NA,
bdd100k,bdd100k_val_b69a7e04-794b786c.jpg,0.338,1,0.638,0.722,0.097,6
bdd100k,bdd100k_val_b69d81dd-35fbc1cf.jpg,0.02,1,0.883,1,0,2
bdd100k,bdd100k_val_b6a5e5f0-73e9525b.jpg,0.247,0.38,0.548,0.648,0.096,9
bdd100k,bdd100k_val_b6a6df2d-cc93b4c6.jpg,0.286,1,0.862,0.743,0.017,6
bdd100k,bdd100k_val_b6a8503c-4991b168.jpg,0.55,1,0.784,0.811,0.002,9
bdd100k,bdd100k_val_b6aeb288-c860c9a2.jpg,0.156,0.777,0.727,0.976,0.015,3
bdd100k,bdd100k_val_b6b01f9f-f6aa5d75.jpg,,,,,NA,
bdd100k,bdd100k_val_b6b047b4-3fccc761.jpg,0.667,0.366,0.665,0.762,0.002,2
bdd100k,bdd100k_val_b6b0d831-7abd7933.jpg,0.447,1,0.64,0.807,0.072,5
bdd100k,bdd100k_val_b6b616b3-979e75c3.jpg,,,,,NA,
bdd100k,bdd100k_val_b6b8d59f-e8059575.jpg,,,,,NA,
bdd100k,bdd100k_val_b6b9d3c1-d683dfce.jpg,0.109,0.404,0.229,0.74,0.001,2
bdd100k,bdd100k_val_b6ba23a1-98fd0d6b.jpg,0.44,0.853,0.663,0.661,0.06,11
bdd100k,bdd100k_val_b6bb7bc8-795f455a.jpg,0.417,0.112,0.078,1,0.001,1
bdd100k,bdd100k_val_b6bd79c8-c94f5c10.jpg,0.933,0.298,0,0.797,0.001,1
bdd100k,bdd100k_val_b6c2d715-ba5d6ecc.jpg,0.328,1,0.637,0.668,0.118,6
bdd100k,bdd100k_val_b6c6e6fe-1c5ab635.jpg,0.307,1,0.695,0.607,0.064,9
bdd100k,bdd100k_val_b6c6e6fe-f325bc62.jpg,0.109,1,0.803,0.649,0.042,5
bdd100k,bdd100k_val_b6c89a7e-23a41125.jpg,0.444,0.292,0.333,0.692,0.01,10
bdd100k,bdd100k_val_b6cebd5a-5ca64f5f.jpg,0.294,0.682,0.565,0.609,0.002,6
bdd100k,bdd100k_val_b6d0b9d1-9e750bae.jpg,0.311,0.909,0.516,0.673,0.04,8
bdd100k,bdd100k_val_b6d2717a-d8d1bc0c.jpg,0.116,1,0.893,0.719,0.011,3
bdd100k,bdd100k_val_b6d82c09-389f4f78.jpg,0.641,0.241,0.481,0.692,0.012,5
bdd100k,bdd100k_val_b6decb24-390c9ae7.jpg,1,1,0.177,0.771,0,1
bdd100k,bdd100k_val_b6df605f-34527b5f.jpg,0.575,0.566,0.564,0.739,0.039,6
bdd100k,bdd100k_val_b6df605f-51c158b8.jpg,0.512,1,0.692,0.686,0.105,7
bdd100k,bdd100k_val_b6e4a55e-0684fdec.jpg,0.035,0.193,0.081,0.852,0.124,3
bdd100k,bdd100k_val_b6e4a55e-4a7068f1.jpg,0.412,0.374,0.333,0.624,0,3
bdd100k,bdd100k_val_b6e591bd-d509b54b.jpg,0.468,0.865,0.547,0.746,0.014,9
bdd100k,bdd100k_val_b6e90f9b-3f3431d4.jpg,0.171,1,0.68,0.815,0.03,3
bdd100k,bdd100k_val_b6ea1520-1bd7b870.jpg,0.531,0.427,0.48,0.693,0,4
bdd100k,bdd100k_val_b6f2176b-20c2f527.jpg,0.674,0.344,0.475,0.625,0.093,8
bdd100k,bdd100k_val_b6f4b139-527d7e55.jpg,,,,,NA,
bdd100k,bdd100k_val_b6f4b139-744f76c0.jpg,1,0.269,0,0.716,0.002,2
bdd100k,bdd100k_val_b6f4b139-d7311df5.jpg,0.214,0.329,0.358,0.763,0.005,6
bdd100k,bdd100k_val_b6f77fda-02b6e75b.jpg,0.375,0.867,0.693,0.9,0.001,3
bdd100k,bdd100k_val_b6f77fda-46184a8c.jpg,0.6,0.971,0.722,0.83,0.001,8
bdd100k,bdd100k_val_b6f8a510-6f70445f.jpg,0.66,1,0.813,0.583,0,3
bdd100k,bdd100k_val_b6fae313-657598b1.jpg,0.304,0.554,0.516,0.675,0.002,6
bdd100k,bdd100k_val_b6ffe7bd-7c91eac9.jpg,0.218,0.859,0.572,0.521,0.078,5
bdd100k,bdd100k_val_b6ffe7bd-d13595c6.jpg,0.055,0.498,0.691,1,0.024,1
bdd100k,bdd100k_val_b7007510-f6b3b182.jpg,0.274,0.932,0.517,0.838,0,2
bdd100k,bdd100k_val_b700e409-b6515113.jpg,0.31,0.872,0.356,0.665,0.003,7
bdd100k,bdd100k_val_b705004b-c5606783.jpg,0.183,1,0.456,0.692,0.163,7
bdd100k,bdd100k_val_b7064abc-4ed592fe.jpg,0.486,0.531,0.363,0.752,0.005,4
bdd100k,bdd100k_val_b70692e1-fcb7203c.jpg,0.333,0.337,0.504,0.965,0.001,3
bdd100k,bdd100k_val_b710d831-df5ce01b.jpg,0.636,0.359,0.379,0.593,0.001,2
bdd100k,bdd100k_val_b714a088-e91ac24f.jpg,0.519,0.913,0.607,0.712,0.001,4
bdd100k,bdd100k_val_b715a46a-32d2d7eb.jpg,0.143,0.848,0.582,0.748,0.131,3
bdd100k,bdd100k_val_b71d7574-015d9d5d.jpg,0.459,0.612,0.621,0.719,0.001,4
bdd100k,bdd100k_val_b71d7574-92c4aeba.jpg,0.668,0.579,0.383,0.654,0.419,5
bdd100k,bdd100k_val_b71d7574-e6bc43e9.jpg,0.49,0.65,0.7,0.69,0.001,10
bdd100k,bdd100k_val_b71f7e68-578dfb43.jpg,0.578,0.669,0.816,0.819,0.028,5
bdd100k,bdd100k_val_b721bf1b-be4e2e12.jpg,0.312,0.866,0.71,0.674,0.234,4
bdd100k,bdd100k_val_b72393ac-b071c025.jpg,0.5,0.874,0.569,0.629,0.026,9
bdd100k,bdd100k_val_b72b3974-07848804.jpg,0.504,0.275,0.372,0.717,0.067,10
bdd100k,bdd100k_val_b733092e-68a5b8e9.jpg,0.257,1,0.87,0.782,0.039,4
bdd100k,bdd100k_val_b7341ecf-4be3bdcb.jpg,0.341,0.453,0.352,0.607,0.174,3
bdd100k,bdd100k_val_b736a729-8e235005.jpg,0.284,0.689,0.601,0.69,0.04,4
bdd100k,bdd100k_val_b73737dc-0fac3a01.jpg,0.125,0.664,0.267,0.936,0,1
bdd100k,bdd100k_val_b737b268-3e81c0e9.jpg,0.469,1,0.711,0.649,0.02,14
bdd100k,bdd100k_val_b7390768-06a6a4a0.jpg,0.364,1,0.903,0.665,0.039,9
bdd100k,bdd100k_val_b73a793e-ebf5917d.jpg,0.391,0.597,0.61,0.645,0.174,4
bdd100k,bdd100k_val_b7404583-b504d500.jpg,0.611,0.426,0.448,0.624,0.002,5
bdd100k,bdd100k_val_b740e2ac-c01ee78f.jpg,1,0.401,0.537,0.866,0.001,2
bdd100k,bdd100k_val_b743317c-44e297ee.jpg,0.497,1,0.781,0.614,0.044,4
bdd100k,bdd100k_val_b7457987-4f89d5e8.jpg,0.398,0.644,0.34,0.711,0.01,4
bdd100k,bdd100k_val_b7457987-72d06293.jpg,0.372,0.352,0.812,0.75,0.508,2
bdd100k,bdd100k_val_b747a85e-d46dde6a.jpg,0.25,1,0.593,0.699,0.001,6
bdd100k,bdd100k_val_b747b30e-991436c7.jpg,0.825,0.503,0.576,0.729,0.016,12
bdd100k,bdd100k_val_b74e7806-60077058.jpg,0.397,0.741,0.647,0.798,0.021,3
bdd100k,bdd100k_val_b74f9c57-f542adef.jpg,0.63,0.874,0.662,0.809,0.007,1
bdd100k,bdd100k_val_b750dfba-288937b9.jpg,0.372,0.705,0.43,0.738,0,3
bdd100k,bdd100k_val_b7559b8d-1ca5f88f.jpg,0.599,0.904,0.749,0.728,0.034,5
bdd100k,bdd100k_val_b75781e5-27729a7d.jpg,0.116,1,0.54,0.906,0,10
bdd100k,bdd100k_val_b757ae91-a9093726.jpg,0.199,0.98,0.802,0.586,0.001,7
bdd100k,bdd100k_val_b75cb43c-159062d9.jpg,0.533,1,0.747,0.78,0.242,4
bdd100k,bdd100k_val_b75da19e-a1d997ec.jpg,0.571,1,0.875,0.759,0.001,3
bdd100k,bdd100k_val_b75da19e-a29454b7.jpg,0.548,0.661,0.417,0.693,0.137,6
bdd100k,bdd100k_val_b75f355e-837e1a01.jpg,0.447,0.745,0.67,0.652,0.002,6
bdd100k,bdd100k_val_b75f355e-b8ecbd7e.jpg,0.455,0.493,0.203,0.784,0,2
bdd100k,bdd100k_val_b75f814e-9861df41.jpg,0.387,1,0.488,0.57,0.08,5
bdd100k,bdd100k_val_b760329b-611024b4.jpg,0.408,0.591,0.615,0.782,0.001,5
bdd100k,bdd100k_val_b762e497-59b064e0.jpg,0.174,0.639,0.251,1,0.016,1
bdd100k,bdd100k_val_b7636303-2036ba2d.jpg,0.442,0.371,0.143,0.806,0.001,2
bdd100k,bdd100k_val_b764f1b2-7ce1c79f.jpg,0.296,1,0.53,0.764,0.008,11
bdd100k,bdd100k_val_b7676214-60e4d9eb.jpg,0.288,0.908,0.49,0.819,0,5
bdd100k,bdd100k_val_b7676214-b10e4e0e.jpg,0.616,0.617,0.532,0.755,0.001,6
bdd100k,bdd100k_val_b768b26a-f90ad09d.jpg,0.471,0.409,0.562,0.675,0.102,9
bdd100k,bdd100k_val_b768ec39-d32827c2.jpg,0.145,1,0.633,0.712,0.001,8
bdd100k,bdd100k_val_b769f2fa-12edf532.jpg,0.23,0.276,0.148,0.839,0,3
bdd100k,bdd100k_val_b769f2fa-317151bf.jpg,0.234,0.577,0.566,0.683,0.045,4
bdd100k,bdd100k_val_b769f2fa-867bf3b3.jpg,0.228,0.309,0.283,0.737,0.168,4
bdd100k,bdd100k_val_b770f56a-3e8cba7a.jpg,0.74,1,0.836,0.808,0.017,7
bdd100k,bdd100k_val_b7711ddf-0f0035a8.jpg,0.296,0.383,0.626,0.716,0.008,3
bdd100k,bdd100k_val_b7719f1d-8245d9ce.jpg,0.491,0.729,0.668,0.724,0.023,4
bdd100k,bdd100k_val_b7719f1d-e6e580dd.jpg,0.402,0.375,0.65,0.671,0.015,7
bdd100k,bdd100k_val_b77405dc-08d4db28.jpg,0.5,0.313,0.568,0.714,0.003,5
bdd100k,bdd100k_val_b7789d1a-353aa20d.jpg,0.187,0.545,0.565,0.787,0.001,6
bdd100k,bdd100k_val_b7799f64-736f7f7e.jpg,0.135,0.445,0,0.781,0.003,2
bdd100k,bdd100k_val_b77dc345-d1f9b91c.jpg,0.374,0.889,0.843,0.615,0.009,4
bdd100k,bdd100k_val_b77e197d-572d6c7b.jpg,0.256,0.393,0.186,0.69,0.001,1
bdd100k,bdd100k_val_b7841cd5-1fe9c108.jpg,0.176,0.559,0.315,0.82,0.001,3
bdd100k,bdd100k_val_b784ff27-14060d57.jpg,0.533,0.453,0.456,0.617,0.103,8
bdd100k,bdd100k_val_b784ff27-58c39a23.jpg,0.26,0.525,0.677,0.874,0,2
bdd100k,bdd100k_val_b784ff27-a05a848e.jpg,0.233,0.453,0.404,0.826,0.001,4
bdd100k,bdd100k_val_b7872bf3-ddf64f77.jpg,0.325,0.719,0.572,0.709,0,2
bdd100k,bdd100k_val_b788c509-9ba17da1.jpg,0.7,0.619,0.681,0.727,0.01,8
bdd100k,bdd100k_val_b78a38de-5b7a6b2f.jpg,0.024,1,0.683,1,0.008,2
bdd100k,bdd100k_val_b7935597-0fb3bad7.jpg,0.158,0.643,0.359,1,0,1
bdd100k,bdd100k_val_b797d23a-a415ce55.jpg,0.238,0.334,0.481,1,0.001,1
bdd100k,bdd100k_val_b7993af5-b544c0da.jpg,0.533,1,0.735,0.721,0,4
bdd100k,bdd100k_val_b79d7247-1b5a4f2c.jpg,1,0.439,0.484,0.864,0,1
bdd100k,bdd100k_val_b7a175e0-ea597801.jpg,0.03,0.59,0.39,1,0.048,3
bdd100k,bdd100k_val_b7a3fc87-1c0a396b.jpg,0.526,0.82,0.795,0.627,0.032,4
bdd100k,bdd100k_val_b7a43d54-9a0a14f5.jpg,0.462,0.989,0.72,0.717,0.012,5
bdd100k,bdd100k_val_b7a8e795-06dce576.jpg,0.509,0.315,0.205,0.794,0.005,7
bdd100k,bdd100k_val_b7a8e795-1e7e5390.jpg,0.556,0.055,0.782,1,0.002,1
bdd100k,bdd100k_val_b7a8e795-36cc1230.jpg,0.41,0.358,0.621,0.656,0.073,15
bdd100k,bdd100k_val_b7a8e795-ff80fddf.jpg,0.4,0.483,0.699,1,0.001,1
bdd100k,bdd100k_val_b7a9b166-01d09e6b.jpg,,,,,NA,
bdd100k,bdd100k_val_b7a9b166-341c551a.jpg,0.116,0.683,0.493,0.769,0.025,7
bdd100k,bdd100k_val_b7a9b166-52309c81.jpg,0.61,0.329,0.447,0.75,0.005,6
bdd100k,bdd100k_val_b7a9b166-a7b6abec.jpg,1,0.374,0,0.847,0,1
bdd100k,bdd100k_val_b7abfbea-3067ba7b.jpg,0.172,0.872,0.733,0.736,0.168,3
bdd100k,bdd100k_val_b7b07700-ba279921.jpg,0.733,0.559,0.588,0.645,0.04,6
bdd100k,bdd100k_val_b7b132fc-ba819254.jpg,0.403,0.816,0.729,0.787,0.001,5
bdd100k,bdd100k_val_b7b32a5f-90bce6e1.jpg,0.406,1,0.832,0.731,0.062,4
bdd100k,bdd100k_val_b7b89e71-e92f6983.jpg,0.371,0.687,0.566,0.788,0.012,4
bdd100k,bdd100k_val_b7bb0d6e-0fa5f5ae.jpg,0.143,0.35,0.254,0.742,0.05,4
bdd100k,bdd100k_val_b7bcc17a-8838a45e.jpg,,,,,NA,
bdd100k,bdd100k_val_b7c48676-d61a6e81.jpg,0.203,0.905,0.485,0.803,0.008,4
bdd100k,bdd100k_val_b7c5b8ef-b233d513.jpg,0.237,0.54,0.609,0.74,0,6
bdd100k,bdd100k_val_b7d13f97-3df013fa.jpg,0.296,0.692,0.271,0.762,0.042,5
bdd100k,bdd100k_val_b7d277b3-26d83b90.jpg,0.35,0.441,0.562,0.73,0.002,7
bdd100k,bdd100k_val_b7d3916f-ab5b5296.jpg,0.341,0.675,0.677,0.619,0.001,5
bdd100k,bdd100k_val_b7d46034-88afd89c.jpg,0.659,0.595,0.42,0.712,0.037,14
bdd100k,bdd100k_val_b7d7713a-0ce4c8f1.jpg,0.443,0.4,0.693,0.728,0.018,6
bdd100k,bdd100k_val_b7d7713a-a58eef67.jpg,0.429,0.291,0.563,0.844,0.019,7
bdd100k,bdd100k_val_b7db31d1-188d4a34.jpg,0.202,0.587,0.839,0.6,0.024,10
bdd100k,bdd100k_val_b7e1237b-25dec3f7.jpg,0.302,0.259,0.455,0.694,0.181,8
bdd100k,bdd100k_val_b7e347d4-8ab9f4b5.jpg,0.527,0.434,0.444,0.765,0.002,5
bdd100k,bdd100k_val_b7ec9c7e-816b5937.jpg,0.404,0.724,0.628,0.767,0.008,5
bdd100k,bdd100k_val_b7f43f41-b1354d92.jpg,0.647,0.559,0.414,0.745,0.016,5
bdd100k,bdd100k_val_b7f452e4-1e5669ab.jpg,0.49,0.569,0.503,0.744,0.008,8
bdd100k,bdd100k_val_b7fc572c-aff1b54d.jpg,0.598,0.988,0.665,0.797,0.001,14
bdd100k,bdd100k_val_b7fcda2b-05f3fc09.jpg,0.43,1,0.6,0.773,0.08,11
bdd100k,bdd100k_val_b7fd3f86-5366a23c.jpg,0.281,0.688,0.651,0.737,0.045,3
bdd100k,bdd100k_val_b8025b43-80a46fe5.jpg,0.534,0.653,0.298,0.787,0.017,6
bdd100k,bdd100k_val_b8025b43-db6cdd13.jpg,0.178,0.5,0.294,0.701,0.014,3
bdd100k,bdd100k_val_b803d91d-10ed2f67.jpg,0.75,1,0.627,0.883,0,2
bdd100k,bdd100k_val_b803d91d-64200a2d.jpg,0.104,0.344,0.25,0.947,0.004,7
bdd100k,bdd100k_val_b804f988-eb510a9a.jpg,0.257,0.616,0.462,1,0.005,2
bdd100k,bdd100k_val_b80b91c9-9a644aba.jpg,0.447,1,0.637,0.811,0,3
bdd100k,bdd100k_val_b80fb9b6-b12f0c90.jpg,0.345,0.287,0.139,0.805,0.018,5
bdd100k,bdd100k_val_b8125aef-ae843995.jpg,0.417,0.458,0.426,0.702,0.029,18
bdd100k,bdd100k_val_b8201476-b9dba8dd.jpg,0.814,0.547,0.566,0.628,0.001,2
bdd100k,bdd100k_val_b82b19c9-17011ac5.jpg,0.745,0.804,0.514,0.634,0.104,9
bdd100k,bdd100k_val_b82f91d7-7c84fdc5.jpg,0.333,0.138,0.28,1,0,1
bdd100k,bdd100k_val_b830e68f-29ab7518.jpg,0.368,0.786,0.754,0.691,0.013,4
bdd100k,bdd100k_val_b836ef61-1a8aa776.jpg,0.257,1,0.735,0.767,0.03,4
bdd100k,bdd100k_val_b83869a3-7fc42be5.jpg,0.409,1,0.761,0.773,0.013,5
bdd100k,bdd100k_val_b83a044e-2926e767.jpg,0.341,0.545,0.455,0.844,0,4
bdd100k,bdd100k_val_b83e4275-fe67ecbd.jpg,0.319,1,0.796,0.857,0.002,3
bdd100k,bdd100k_val_b83ec6be-953a634b.jpg,0.032,1,0.481,NA,0.001,2
bdd100k,bdd100k_val_b83ec6be-c9cddfb2.jpg,0.505,1,0.729,0.708,0.051,6
bdd100k,bdd100k_val_b8407cb8-71fdf808.jpg,0.599,0.411,0.462,0.687,0.001,6
bdd100k,bdd100k_val_b841106c-4b71146c.jpg,0.476,1,0.767,0.75,0.008,5
bdd100k,bdd100k_val_b842dbf5-4b5b09b7.jpg,0.5,0.587,0.57,0.812,0,4
bdd100k,bdd100k_val_b84371bc-170edf5a.jpg,0.496,1,0.671,0.656,0.072,8
bdd100k,bdd100k_val_b84507e4-7ba43134.jpg,0.255,1,0.875,0.71,0.002,2
bdd100k,bdd100k_val_b84a1117-72c360e2.jpg,0.29,0.453,0.668,0.707,0.001,5
bdd100k,bdd100k_val_b84da41b-2d3fce12.jpg,0.713,0.314,0.257,0.719,0.013,11
bdd100k,bdd100k_val_b84da41b-fe80f694.jpg,0.429,0.33,0.469,0.717,0.007,5
bdd100k,bdd100k_val_b84eef86-eb4bb6e0.jpg,0.35,0.894,0.618,0.709,0.015,11
bdd100k,bdd100k_val_b85420e2-ea146a8a.jpg,0.2,0.623,0.452,0.801,0.015,5
bdd100k,bdd100k_val_b857eb06-2a0d9098.jpg,0.296,0.533,0.737,0.595,0.002,4
bdd100k,bdd100k_val_b85b0853-e2b7537e.jpg,0.228,0.839,0.557,0.698,0.032,8
bdd100k,bdd100k_val_b85d7504-1eef8eea.jpg,0.658,1,0.809,0.623,0.004,4
bdd100k,bdd100k_val_b85eb331-920d81fe.jpg,0.381,0.324,0.655,0.735,0.049,8
bdd100k,bdd100k_val_b85f5cc9-44db10f1.jpg,0.244,1,0.712,0.644,0.173,10
bdd100k,bdd100k_val_b85fb98d-41e7213c.jpg,0.402,1,0.663,0.789,0.191,9
bdd100k,bdd100k_val_b8677b56-9edba15a.jpg,0.511,0.685,0.809,0.695,0.013,8
bdd100k,bdd100k_val_b86aaaf8-2496c37d.jpg,0.613,1,0.771,0.765,0.063,8
bdd100k,bdd100k_val_b87a03a9-1ddfba47.jpg,0.173,0.761,0.6,0.69,0.318,6
bdd100k,bdd100k_val_b87a03a9-c9da2b1a.jpg,0.164,0.8,0.286,0.733,0.001,4
bdd100k,bdd100k_val_b87b8bce-d9f8e55e.jpg,0.199,1,0.649,0.716,0.009,8
bdd100k,bdd100k_val_b87bd38d-9f7f07c3.jpg,0.429,0.77,0.674,0.745,0.002,8
bdd100k,bdd100k_val_b87fb508-f8374c1f.jpg,0.384,1,0.791,0.757,0.243,9
bdd100k,bdd100k_val_b888e048-8018b284.jpg,0.376,0.853,0.74,0.751,0.002,8
bdd100k,bdd100k_val_b88a00df-e8484d02.jpg,0.295,1,0.769,0.68,0.034,11
bdd100k,bdd100k_val_b892f130-8828257e.jpg,0.308,1,0.721,0.649,0.038,4
bdd100k,bdd100k_val_b89886bb-e171a804.jpg,0.382,0.102,0,0.853,0,1
bdd100k,bdd100k_val_b89886bb-f019c7eb.jpg,0.647,1,0.767,0.745,0.024,4
bdd100k,bdd100k_val_b89aded3-532a51a7.jpg,0.576,1,0.712,0.635,0.048,8
bdd100k,bdd100k_val_b89bf84d-75cc37b6.jpg,0.227,0.775,0.73,0.771,0.001,6
bdd100k,bdd100k_val_b8a135c9-8c38e7ba.jpg,,,,,NA,
bdd100k,bdd100k_val_b8a158fd-1e9c1bd7.jpg,0.353,0.482,0.593,0.644,0.007,7
bdd100k,bdd100k_val_b8a28c17-05487707.jpg,0.254,0.896,0.681,0.685,0.204,8
bdd100k,bdd100k_val_b8a52657-426c14ae.jpg,0.804,1,0.796,0.7,0.01,8
bdd100k,bdd100k_val_b8a52657-64748163.jpg,0.398,1,0.708,0.642,0.14,9
bdd100k,bdd100k_val_b8a795ee-b1680470.jpg,0.458,0.663,0.275,0.806,0,3
bdd100k,bdd100k_val_b8a9d382-3bd7d3e4.jpg,0.429,1,0.65,0.724,0.114,14
bdd100k,bdd100k_val_b8acc534-d5b64200.jpg,0.123,1,0.848,0.822,0.002,4
bdd100k,bdd100k_val_b8affcd1-29901d90.jpg,0.524,0.739,0.752,0.737,0.015,8
bdd100k,bdd100k_val_b8b15e54-4c278512.jpg,0.625,0.711,0.427,0.733,0.013,6
bdd100k,bdd100k_val_b8bb2022-6ef7291e.jpg,0.113,1,0.58,0.826,0.027,5
bdd100k,bdd100k_val_b8bf322e-36122f48.jpg,0.194,0.493,0.074,0.886,0,3
bdd100k,bdd100k_val_b8c0457f-d7a1d2b7.jpg,0.414,0.435,0.219,0.741,0.015,6
bdd100k,bdd100k_val_b8c0d4a5-e8d3393a.jpg,0.367,1,0.856,0.724,0.033,9
bdd100k,bdd100k_val_b8c3f870-d6a887c8.jpg,1,1,0.584,0.823,0,1
bdd100k,bdd100k_val_b8cd6a1b-8abed2d8.jpg,0.464,0.422,0.412,0.846,0.042,2
bdd100k,bdd100k_val_b8d24edf-3349ee71.jpg,0.552,0.917,0.808,0.779,0.104,1
bdd100k,bdd100k_val_b8dce66a-004c2b9d.jpg,0.5,1,0.795,0.631,0.02,5
bdd100k,bdd100k_val_b8e63e55-1b48cdef.jpg,0.871,0.79,0.761,0.637,0.198,7
bdd100k,bdd100k_val_b8e675b0-eeb01556.jpg,0.298,0.876,0.776,0.653,0,5
bdd100k,bdd100k_val_b8ecdc10-763b27b8.jpg,0.441,0.206,0.185,0.591,0.04,2
bdd100k,bdd100k_val_b8ee7220-b9b59d51.jpg,0.677,1,0.755,0.679,0.034,6
bdd100k,bdd100k_val_b8ee7220-ee251c9a.jpg,0.057,0.485,0.428,NA,0,1
bdd100k,bdd100k_val_b8ef1613-c936238e.jpg,0.298,0.615,0.318,0.722,0.014,3
bdd100k,bdd100k_val_b8f0315c-6d83432c.jpg,0.287,0.61,0.628,0.738,0.066,9
bdd100k,bdd100k_val_b8f781de-a5f9cdfa.jpg,0.75,1,0.791,0.726,0.026,4
bdd100k,bdd100k_val_b8fa884b-5cad0e15.jpg,0.524,0.856,0.688,0.693,0.001,11
bdd100k,bdd100k_val_b8fe1054-42625c45.jpg,0.615,0.147,0.247,0.797,0.001,1
bdd100k,bdd100k_val_b9012b42-ba320de2.jpg,0.456,0.721,0.804,0.739,0.003,5
bdd100k,bdd100k_val_b9047aca-41787983.jpg,0.523,0.773,0.613,0.676,0.026,11
bdd100k,bdd100k_val_b9054a76-5266134b.jpg,0.38,1,0.586,0.779,0.075,3
bdd100k,bdd100k_val_b90a1ed5-653861b3.jpg,0.32,0.988,0.754,0.774,0,3
bdd100k,bdd100k_val_b90ca71f-3cf69251.jpg,0.638,0.64,0.684,0.699,0.123,9
bdd100k,bdd100k_val_b90d0148-6d64cd06.jpg,0.371,1,0.878,0.727,0,4
bdd100k,bdd100k_val_b911a419-7bb3a8a4.jpg,0.09,1,0.841,0.555,0.004,5
bdd100k,bdd100k_val_b9152ae2-21189b28.jpg,0.209,0.988,0.768,0.686,0.17,5
bdd100k,bdd100k_val_b915526f-f22f5cc4.jpg,0.067,1,0.87,1,0,3
bdd100k,bdd100k_val_b919f6f7-9c71d913.jpg,0.503,0.816,0.662,0.708,0.007,7
bdd100k,bdd100k_val_b91cdc5d-bce994ce.jpg,0.348,0.611,0.776,0.668,0.018,3
bdd100k,bdd100k_val_b91ddba0-93eda7e1.jpg,0.431,1,0.816,0.727,0.028,6
bdd100k,bdd100k_val_b91ddba0-946e0059.jpg,0.385,1,0.799,0.843,0,3
bdd100k,bdd100k_val_b91df396-3a32db81.jpg,0.596,1,0.876,0.715,0.006,9
bdd100k,bdd100k_val_b92246fc-03731d6b.jpg,0.192,1,0.629,1,0.001,1
bdd100k,bdd100k_val_b924005d-3e1ae14d.jpg,0.423,0.973,0.728,0.714,0.001,9
bdd100k,bdd100k_val_b9254d2f-df7dd6b1.jpg,0.832,0.515,0.535,0.712,0.033,8
bdd100k,bdd100k_val_b928271b-35145ad6.jpg,0.269,0.744,0.342,0.722,0.002,4
bdd100k,bdd100k_val_b92a7fe6-0042ff16.jpg,0.182,0.811,0.626,0.734,0.037,3
bdd100k,bdd100k_val_b92c0cf0-2f0621ad.jpg,0.247,1,0.591,0.741,0.019,12
bdd100k,bdd100k_val_b92c4dd3-856ff7b7.jpg,0.752,0.952,0.765,0.725,0.001,5
bdd100k,bdd100k_val_b92c7b7c-af420847.jpg,,,,,NA,
bdd100k,bdd100k_val_b92caf7e-4fc447e8.jpg,0.745,0.554,0.222,0.753,0.032,5
bdd100k,bdd100k_val_b931fe93-5ee3a9ba.jpg,,,,,NA,
bdd100k,bdd100k_val_b936e35e-e46a87e6.jpg,0.75,0.675,0.381,0.761,0,1
bdd100k,bdd100k_val_b93942f9-65eda0a3.jpg,0.346,1,0.752,0.657,0.009,10
bdd100k,bdd100k_val_b93942f9-ff411dce.jpg,0.423,0.92,0.63,0.819,0.005,4
bdd100k,bdd100k_val_b93a8e92-044ff223.jpg,0.455,0.799,0.586,0.728,0.24,4
bdd100k,bdd100k_val_b93e0d1b-5e1e35f8.jpg,0.362,0.324,0.729,0.697,0.01,9
bdd100k,bdd100k_val_b93f2cee-48325ee0.jpg,0.2,0.878,0.587,0.582,0.054,5
bdd100k,bdd100k_val_b940ba87-26950497.jpg,0.329,1,0.734,0.733,0.033,5
bdd100k,bdd100k_val_b944121b-910a65e5.jpg,0.408,1,0.714,0.851,0.001,7
bdd100k,bdd100k_val_b9443e30-c9275e4a.jpg,0.433,0.628,0.622,0.68,0.129,9
bdd100k,bdd100k_val_b94a9ed0-08112e6a.jpg,0.391,0.812,0.532,0.722,0.001,2
bdd100k,bdd100k_val_b94d2c84-bfed761a.jpg,0.248,1,0.908,0.692,0.001,4
bdd100k,bdd100k_val_b94f6bc8-32f10d36.jpg,0.462,0.016,0.719,1,0.001,1
bdd100k,bdd100k_val_b9597719-cd9a176f.jpg,0.316,0.414,0.651,0.676,0.001,3
bdd100k,bdd100k_val_b95dcb10-5838c763.jpg,0.551,0.753,0.484,0.84,0.003,6
bdd100k,bdd100k_val_b965ce1b-ad83b0ff.jpg,0.607,0.464,0.364,0.704,0.054,4
bdd100k,bdd100k_val_b9742173-21a140e8.jpg,0.396,0.613,0.532,0.635,0.008,8
bdd100k,bdd100k_val_b9782b2a-681c4b4d.jpg,0.042,0.952,0.752,0.711,0,3
bdd100k,bdd100k_val_b979217b-09ba51bd.jpg,0.444,0.855,0.353,0.722,0.204,2
bdd100k,bdd100k_val_b979217b-53523d64.jpg,0.236,0.644,0.318,0.741,0.061,7
bdd100k,bdd100k_val_b979b89c-388674d4.jpg,0.421,0.896,0.575,0.616,0.008,9
bdd100k,bdd100k_val_b97aa948-d53ee60d.jpg,0.253,0.747,0.39,0.766,0.003,5
bdd100k,bdd100k_val_b981c36d-a66bb611.jpg,0.373,0.81,0.638,0.677,0.004,11
bdd100k,bdd100k_val_b982723f-84848a7f.jpg,0.2,0.072,0.471,1,0,2
bdd100k,bdd100k_val_b98578b9-f52d7f86.jpg,0.398,1,0.873,0.781,0,3
bdd100k,bdd100k_val_b988086f-1811f9d3.jpg,0.81,1,0.764,0.723,0.001,5
bdd100k,bdd100k_val_b988086f-caed8036.jpg,0.436,1,0.755,0.595,0.007,11
bdd100k,bdd100k_val_b989ad0d-a1513cc2.jpg,0.87,0.564,0.414,0.82,0.001,2
bdd100k,bdd100k_val_b98bd627-8593fa24.jpg,0.344,1,0.631,0.74,0.006,5
bdd100k,bdd100k_val_b98c2fe7-a1ba769e.jpg,0.211,0.615,0.699,0.726,0.017,4
bdd100k,bdd100k_val_b98e3a45-2af2c615.jpg,0.494,0.496,0.284,0.754,0.001,7
bdd100k,bdd100k_val_b98e3a45-608c1fb2.jpg,0.474,0.533,0.609,0.726,0.02,12
bdd100k,bdd100k_val_b98eabcc-573dccd2.jpg,0.655,0.662,0.657,0.747,0.006,10
bdd100k,bdd100k_val_b997ec7a-af29d0ca.jpg,0.791,0.94,0.331,0.786,0,1
bdd100k,bdd100k_val_b9990002-f103f7d9.jpg,0.283,0.789,0.519,0.671,0.181,3
bdd100k,bdd100k_val_b99b66a0-308f25ed.jpg,0.433,0.277,0.302,0.727,0.013,4
bdd100k,bdd100k_val_b99f250d-375965e8.jpg,0.114,1,0.792,0.789,0.014,6
bdd100k,bdd100k_val_b99f7c8d-b97ed7dc.jpg,0.419,0.419,0.553,0.622,0.01,18
bdd100k,bdd100k_val_b9a0d48b-05b491ac.jpg,0.318,0.75,0.511,0.74,0.001,7
bdd100k,bdd100k_val_b9a2146e-1fcf3af6.jpg,0.229,0.596,0.447,0.872,0.001,3
bdd100k,bdd100k_val_b9aabdcf-d1433a19.jpg,0.608,0.952,0.438,0.696,0.015,11
bdd100k,bdd100k_val_b9aca3ce-181f2909.jpg,0.286,1,0.599,0.624,0.008,11
bdd100k,bdd100k_val_b9bafa5a-9d12fc05.jpg,,,,,NA,
bdd100k,bdd100k_val_b9bafa5a-f6a3f4da.jpg,0.348,1,0.694,0.671,0.006,5
bdd100k,bdd100k_val_b9c11ffc-8c6c2eb0.jpg,0.227,0.57,0.517,0.786,0.134,3
bdd100k,bdd100k_val_b9c34a53-f1f42d75.jpg,0.496,0.957,0.435,0.742,0.001,5
bdd100k,bdd100k_val_b9c71d97-416ef91d.jpg,0.353,0.29,0.647,0.781,0,7
bdd100k,bdd100k_val_b9c9d815-3f9d9a8a.jpg,0.465,0.435,0.196,0.7,0.161,4
bdd100k,bdd100k_val_b9ca8abd-dc5cd337.jpg,0.602,0.856,0.786,0.734,0.019,8
bdd100k,bdd100k_val_b9ca94a2-df527b5a.jpg,0.172,0.481,0.436,0.486,0.001,3
bdd100k,bdd100k_val_b9ca94a2-f35ce63b.jpg,0.658,0.967,0.45,0.673,0.047,12
bdd100k,bdd100k_val_b9cd5de4-5614ed70.jpg,,,,,NA,
bdd100k,bdd100k_val_b9d12c48-1cdf1b03.jpg,0.695,1,0.759,0.639,0.003,5
bdd100k,bdd100k_val_b9d34460-2c3b1ab3.jpg,0.227,0.816,0.503,0.721,0,3
bdd100k,bdd100k_val_b9d34460-4ce3c7d9.jpg,0.3,0.8,0.838,0.728,0,4
bdd100k,bdd100k_val_b9d34460-68942f09.jpg,0.462,0.412,0.392,0.75,0.001,10
bdd100k,bdd100k_val_b9d34460-eb5b8d34.jpg,0.433,0.451,0.544,0.703,0.002,10
bdd100k,bdd100k_val_b9d9e358-7dadc57c.jpg,0.517,1,0.91,0.831,0,3
bdd100k,bdd100k_val_b9d9ed4e-66448e19.jpg,0.493,0.473,0.505,0.701,0.027,9
bdd100k,bdd100k_val_b9df54a4-66f58812.jpg,0.333,0.446,0.42,0.786,0,2
bdd100k,bdd100k_val_b9df54a4-91295fbc.jpg,,,,,NA,
bdd100k,bdd100k_val_b9dfba7c-ffdd8fd3.jpg,,,,,NA,
bdd100k,bdd100k_val_b9e12f59-40d0d945.jpg,0.376,1,0.805,0.717,0,6
bdd100k,bdd100k_val_b9e4cb3d-eaf3d4ad.jpg,0.374,0.429,0.372,0.711,0,6
bdd100k,bdd100k_val_b9e7e326-693b4ae7.jpg,0.64,1,0.712,0.819,0.002,7
bdd100k,bdd100k_val_b9e91422-2d610458.jpg,0.384,0.366,0.444,0.628,0.081,5
bdd100k,bdd100k_val_b9eae343-d73328b2.jpg,0.58,1,0.872,0.824,0.031,5
bdd100k,bdd100k_val_b9ecc316-529acd3c.jpg,0.725,1,0.777,0.741,0.027,3
bdd100k,bdd100k_val_b9ef58f6-dbfd3b12.jpg,0.554,0.562,0.347,0.705,0.019,16
bdd100k,bdd100k_val_b9f22148-6ad84326.jpg,,,,,NA,
bdd100k,bdd100k_val_b9fb5382-76c75580.jpg,0.065,1,0.673,1,0,1
bdd100k,bdd100k_val_b9fb5382-990e8173.jpg,0.422,1,0.615,0.674,0.002,3
bdd100k,bdd100k_val_b9fb5382-a15fb1a6.jpg,0.143,0.595,0.455,0.911,0.001,2
bdd100k,bdd100k_val_ba01e7b7-4c136c35.jpg,0.207,0.366,0.543,0.837,0.012,4
bdd100k,bdd100k_val_ba0a3619-31d30af9.jpg,0.503,0.753,0.703,0.668,0.082,18
bdd100k,bdd100k_val_ba0a827b-06f3b51a.jpg,0.118,0.59,0.494,NA,0.001,1
bdd100k,bdd100k_val_ba0b31f2-c45b879b.jpg,0.259,0.472,0.402,0.642,0.021,3
bdd100k,bdd100k_val_ba112f29-9da834a0.jpg,0.378,1,0.76,0.75,0.001,4
bdd100k,bdd100k_val_ba122c97-403fd75d.jpg,0.395,0.259,0.427,0.88,0,1
bdd100k,bdd100k_val_ba15261b-0cded4cf.jpg,0.239,1,0.455,0.854,0,3
bdd100k,bdd100k_val_ba15261b-46e2755d.jpg,0.479,0.807,0.488,0.699,0.002,4
bdd100k,bdd100k_val_ba181cb9-341963b1.jpg,0.104,0.614,0.612,0.829,0.037,3
bdd100k,bdd100k_val_ba1ab927-a44a701b.jpg,0.31,1,0.798,0.829,0,2
bdd100k,bdd100k_val_ba1f97fc-214aaccb.jpg,0.352,0.296,0.6,0.661,0.01,7
bdd100k,bdd100k_val_ba2e8260-2f6c9b36.jpg,0.205,0.835,0.726,0.674,0.115,6
bdd100k,bdd100k_val_ba2e8260-5b48768d.jpg,0.17,1,0.422,0.872,0,2
bdd100k,bdd100k_val_ba2e8c76-d7ca505e.jpg,0.37,0.209,0.269,0.655,0.001,2
bdd100k,bdd100k_val_ba31ed47-117c074b.jpg,0.614,0.758,0.644,0.607,0.161,4
bdd100k,bdd100k_val_ba362b8d-2855bf4e.jpg,0.592,0.552,0.704,0.616,0.114,7
bdd100k,bdd100k_val_ba36b0a9-6c380330.jpg,0.54,0.832,0.756,0.752,0.008,9
bdd100k,bdd100k_val_ba37b3d4-a8126899.jpg,0.348,1,0.687,0.676,0.153,8
bdd100k,bdd100k_val_ba3d031c-e85b19e4.jpg,0.692,0.445,0.495,0.765,0.001,6
bdd100k,bdd100k_val_ba3dc656-c88512cc.jpg,0.083,0.232,0.162,NA,0,1
bdd100k,bdd100k_val_ba3dfc2c-1b22491c.jpg,0.421,1,0.663,0.866,0.001,3
bdd100k,bdd100k_val_ba402b44-b17beb78.jpg,0.205,1,0.739,0.693,0.002,4
bdd100k,bdd100k_val_ba4432a9-d3c31edf.jpg,0.785,0.489,0.701,0.608,0.153,5
bdd100k,bdd100k_val_ba467364-d5d97e59.jpg,0.579,0.589,0.704,0.667,0.009,6
bdd100k,bdd100k_val_ba477574-906b0b32.jpg,0.375,0.519,0.501,1,0.001,1
bdd100k,bdd100k_val_ba479cb3-b04e9be2.jpg,0.569,0.338,0.389,0.8,0.006,10
bdd100k,bdd100k_val_ba4adf3d-27e3cae5.jpg,0.179,0.729,0.453,0.777,0.083,8
bdd100k,bdd100k_val_ba4bcdc5-06e22f87.jpg,0.659,0.217,0.189,0.675,0,4
bdd100k,bdd100k_val_ba4bcdc5-3d4f7a56.jpg,0.147,0.708,0.357,0.79,0.001,3
bdd100k,bdd100k_val_ba4e5982-c64a8dfa.jpg,0.297,0.67,0.487,0.677,0,7
bdd100k,bdd100k_val_ba508231-2158c29b.jpg,0.466,1,0.709,0.706,0.102,13
bdd100k,bdd100k_val_ba54b6fd-896b735c.jpg,0.382,0.423,0.43,0.841,0.011,4
bdd100k,bdd100k_val_ba59cdbb-15506193.jpg,0.424,0.396,0.549,0.667,0.105,3
bdd100k,bdd100k_val_ba5c4fbb-6815f84b.jpg,0.176,0.641,0.223,1,0.001,1
bdd100k,bdd100k_val_ba5c759c-2bfd1d3c.jpg,0.446,0.468,0.378,0.802,0.001,7
bdd100k,bdd100k_val_ba5c759c-623fcd9d.jpg,0.182,0.548,0.405,0.706,0.018,11
bdd100k,bdd100k_val_ba5df354-db132aac.jpg,0.461,0.775,0.416,0.775,0.001,5
bdd100k,bdd100k_val_ba619544-5fd6de8f.jpg,0.696,1,0.76,0.695,0.178,4
bdd100k,bdd100k_val_ba635a0a-fd69cb62.jpg,0.462,0.797,0.385,0.763,0.064,7
bdd100k,bdd100k_val_ba65317f-d4aba330.jpg,0.208,1,0.511,0.656,0.01,1
bdd100k,bdd100k_val_ba6bfd07-6a9ddced.jpg,0.065,1,0.855,0.926,0,4
bdd100k,bdd100k_val_ba70dfe3-23dc1691.jpg,0.297,0.513,0,0.856,0.002,1
bdd100k,bdd100k_val_ba73ab52-4980c05c.jpg,0.64,0.333,0.513,0.718,0.071,7
bdd100k,bdd100k_val_ba7b9df0-a0b062ab.jpg,0.411,0.437,0.548,0.705,0.005,8
bdd100k,bdd100k_val_ba7ef348-fcf901f3.jpg,0.377,1,0.58,0.842,0.041,2
bdd100k,bdd100k_val_ba7efc39-b198d2da.jpg,0.283,0.794,0.437,0.757,0,6
bdd100k,bdd100k_val_ba7fb420-b647764f.jpg,0.26,0.615,0.548,0.734,0.105,9
bdd100k,bdd100k_val_ba87390f-22dabe83.jpg,0.074,0.531,0.549,0.938,0,2
bdd100k,bdd100k_val_ba8b1e05-8ec0219a.jpg,0.254,1,0.807,0.768,0.043,6
bdd100k,bdd100k_val_ba8df251-f17bd4a5.jpg,0.238,0.21,0.655,0.453,0.001,2
bdd100k,bdd100k_val_ba8df917-d4cd5e36.jpg,0.368,1,0.819,0.68,0.05,8
bdd100k,bdd100k_val_ba908c74-4e0a63ae.jpg,0.759,0.841,0.643,0.659,0.008,15
bdd100k,bdd100k_val_ba99464b-64917c10.jpg,0.52,1,0.682,0.684,0.07,11
bdd100k,bdd100k_val_baa09f40-a72f5fa3.jpg,0.368,1,0.74,0.673,0.043,10
bdd100k,bdd100k_val_baa618bf-40e56190.jpg,0.593,0.892,0.598,0.536,0,4
bdd100k,bdd100k_val_bab26b8d-deaa5510.jpg,0.394,0.69,0.648,0.744,0.004,5
bdd100k,bdd100k_val_bab52aba-0b87a64b.jpg,0.393,0.088,0.302,0.658,0,1
bdd100k,bdd100k_val_bab52aba-45bf005b.jpg,0.111,0.518,0.431,NA,0.003,1
bdd100k,bdd100k_val_bab52aba-766e7f39.jpg,0.351,1,0.738,0.741,0.001,7
bdd100k,bdd100k_val_bab692c9-3cd892ff.jpg,0.292,0.89,0.719,0.769,0,1
bdd100k,bdd100k_val_bab692c9-efde0b04.jpg,0.401,0.669,0.486,0.724,0.081,6
bdd100k,bdd100k_val_bab6be6b-14db4536.jpg,0.29,1,0.889,0.66,0.002,6
bdd100k,bdd100k_val_babd6d42-754e86fe.jpg,0.064,1,0.429,0.97,0.019,8
bdd100k,bdd100k_val_babf991d-a86f60ab.jpg,0.116,1,0.748,0.899,0.001,2
bdd100k,bdd100k_val_bac1a0cf-45bef9f0.jpg,0.275,0.656,0.426,0.794,0.043,4
bdd100k,bdd100k_val_bac25f5a-af4fd9fd.jpg,0.835,0.254,0.15,0.718,0.342,4
bdd100k,bdd100k_val_bac443ab-eb1694f5.jpg,0.5,0.33,0.286,0.822,0.023,4
bdd100k,bdd100k_val_bac52af2-81952c8d.jpg,0.217,0.877,0.531,0.705,0.048,4
bdd100k,bdd100k_val_bac52b21-a8316888.jpg,0.442,0.918,0.532,0.798,0,7
bdd100k,bdd100k_val_bad479df-d2e02382.jpg,0.645,0.467,0.568,0.64,0.036,9
bdd100k,bdd100k_val_bad5a7e9-b1d91b1a.jpg,0.283,0.926,0.728,0.759,0.092,5
bdd100k,bdd100k_val_bad81f09-0d02e84b.jpg,0.5,0.787,0.746,0.713,0.037,12
bdd100k,bdd100k_val_bad909d4-8de038fe.jpg,1,1,0.835,1,0.003,1
bdd100k,bdd100k_val_bae16c60-c2949e41.jpg,0.154,1,0.738,0.794,0,6
bdd100k,bdd100k_val_bae47c98-40551cdd.jpg,0.29,0.395,0.522,0.584,0.005,3
bdd100k,bdd100k_val_bae4f394-11239e42.jpg,0.722,0.445,0.347,0.853,0.009,1
bdd100k,bdd100k_val_bae4f394-24bc3bbe.jpg,0.5,0.35,0.003,1,0,1
bdd100k,bdd100k_val_bae778fd-4cc0d9be.jpg,0.399,0.31,0.577,0.721,0.02,7
bdd100k,bdd100k_val_bae9f15e-4c858350.jpg,0.415,0.299,0.284,0.782,0.001,3
bdd100k,bdd100k_val_baeab53a-2e79e160.jpg,0.494,1,0.595,0.731,0.001,6
bdd100k,bdd100k_val_baeb68f6-9abb3aaf.jpg,0.467,0.949,0.761,0.78,0.007,4
bdd100k,bdd100k_val_baee6fb9-8438c345.jpg,0.889,0.463,0.013,0.944,0.002,2
bdd100k,bdd100k_val_baef72b1-809d1abe.jpg,0.369,0.758,0.317,0.73,0.003,4
bdd100k,bdd100k_val_baefbbd2-83ba702b.jpg,0.316,1,0.704,0.81,0,1
bdd100k,bdd100k_val_baf019d9-986608ff.jpg,0.254,0.655,0.483,0.577,0.001,2
bdd100k,bdd100k_val_baf019d9-da5f9843.jpg,,,,,NA,
bdd100k,bdd100k_val_baf1fb8b-258ca9a9.jpg,0.309,0.318,0.512,0.68,0,3
bdd100k,bdd100k_val_baf29436-f6375fa4.jpg,0.371,0.682,0.333,0.678,0.112,8
bdd100k,bdd100k_val_baf870f0-44119a5e.jpg,0.33,0.477,0.663,0.67,0.003,6
bdd100k,bdd100k_val_baf870f0-a1a64cd6.jpg,0.284,0.848,0.558,0.656,0.102,4
bdd100k,bdd100k_val_baf89af3-091fba23.jpg,0.195,0.913,0.554,0.745,0.006,6
bdd100k,bdd100k_val_bafa2401-045c70c7.jpg,0.124,1,0.634,0.787,0.001,6
bdd100k,bdd100k_val_bafe41f1-fa3e0ccf.jpg,0.318,1,0.879,0.754,0.048,7
bdd100k,bdd100k_val_bb01eaee-b8f0ebe3.jpg,0.177,1,0.733,0.683,0.001,4
bdd100k,bdd100k_val_bb0475d9-dda53a5a.jpg,0.424,0.501,0.392,0.738,0.022,4
bdd100k,bdd100k_val_bb0d0a55-6e9e48be.jpg,0.6,0.475,0.214,0.705,0.001,3
bdd100k,bdd100k_val_bb160b7f-0553000b.jpg,0.687,0.356,0.255,1,0.049,1
bdd100k,bdd100k_val_bb16329e-7ddd640e.jpg,0.503,0.879,0.721,0.671,0.001,9
bdd100k,bdd100k_val_bb172cd0-523870b7.jpg,0.339,0.628,0.528,0.713,0.049,8
bdd100k,bdd100k_val_bb185003-ebc11af9.jpg,0.326,1,0.631,0.687,0.172,8
bdd100k,bdd100k_val_bb198c24-924a7794.jpg,0.333,0.189,0,0.983,0.001,1
bdd100k,bdd100k_val_bb198c24-b046e976.jpg,0.317,1,0.903,0.776,0.007,6
bdd100k,bdd100k_val_bb198c24-c5d65870.jpg,,,,,NA,
bdd100k,bdd100k_val_bb198c24-d7f4344c.jpg,0.035,0.689,0.56,0.905,0.067,4
bdd100k,bdd100k_val_bb1b7e42-9608265e.jpg,0.368,0.854,0.841,1,0.001,2
bdd100k,bdd100k_val_bb1b7e42-b17da5d0.jpg,0.19,1,0.734,0.682,0.043,12
bdd100k,bdd100k_val_bb269a85-bd43ab11.jpg,,,,,NA,
bdd100k,bdd100k_val_bb2888a8-ca075f36.jpg,0.879,0.554,0.47,0.687,0.003,8
bdd100k,bdd100k_val_bb2c5719-1244dd67.jpg,0.455,1,0.401,0.641,0.001,4
bdd100k,bdd100k_val_bb2cabeb-2c0701d4.jpg,0.039,1,0.832,1,0,3
bdd100k,bdd100k_val_bb2f678a-af43ed71.jpg,0.17,0.251,0,0.832,0.008,2
bdd100k,bdd100k_val_bb390224-2ea34fb1.jpg,0.612,1,0.763,0.626,0.001,6
bdd100k,bdd100k_val_bb3bb8c0-b32626a2.jpg,0.092,0.568,0.603,0.865,0,3
bdd100k,bdd100k_val_bb425c3f-4e35dc9d.jpg,0.571,0.567,0.582,0.709,0.002,8
bdd100k,bdd100k_val_bb429905-efd7b1aa.jpg,0.939,0.43,0.381,0.699,0.001,4
bdd100k,bdd100k_val_bb42e52c-ee27bde3.jpg,,,,,NA,
bdd100k,bdd100k_val_bb46a3b5-6fb47078.jpg,0.568,1,0.694,0.776,0.002,9
bdd100k,bdd100k_val_bb49071c-4b99a704.jpg,,,,,NA,
bdd100k,bdd100k_val_bb49071c-b290d284.jpg,0.337,0.683,0.503,0.77,0.022,9
bdd100k,bdd100k_val_bb49532f-ae2b40d1.jpg,0.288,1,0.854,0.657,0.026,8
bdd100k,bdd100k_val_bb4abf02-01cd2796.jpg,0.779,0.622,0.545,0.713,0.107,4
bdd100k,bdd100k_val_bb4fca33-008f9178.jpg,0.23,1,0.903,0.693,0.17,6
bdd100k,bdd100k_val_bb52662e-0257c8b3.jpg,0.052,0.786,0.715,0.78,0.106,5
bdd100k,bdd100k_val_bb5a3238-ab2ba223.jpg,,,,,NA,
bdd100k,bdd100k_val_bb5cc516-235bb167.jpg,0.5,0.495,0.431,0.78,0.009,7
bdd100k,bdd100k_val_bb5cc516-c0b64937.jpg,0.289,1,0.635,0.868,0,3
bdd100k,bdd100k_val_bb6264e8-08299561.jpg,0.282,1,0.708,0.706,0,5
bdd100k,bdd100k_val_bb6264e8-a591635c.jpg,0.753,0.435,0.563,0.762,0.009,4
bdd100k,bdd100k_val_bb6264e8-e8dfd14d.jpg,0.789,0.692,0.371,0.681,0.009,8
bdd100k,bdd100k_val_bb627372-de7438d2.jpg,0.692,0.646,0.138,0.888,0,1
bdd100k,bdd100k_val_bb69d2b0-fc67c3d9.jpg,0.704,0.284,0.306,0.808,0.015,3
bdd100k,bdd100k_val_bb6b9678-771c7e62.jpg,0.211,1,0.321,0.855,0.005,1
bdd100k,bdd100k_val_bb6f381e-02e9cc6b.jpg,0.675,0.789,0.535,0.706,0.018,5
bdd100k,bdd100k_val_bb72d33c-aa1919f1.jpg,0.267,0.505,0.547,0.686,0.019,4
bdd100k,bdd100k_val_bb76958b-e0a8bc7a.jpg,0.543,1,0.781,0.664,0.001,7
bdd100k,bdd100k_val_bb76c63a-586a2668.jpg,0.331,0.428,0.489,0.705,0.001,6
bdd100k,bdd100k_val_bb76c63a-f232154d.jpg,0.615,0.731,0.631,0.753,0,3
bdd100k,bdd100k_val_bb7792f1-e7ef3677.jpg,0.429,0.546,0.644,0.705,0.267,3
bdd100k,bdd100k_val_bb78624a-907eb4f3.jpg,0.759,0.379,0.44,0.706,0.025,6
bdd100k,bdd100k_val_bb78fe06-3994d745.jpg,0.546,0.696,0.764,0.677,0.017,5
bdd100k,bdd100k_val_bb799f71-b5357135.jpg,0.091,1,0.62,1,0.004,3
bdd100k,bdd100k_val_bb80de49-c7d12d6a.jpg,0.303,0.325,0.657,0.777,0.011,5
bdd100k,bdd100k_val_bb820c34-c959c253.jpg,0.307,0.909,0.564,0.734,0.012,4
bdd100k,bdd100k_val_bb848f84-44cbc584.jpg,0.347,1,0.557,0.702,0,3
bdd100k,bdd100k_val_bb8d2c06-e1a6a306.jpg,0.107,0.707,0.398,0.869,0.006,5
bdd100k,bdd100k_val_bb8dba97-2560a871.jpg,0.294,0.246,0.189,0.825,0.001,3
bdd100k,bdd100k_val_bb8dba97-50af5a1e.jpg,0.737,0.764,0.733,0.702,0.003,5
bdd100k,bdd100k_val_bb8dba97-5eb6b6b5.jpg,0.353,0.843,0.854,0.6,0.001,4
bdd100k,bdd100k_val_bb8debd8-5eb5bcfa.jpg,,,,,NA,
bdd100k,bdd100k_val_bb9071ac-4a15cb23.jpg,0.805,0.452,0.507,0.645,0.237,5
bdd100k,bdd100k_val_bb9071ac-4ee8ed8c.jpg,0.466,0.824,0.523,0.627,0.064,6
bdd100k,bdd100k_val_bb9071ac-8e2bc8fe.jpg,0.846,0.164,0.134,0.832,0,1
bdd100k,bdd100k_val_bb919332-5e30df54.jpg,0.036,0.906,0.607,1,0.002,3
bdd100k,bdd100k_val_bb919332-8ea8b53f.jpg,0.113,0.461,0.456,0.728,0.005,3
bdd100k,bdd100k_val_bb92ddee-aea40f05.jpg,NA,NA,NA,NA,0.001,2
bdd100k,bdd100k_val_bb94d14a-39633f6b.jpg,0.38,1,0.81,0.727,0.019,7
bdd100k,bdd100k_val_bb95526b-7123f6e0.jpg,0.503,0.45,0.395,0.736,0,4
bdd100k,bdd100k_val_bb9712ba-8ec90d89.jpg,0.305,0.446,0.633,0.666,0.039,8
bdd100k,bdd100k_val_bb974084-83d5efd3.jpg,0.724,1,0.878,0.6,0.002,5
bdd100k,bdd100k_val_bb974084-c0e23420.jpg,0.352,1,0.782,0.765,0,3
bdd100k,bdd100k_val_bb97c366-7664643f.jpg,0.586,0.219,0.064,0.866,0,1
bdd100k,bdd100k_val_bb9a3460-97d249c3.jpg,0.376,0.67,0.574,0.751,0.015,9
bdd100k,bdd100k_val_bb9e60a8-3a61f409.jpg,0.398,0.67,0.666,0.674,0.052,4
bdd100k,bdd100k_val_bb9e9d40-1d4d54db.jpg,0.379,1,0.771,0.83,0.003,5
bdd100k,bdd100k_val_bb9e9d40-886fb5e0.jpg,0.907,1,0.503,0.753,0,3
bdd100k,bdd100k_val_bb9f498e-5ea84006.jpg,0.638,0.781,0.649,0.704,0.013,6
bdd100k,bdd100k_val_bba45236-90850465.jpg,0.144,1,0.794,0.766,0.002,4
bdd100k,bdd100k_val_bba4ee51-12cbf4ff.jpg,0.564,0.79,0.802,0.682,0.157,8
bdd100k,bdd100k_val_bba4ee51-3badc9f8.jpg,0.374,0.547,0.412,0.63,0.007,3
bdd100k,bdd100k_val_bba4fd9f-9e4fce7a.jpg,0.386,0.785,0.64,0.7,0.09,6
bdd100k,bdd100k_val_bba94727-03cd03e0.jpg,0.4,0.763,0,0.941,0,1
bdd100k,bdd100k_val_bba9d58b-18c62a06.jpg,0.395,1,0.805,0.635,0.001,9
bdd100k,bdd100k_val_bbac8de0-3e6d9391.jpg,0.037,0.847,0.627,1,0.029,3
bdd100k,bdd100k_val_bbadf190-864c9a43.jpg,1,0.277,0,0.848,0.002,2
bdd100k,bdd100k_val_bbaf54a0-217653b8.jpg,0.375,0.473,0.507,0.699,0.016,9
bdd100k,bdd100k_val_bbb01fbb-f2064005.jpg,1,0.602,0.241,0.722,0.005,3
bdd100k,bdd100k_val_bbb1289a-a3fbe37f.jpg,0.809,0.26,0.594,0.736,0.001,6
bdd100k,bdd100k_val_bbb25499-f602899d.jpg,0.306,1,0.625,0.782,0.001,3
bdd100k,bdd100k_val_bbb28508-bd7a8e64.jpg,0.664,1,0.731,0.697,0.012,8
bdd100k,bdd100k_val_bbb7bb8e-85124fbf.jpg,0.519,0.41,0.731,0.633,0.008,6
bdd100k,bdd100k_val_bbc06e30-134b08d2.jpg,0.128,0.625,0.741,0.818,0,2
bdd100k,bdd100k_val_bbc06e30-271b20d7.jpg,,,,,NA,
bdd100k,bdd100k_val_bbc19c5e-51fd9cc0.jpg,0.575,0.765,0.786,0.681,0.031,8
bdd100k,bdd100k_val_bbc357f2-ddaa5e79.jpg,0.457,0.637,0.499,0.608,0.018,8
bdd100k,bdd100k_val_bbc755d2-e35a6b06.jpg,0.32,0.836,0.733,0.69,0.028,11
bdd100k,bdd100k_val_bbcdfc12-87ca1f44.jpg,0.656,0.436,0.555,0.796,0.017,12
bdd100k,bdd100k_val_bbcf6d54-e39b0c22.jpg,0.359,1,0.74,0.72,0.021,7
bdd100k,bdd100k_val_bbd5188d-1a9b5ef0.jpg,0.258,0.966,0.609,0.62,0.05,9
bdd100k,bdd100k_val_bbd5b9b2-5d171163.jpg,0.641,0.508,0.296,0.733,0.346,3
bdd100k,bdd100k_val_bbdad86e-abcab1f8.jpg,0.476,1,0.819,0.725,0.012,4
bdd100k,bdd100k_val_bbdb533c-9863d46e.jpg,,,,,NA,
bdd100k,bdd100k_val_bbddd5fa-1fb3ae4e.jpg,0.625,0.399,0.656,0.714,0.001,5
bdd100k,bdd100k_val_bbe207fc-d52c3f26.jpg,0.333,0.859,0.56,0.817,0.005,6
bdd100k,bdd100k_val_bbe4ec31-2932af48.jpg,0.179,0.935,0.269,1,0,1
bdd100k,bdd100k_val_bbe7c7e2-0d1dac56.jpg,0.169,1,0.833,0.555,0.036,6
bdd100k,bdd100k_val_bbe88e6d-c0e7b375.jpg,0.715,0.966,0.754,0.644,0.034,6
bdd100k,bdd100k_val_bbe91656-17f3e492.jpg,0.351,1,0.434,0.698,0.031,3
bdd100k,bdd100k_val_bbe91656-3ca9f506.jpg,0.384,1,0.601,0.637,0.097,2
bdd100k,bdd100k_val_bbe95ad4-1df76d9d.jpg,0.381,0.216,0.546,0.617,0.267,1
bdd100k,bdd100k_val_bbecbb69-bd7c745a.jpg,0.454,0.508,0.54,0.717,0.02,11
bdd100k,bdd100k_val_bbeefd23-dbf4d60e.jpg,0.594,0.528,0.589,0.651,0.05,13
bdd100k,bdd100k_val_bbef1eae-960724af.jpg,0.184,1,0.624,0.691,0.046,5
bdd100k,bdd100k_val_bbf2bd83-1f5c87da.jpg,0.37,0.541,0.597,0.685,0.064,6
bdd100k,bdd100k_val_bbf69eae-71b25b22.jpg,0.585,0.664,0.623,0.69,0.096,3
bdd100k,bdd100k_val_bbf7e280-19aed161.jpg,0.324,1,0.29,0.856,0,3
bdd100k,bdd100k_val_bbf7e280-5abb97f2.jpg,0.387,0.714,0.52,0.739,0.022,4
bdd100k,bdd100k_val_bbf7e280-e5ccb014.jpg,0.493,0.45,0.472,0.752,0.002,5
bdd100k,bdd100k_val_bbf8af11-a27cc76f.jpg,0.208,1,0.584,0.625,0.018,2
bdd100k,bdd100k_val_bbfcd002-f8531a65.jpg,1,0.903,0.155,0.782,0,2
bdd100k,bdd100k_val_bbfe3b4f-71b57b40.jpg,0.252,0.309,0.327,0.893,0.001,4
bdd100k,bdd100k_val_bbff5146-4b928b85.jpg,0.212,0.634,0.623,0.564,0.113,7
bdd100k,bdd100k_val_bbff5146-6ab95f34.jpg,0.321,1,0.565,0.636,0.003,2
bdd100k,bdd100k_val_bc013163-09158f28.jpg,0.116,0.376,0.353,0.651,0,1
bdd100k,bdd100k_val_bc053dc7-b7da4689.jpg,0.254,0.614,0.359,0.732,0,2
bdd100k,bdd100k_val_bc07bbae-a3783fe4.jpg,0.635,0.723,0.527,0.769,0.021,8
bdd100k,bdd100k_val_bc07d865-43cc5bfc.jpg,0.699,0.677,0.742,0.654,0.014,14
bdd100k,bdd100k_val_bc101f0f-2bd5f9ec.jpg,0.412,0.407,0.486,0.719,0.036,3
bdd100k,bdd100k_val_bc11304f-da51cfda.jpg,0.37,0.626,0.302,0.743,0.008,2
bdd100k,bdd100k_val_bc171ee0-b1f4fca6.jpg,0.739,0.586,0.702,0.697,0.001,5
bdd100k,bdd100k_val_bc197c3b-458c6a12.jpg,0.246,0.68,0.742,1,0.003,3
bdd100k,bdd100k_val_bc197c3b-6c5c377d.jpg,0.392,0.877,0.757,0.672,0.037,11
bdd100k,bdd100k_val_bc197c3b-fc1e2d41.jpg,0.282,0.634,0.484,0.769,0,6
bdd100k,bdd100k_val_bc19b631-363ccccc.jpg,0.318,0.835,0.623,0.815,0.001,5
bdd100k,bdd100k_val_bc19c993-2b635099.jpg,0.398,0.342,0.747,0.781,0.079,2
bdd100k,bdd100k_val_bc19c993-c0a0f85f.jpg,0.546,0.986,0.769,0.767,0.003,8
bdd100k,bdd100k_val_bc1e4645-76a7fd0e.jpg,1,0.257,0.322,1,0.001,1
bdd100k,bdd100k_val_bc223780-c88ddd93.jpg,,,,,NA,
bdd100k,bdd100k_val_bc24e2f5-286f9781.jpg,0.47,0.88,0.607,0.677,0.036,8
bdd100k,bdd100k_val_bc24f222-2acc4952.jpg,0.118,0.401,0.3,NA,0.001,1
bdd100k,bdd100k_val_bc24f222-dad76e37.jpg,0.09,1,0.443,0.686,0.006,8
bdd100k,bdd100k_val_bc2552ff-c72260e0.jpg,0.978,0.727,0.693,0.724,0.171,8
bdd100k,bdd100k_val_bc25b12f-c0e0bf75.jpg,0.397,0.926,0.617,0.691,0.026,8
bdd100k,bdd100k_val_bc29fd13-8d640e8a.jpg,0.864,0.947,0.556,0.801,0.002,8
bdd100k,bdd100k_val_bc2a1273-18d05a08.jpg,0.739,0.855,0.032,0.72,0,2
bdd100k,bdd100k_val_bc2a3aa8-65f56ef8.jpg,0.318,1,0.759,0.793,0.025,7
bdd100k,bdd100k_val_bc2de22a-b7c57049.jpg,0.621,1,0.795,0.693,0.057,5
bdd100k,bdd100k_val_bc2e185c-229fdd44.jpg,0.095,0.312,0.473,1,0.009,4
bdd100k,bdd100k_val_bc2e52cc-cbd2ddae.jpg,0.447,1,0.659,0.744,0.001,7
bdd100k,bdd100k_val_bc31b583-be060375.jpg,0.316,0.937,0.633,0.834,0.054,5
bdd100k,bdd100k_val_bc328c1f-28b41b8d.jpg,0.106,0.428,0.573,0.675,0.186,9
bdd100k,bdd100k_val_bc39d438-7a6fb2dc.jpg,0.288,0.695,0.403,0.751,0,7
bdd100k,bdd100k_val_bc3edef9-98053500.jpg,0.433,0.472,0.61,0.653,0.402,6
bdd100k,bdd100k_val_bc4799bc-bc14f187.jpg,0.72,0.713,0.497,0.749,0.05,3
bdd100k,bdd100k_val_bc574681-398fb5d1.jpg,0.336,0.92,0.64,0.916,0.083,3
bdd100k,bdd100k_val_bc5bcfab-07883191.jpg,0.664,1,0.612,0.698,0.001,14
bdd100k,bdd100k_val_bc5bcfab-23b275db.jpg,0.275,1,0.934,0.705,0.02,5
bdd100k,bdd100k_val_bc5c87da-f8979312.jpg,0.408,0.904,0.678,0.713,0.079,5
bdd100k,bdd100k_val_bc5e32e9-73480461.jpg,0.221,1,0.805,0.678,0.001,5
bdd100k,bdd100k_val_bc5e32e9-9471ac2d.jpg,0.348,0.687,0.68,0.693,0,4
bdd100k,bdd100k_val_bc5f4677-58898054.jpg,0.364,0.909,0.709,0.639,0.032,5
bdd100k,bdd100k_val_bc5fadac-47398ddc.jpg,0.286,0.212,0.144,0.733,0.001,3
bdd100k,bdd100k_val_bc5fadac-bc6d38cd.jpg,0.415,0.415,0.311,0.603,0.096,6
bdd100k,bdd100k_val_bc619446-d2608304.jpg,0.511,1,0.46,0.799,0,3
bdd100k,bdd100k_val_bc621584-2e17dc3d.jpg,0.625,0.472,0.4,0.713,0.018,15
bdd100k,bdd100k_val_bc63cae9-0690f6dc.jpg,0.765,0.891,0.357,0.802,0.001,3
bdd100k,bdd100k_val_bc64dc6f-f36a7b16.jpg,0.337,1,0.628,0.694,0.004,12
bdd100k,bdd100k_val_bc66fedc-6649b88c.jpg,0.593,1,0.795,0.727,0.113,14
bdd100k,bdd100k_val_bc67b362-fb6767aa.jpg,0.386,0.35,0.709,0.558,0,3
bdd100k,bdd100k_val_bc692855-0e184c98.jpg,0.79,1,0.793,0.783,0.009,6
bdd100k,bdd100k_val_bc692855-7c087cf6.jpg,0.408,1,0.758,0.729,0.012,10
bdd100k,bdd100k_val_bc692855-9a7e7c65.jpg,0.767,1,0.637,0.737,0,4
bdd100k,bdd100k_val_bc692855-df958197.jpg,0.578,1,0.846,0.653,0.031,5
bdd100k,bdd100k_val_bc6dd79a-5dbc7538.jpg,0.54,0.697,0.491,0.632,0.506,7
bdd100k,bdd100k_val_bc709acb-5b7fbd2f.jpg,0.278,1,0.468,0.764,0.001,5
bdd100k,bdd100k_val_bc72e27e-3c6f35f0.jpg,0.375,1,0.644,0.817,0.064,3
bdd100k,bdd100k_val_bc7a0adc-260a111d.jpg,0.62,0.943,0.567,0.749,0.016,7
bdd100k,bdd100k_val_bc7cbf85-1a484d84.jpg,0.26,0.713,0.791,0.721,0.009,9
bdd100k,bdd100k_val_bc80bb96-eca9a0d6.jpg,0.226,0.595,0.669,0.844,0,3
bdd100k,bdd100k_val_bc896c2e-27a21506.jpg,0.405,0.908,0.179,0.766,0.034,3
bdd100k,bdd100k_val_bc978e82-e82eee23.jpg,0.876,0.447,0.613,0.73,0.016,8
bdd100k,bdd100k_val_bc9b5bfb-51ebcf39.jpg,0.296,1,0.61,0.695,0,5
bdd100k,bdd100k_val_bc9da78f-b423cd9a.jpg,0.327,0.215,0.463,0.801,0.016,6
bdd100k,bdd100k_val_bc9e1979-f1fb1692.jpg,0.183,0.351,0.289,0.776,0.008,6
bdd100k,bdd100k_val_bc9fdda7-c7198a2e.jpg,0.189,0.817,0.686,0.699,0.014,5
bdd100k,bdd100k_val_bca3720a-72374014.jpg,0.149,1,0.623,0.742,0.026,4
bdd100k,bdd100k_val_bca3720a-79a8dc89.jpg,0.067,1,0.435,0.889,0.001,4
bdd100k,bdd100k_val_bca562b0-3ae25344.jpg,0.485,1,0.815,0.749,0,4
bdd100k,bdd100k_val_bcaa771b-5ace3b37.jpg,0.096,0.504,0.717,0.811,0.095,2
bdd100k,bdd100k_val_bcaa771b-a3595511.jpg,0.547,0.994,0.704,0.824,0.002,4
bdd100k,bdd100k_val_bcade6d5-430ff8e0.jpg,0.683,0.76,0.673,0.604,0.025,12
bdd100k,bdd100k_val_bcaf73c1-311f299e.jpg,0.401,0.969,0.572,0.714,0.022,15
bdd100k,bdd100k_val_bcaf73c1-7b70b7bd.jpg,,,,,NA,
bdd100k,bdd100k_val_bcaf73c1-7be6ff05.jpg,0.329,0.383,0.538,0.727,0.002,7
bdd100k,bdd100k_val_bcaf73c1-838a8ff1.jpg,0.125,0.449,0.716,0.792,0.004,5
bdd100k,bdd100k_val_bcaf73c1-a0f73960.jpg,0.575,1,0.688,0.675,0.002,6
bdd100k,bdd100k_val_bcaf73c1-f32b1d31.jpg,,,,,NA,
bdd100k,bdd100k_val_bcafa205-40fde1da.jpg,0.485,0.64,0.642,0.888,0.011,3
bdd100k,bdd100k_val_bcb356f6-520dd65c.jpg,0.514,0.573,0.485,0.74,0.022,7
bdd100k,bdd100k_val_bcb356f6-dc4b62fd.jpg,0.167,1,0.482,0.999,0.025,2
bdd100k,bdd100k_val_bcb3c18a-702288dc.jpg,0.841,0.61,0.475,0.79,0,5
bdd100k,bdd100k_val_bcbbbb55-4245620b.jpg,0.329,0.279,0.331,0.554,0,2
bdd100k,bdd100k_val_bcbbfe2a-33e57bea.jpg,0.52,0.807,0.62,0.673,0.03,14
bdd100k,bdd100k_val_bcbd5ef7-af0cef1a.jpg,0.355,1,0.803,0.777,0.108,4
bdd100k,bdd100k_val_bcbf4834-88a0b878.jpg,0.244,0.973,0.73,0.84,0.001,2
bdd100k,bdd100k_val_bcc942dc-d64dc48f.jpg,0.625,0.476,0.35,0.746,0.001,5
bdd100k,bdd100k_val_bccbf939-28a692c6.jpg,0.317,1,0.629,0.674,0.004,7
bdd100k,bdd100k_val_bccd4f82-5c8f9f28.jpg,0.667,0.098,0,1,0.001,1
bdd100k,bdd100k_val_bcd02ab4-440fd7e6.jpg,0.313,0.727,0.745,0.618,0.016,12
bdd100k,bdd100k_val_bcd166b2-944298cd.jpg,0.093,1,0.689,0.818,0,3
bdd100k,bdd100k_val_bcd9f474-7f12bf92.jpg,0.55,1,0.865,0.772,0.001,5
bdd100k,bdd100k_val_bcd9f474-c3a440b8.jpg,0.243,0.731,0.777,0.926,0.002,1
bdd100k,bdd100k_val_bcde71de-ac5c8c74.jpg,0.599,0.795,0.671,0.6,0.006,6
bdd100k,bdd100k_val_bce0e6a5-b08b2906.jpg,0.516,1,0.881,0.624,0.001,8
bdd100k,bdd100k_val_bce89210-5c5a9657.jpg,0.608,1,0.79,0.559,0.001,5
bdd100k,bdd100k_val_bcea7303-e7f7d067.jpg,0.263,0.709,0.75,0.7,0.084,9
bdd100k,bdd100k_val_bced42eb-0b9944b1.jpg,0.308,0.615,0.695,0.757,0.006,3
bdd100k,bdd100k_val_bcf483bd-153ab23c.jpg,,,,,NA,
bdd100k,bdd100k_val_bcf55067-c58fe85b.jpg,0.335,0.992,0.587,0.755,0.021,11
bdd100k,bdd100k_val_bcf70f06-5bd41cdd.jpg,,,,,NA,
bdd100k,bdd100k_val_bcf80398-cbb33b84.jpg,0.561,0.407,0.156,0.733,0.002,3
bdd100k,bdd100k_val_bd026bc5-9418706c.jpg,0.778,0.712,0.63,0.703,0.012,19
bdd100k,bdd100k_val_bd0380e5-846f84bb.jpg,0.478,0.973,0.567,0.661,0.044,13
bdd100k,bdd100k_val_bd0829be-8ed71976.jpg,0.458,0.386,0.106,0.775,0.001,3
bdd100k,bdd100k_val_bd08d471-cb9e4be6.jpg,0.229,1,0.395,0.928,0.009,2
bdd100k,bdd100k_val_bd0a1433-99c735e8.jpg,0.413,0.304,0.34,0.68,0.001,5
bdd100k,bdd100k_val_bd0b3e14-8b246958.jpg,0.501,0.542,0.324,0.629,0.047,13
bdd100k,bdd100k_val_bd0db9ed-cdca9422.jpg,0.26,0.969,0.466,0.665,0.024,8
bdd100k,bdd100k_val_bd1493ce-17a1f286.jpg,0.929,0.439,0.504,0.716,0.025,3
bdd100k,bdd100k_val_bd1b8b79-49b0729c.jpg,,,,,NA,
bdd100k,bdd100k_val_bd1d310c-f5fb429f.jpg,0.307,0.848,0.707,0.652,0.003,8
bdd100k,bdd100k_val_bd204fcd-75ab6967.jpg,0.696,0.654,0.562,0.713,0.001,6
bdd100k,bdd100k_val_bd290539-038f7b75.jpg,0.333,0.594,0.329,0.815,0,2
bdd100k,bdd100k_val_bd2cad94-ee63e010.jpg,,,,,NA,
bdd100k,bdd100k_val_bd2fd996-71e2a020.jpg,0.232,1,0.634,0.715,0.001,4
bdd100k,bdd100k_val_bd2fd996-9d659d30.jpg,0.667,0.005,0.148,0.816,0.002,1
bdd100k,bdd100k_val_bd31fb8b-28ae6a12.jpg,0.263,1,0.621,0.957,0.001,5
bdd100k,bdd100k_val_bd320d5f-f6fd0850.jpg,0.46,0.344,0.329,0.749,0.024,4
bdd100k,bdd100k_val_bd355fcc-6e341b88.jpg,0.512,0.546,0.553,0.661,0.005,17
bdd100k,bdd100k_val_bd3bd3ab-4c7b11e8.jpg,,,,,NA,
bdd100k,bdd100k_val_bd3bd3ab-d7f3de9e.jpg,0.646,0.323,0.65,0.727,0.01,7
bdd100k,bdd100k_val_bd3c3916-579aeb09.jpg,0.221,1,0.518,0.645,0.077,6
bdd100k,bdd100k_val_bd3dc2ff-243f2c63.jpg,0.515,0.874,0.66,0.782,0.01,4
bdd100k,bdd100k_val_bd422ce5-0045fc82.jpg,0.202,1,0.815,0.624,0.031,6
bdd100k,bdd100k_val_bd4518ef-21d8ee40.jpg,0.636,1,0.866,0.712,0.012,5
bdd100k,bdd100k_val_bd4518ef-d4c1fa7f.jpg,0.581,0.426,0.438,0.7,0.035,11
bdd100k,bdd100k_val_bd46bba0-926dc1db.jpg,0.417,0.855,0.481,0.723,0.005,7
bdd100k,bdd100k_val_bd46bba0-fadf1d6d.jpg,0.41,0.97,0.767,0.689,0.046,6
bdd100k,bdd100k_val_bd50478a-9599eab3.jpg,0.339,0.799,0.59,0.692,0.026,6
bdd100k,bdd100k_val_bd507fe5-eca39153.jpg,0.313,0.547,0.482,0.752,0.038,10
bdd100k,bdd100k_val_bd512863-2e6735a4.jpg,0.344,0.873,0.45,0.767,0.001,5
bdd100k,bdd100k_val_bd554ae8-bcb18664.jpg,0.203,0.831,0.617,0.833,0.014,3
bdd100k,bdd100k_val_bd57e60e-04fe485e.jpg,0.628,0.539,0.551,0.772,0.035,9
bdd100k,bdd100k_val_bd57e60e-1e11a4e0.jpg,,,,,NA,
bdd100k,bdd100k_val_bd5a0062-2a7bbf28.jpg,0.633,0.741,0.623,0.743,0.089,5
bdd100k,bdd100k_val_bd5bb58b-24a6f5e7.jpg,0.231,0.967,0.84,0.733,0.247,3
bdd100k,bdd100k_val_bd5bb58b-7daa536b.jpg,0.341,0.511,0.366,0.812,0.027,3
bdd100k,bdd100k_val_bd5c34f4-32c7b145.jpg,0.385,1,0.477,0.756,0.001,5
bdd100k,bdd100k_val_bd5c34f4-f39f6dfc.jpg,0.435,0.289,0.353,0.742,0.007,7
bdd100k,bdd100k_val_bd5cf21a-e6b9587e.jpg,0.41,0.353,0.225,0.714,0.045,4
bdd100k,bdd100k_val_bd5d35a0-1357b0da.jpg,0.803,0.376,0.493,0.691,0.015,5
bdd100k,bdd100k_val_bd5e847a-fff41819.jpg,0.39,0.137,0.177,0.931,0.129,2
bdd100k,bdd100k_val_bd5f0e20-1792f900.jpg,0.323,0.678,0.273,0.778,0.004,4
bdd100k,bdd100k_val_bd5ff552-c187e5df.jpg,0.079,0.533,0.629,0.854,0.018,5
bdd100k,bdd100k_val_bd60d984-66b1a49f.jpg,0.368,1,0.947,0.859,0,2
bdd100k,bdd100k_val_bd626633-996f4be9.jpg,,,,,NA,
bdd100k,bdd100k_val_bd65dd37-4c3cdf2d.jpg,0.485,0.992,0.774,0.705,0.044,5
bdd100k,bdd100k_val_bd67113a-5b83fcdb.jpg,0.053,0.466,0.394,NA,0.001,1
bdd100k,bdd100k_val_bd6c7aef-f3373443.jpg,0.898,0.629,0.599,0.762,0.001,6
bdd100k,bdd100k_val_bd6ca291-74e28b01.jpg,0.179,0.442,0.539,0.709,0.013,5
bdd100k,bdd100k_val_bd70577b-57a066d8.jpg,0.328,1,0.699,0.775,0.066,4
bdd100k,bdd100k_val_bd70577b-b4dd3097.jpg,0.471,1,0.819,0.644,0.006,6
bdd100k,bdd100k_val_bd735753-1451d21f.jpg,0.342,0.417,0.598,0.809,0.023,5
bdd100k,bdd100k_val_bd75454a-69e7f645.jpg,0.151,1,0.753,0.744,0.001,6
bdd100k,bdd100k_val_bd7c460d-4a317a77.jpg,0.613,0.781,0.561,0.741,0,5
bdd100k,bdd100k_val_bd7ccf83-18bccb70.jpg,0.377,0.705,0.748,0.705,0.064,4
bdd100k,bdd100k_val_bd7f7061-601abafd.jpg,0.665,0.522,0.427,0.655,0.013,8
bdd100k,bdd100k_val_bd816a01-fa31ce3d.jpg,0.282,0.706,0.696,0.776,0.001,7
bdd100k,bdd100k_val_bd92c756-d4b30972.jpg,0.245,0.883,0.255,0.741,0,3
bdd100k,bdd100k_val_bd989210-d2369f97.jpg,0.159,0.684,0.362,0.823,0.009,2
bdd100k,bdd100k_val_bd99da12-66a3321c.jpg,0.322,1,0.87,0.728,0.008,7
bdd100k,bdd100k_val_bd9dbebc-c0b5de37.jpg,0.296,1,0.697,0.622,0.001,5
bdd100k,bdd100k_val_bd9dbebc-e5756011.jpg,0.392,0.883,0.629,0.775,0.001,4
bdd100k,bdd100k_val_bd9fdd5a-4c17304a.jpg,0.392,1,0.858,0.807,0.004,5
bdd100k,bdd100k_val_bd9fdd5a-6ef5f943.jpg,0.386,0.321,0.733,0.707,0.028,7
bdd100k,bdd100k_val_bda149bd-02d7100c.jpg,0.081,1,0.77,0.73,0.001,4
bdd100k,bdd100k_val_bda1719b-476378b3.jpg,0.6,0.641,0.605,1,0.04,1
bdd100k,bdd100k_val_bda20cf9-258f2c93.jpg,0.772,0.768,0.472,0.549,0.17,2
bdd100k,bdd100k_val_bda35230-332be7ac.jpg,0.091,0.759,0.551,1,0.001,2
bdd100k,bdd100k_val_bda88326-42cec697.jpg,0.66,0.581,0.481,0.744,0.001,7
bdd100k,bdd100k_val_bdabbd46-c58c1d2f.jpg,0.385,0.864,0.435,0.621,NA,2
bdd100k,bdd100k_val_bdacfa22-5563c8aa.jpg,0.36,0.276,0.395,0.735,0.012,3
bdd100k,bdd100k_val_bdae005f-d0bb4101.jpg,0.234,0.222,0.315,0.735,0.077,4
bdd100k,bdd100k_val_bdae58fa-d3c8737c.jpg,0.857,0.276,0.3,0.839,0,1
bdd100k,bdd100k_val_bdaeda37-6b0b9900.jpg,0.645,0.543,0.567,0.79,0.038,4
bdd100k,bdd100k_val_bdaeda37-dfe74a95.jpg,0.393,0.316,0.41,0.693,0.013,3
bdd100k,bdd100k_val_bdb2f6cb-5c0f0ee8.jpg,0.244,1,0.492,0.718,0.001,2
bdd100k,bdd100k_val_bdb2f6cb-8da5fa42.jpg,0.656,0.288,0.451,0.816,0.001,2
bdd100k,bdd100k_val_bdb56045-67e52488.jpg,,,,,NA,
bdd100k,bdd100k_val_bdb610dc-15dd7f0f.jpg,0.541,1,0.652,0.658,0.002,11
bdd100k,bdd100k_val_bdb658c2-01af4ab1.jpg,0.511,0.443,0.185,0.623,0.024,9
bdd100k,bdd100k_val_bdb90975-a729ef7b.jpg,0.25,0.248,0,1,0.001,1
bdd100k,bdd100k_val_bdb95837-0c2e3b2b.jpg,0.096,0.824,0.408,0.692,0.03,6
bdd100k,bdd100k_val_bdb95837-a9465f1b.jpg,0.528,0.76,0.663,0.724,0.053,10
bdd100k,bdd100k_val_bdba96db-85f26106.jpg,,,,,NA,
bdd100k,bdd100k_val_bdbdc4df-8b2c5f23.jpg,,,,,NA,
bdd100k,bdd100k_val_bdbfc024-d4ec7ef3.jpg,,,,,NA,
bdd100k,bdd100k_val_bdc3e97b-67eee595.jpg,0.33,0.828,0.518,0.745,0.003,4
bdd100k,bdd100k_val_bdcb68eb-1d074566.jpg,0.242,1,0.538,0.702,0.026,9
bdd100k,bdd100k_val_bdcb68eb-8174c535.jpg,0.174,0.648,0.559,0.803,0.001,7
bdd100k,bdd100k_val_bdcb68eb-e897551f.jpg,0.8,1,0.692,0.694,0.113,2
bdd100k,bdd100k_val_bdcd1ea1-ad1f4ec3.jpg,0.481,0.98,0,0.84,0.002,8
bdd100k,bdd100k_val_bdcd6f24-0b1af2bf.jpg,0.51,1,0.733,0.526,0.007,5
bdd100k,bdd100k_val_bdcd6f24-c646d15b.jpg,0.396,0.642,0.285,0.7,0.009,8
bdd100k,bdd100k_val_bdd20a54-d852fa69.jpg,0.284,0.728,0.482,0.623,0.009,7
bdd100k,bdd100k_val_bdd3a05e-5d28f64d.jpg,0.669,0.541,0.513,0.633,0.01,6
bdd100k,bdd100k_val_bdd463a8-94969b77.jpg,0.489,0.748,0.789,0.635,0.001,10
bdd100k,bdd100k_val_bdd645df-90aa8572.jpg,0.25,0.436,0.38,0.901,0,1
bdd100k,bdd100k_val_bdd7290c-d5f718f4.jpg,0.286,0.052,0.447,NA,NA,1
bdd100k,bdd100k_val_bdda4e2e-6d2bc480.jpg,0.365,0.818,0.72,0.747,0.065,7
bdd100k,bdd100k_val_bddd9d1b-b65a1301.jpg,,,,,NA,
bdd100k,bdd100k_val_bde0caa6-d7d428b5.jpg,0.365,0.218,0.319,0.792,0.001,3
bdd100k,bdd100k_val_bde10ba1-966885c2.jpg,0.463,1,0.575,0.705,0.029,4
bdd100k,bdd100k_val_bde48a59-81b1f93a.jpg,0.222,1,0.835,0.702,0,1
bdd100k,bdd100k_val_bde6a41e-1935bf93.jpg,0.738,0.747,0.62,0.726,0.148,8
bdd100k,bdd100k_val_bde7a73a-ee84f1a1.jpg,0.316,0.449,0.232,0.89,0.001,3
bdd100k,bdd100k_val_bde83a65-61f8f702.jpg,0.553,0.272,0.509,0.744,0.125,4
bdd100k,bdd100k_val_bde83a65-d8ce4ddc.jpg,0.725,0.235,0.309,0.709,0.006,19
bdd100k,bdd100k_val_bde96867-d909dae7.jpg,0.364,1,0.7,0.754,0.004,10
bdd100k,bdd100k_val_bde9f2e6-e059e5e3.jpg,0.357,0.618,0.58,0.738,0.028,3
bdd100k,bdd100k_val_bdec39d8-f1063651.jpg,0.352,0.734,0.679,0.692,0.008,3
bdd100k,bdd100k_val_bded2d56-8641bc0d.jpg,0.35,0.443,0.523,0.895,0.001,5
bdd100k,bdd100k_val_bded2d56-9a09a78b.jpg,0.442,1,0.721,0.834,0.336,3
bdd100k,bdd100k_val_bdf58c55-dee0b9f7.jpg,0.436,0.62,0.675,0.628,0.17,9
bdd100k,bdd100k_val_bdf775d9-3cb15a15.jpg,0.371,0.861,0.751,0.635,0.001,12
bdd100k,bdd100k_val_bdf8fcad-9b37333e.jpg,0.115,0.537,0.675,0.793,0.026,6
bdd100k,bdd100k_val_bdf8fcad-dfe047d1.jpg,0.467,0.465,0.357,0.931,0,2
bdd100k,bdd100k_val_bdf90fcb-d42380c0.jpg,0.278,0.383,0.528,0.731,0.018,10
bdd100k,bdd100k_val_bdfc6bf1-523e96ae.jpg,0.119,0.233,0,0.556,0.002,1
bdd100k,bdd100k_val_be0456d5-e34d2c07.jpg,0.321,0.644,0.533,0.81,0.001,4
bdd100k,bdd100k_val_be047105-0662bd2d.jpg,0.458,0.488,0.642,0.652,0.005,3
bdd100k,bdd100k_val_be047105-ea277d1d.jpg,0.958,0.467,0.428,0.738,0.012,7
bdd100k,bdd100k_val_be0c9d29-04747419.jpg,0.114,1,0.892,1,0.021,2
bdd100k,bdd100k_val_be0fdf82-972594ce.jpg,0.446,0.704,0.379,0.678,0.002,5
bdd100k,bdd100k_val_be10fa73-799d904b.jpg,0.5,1,0.795,0.613,0.005,5
bdd100k,bdd100k_val_be12aefd-dad8b385.jpg,0.161,0.63,0.74,0.624,0.006,4
bdd100k,bdd100k_val_be18edca-1dac55eb.jpg,0.258,0.581,0.695,0.763,0.001,6
bdd100k,bdd100k_val_be2034df-3fbd9d5b.jpg,,,,,NA,
bdd100k,bdd100k_val_be2034df-a6b260a5.jpg,0.789,1,0.691,0.784,NA,2
bdd100k,bdd100k_val_be2b1f01-892bf2bb.jpg,0.125,0.889,0.744,0.804,0,2
bdd100k,bdd100k_val_be2c1849-5faf51d5.jpg,0.526,1,0.737,0.667,0.112,14
bdd100k,bdd100k_val_be2c1849-e2e8cf17.jpg,0.466,0.537,0.522,0.752,0.005,9
bdd100k,bdd100k_val_be2c1849-ed1a9103.jpg,0.098,0.897,0.639,0.849,0.061,2
bdd100k,bdd100k_val_be2d5044-9707da3e.jpg,0.476,0.558,0.589,0.671,0.066,18
bdd100k,bdd100k_val_be3147c4-1f271e92.jpg,0.118,0.209,0.036,1,0.081,2
bdd100k,bdd100k_val_be3159f3-16212270.jpg,0.558,0.3,0.211,0.746,0,4
bdd100k,bdd100k_val_be3294d0-a580161f.jpg,0.08,0.178,0.036,NA,0.001,2
bdd100k,bdd100k_val_be3301b2-f3d95701.jpg,0.416,0.951,0.811,0.712,0.001,8
bdd100k,bdd100k_val_be395d23-22773837.jpg,,,,,NA,
bdd100k,bdd100k_val_be395d23-2df9d7c9.jpg,0.333,1,0.711,0.777,0.001,4
bdd100k,bdd100k_val_be39c92f-cef221af.jpg,0.369,0.351,0.19,0.7,0.126,7
bdd100k,bdd100k_val_be3a20e2-7791c4b9.jpg,0.5,1,0.672,0.734,0.019,7
bdd100k,bdd100k_val_be3b7c5d-d25131a7.jpg,0.78,0.78,0.46,0.789,0.001,5
bdd100k,bdd100k_val_be40bcad-48aead92.jpg,0.2,0.203,0.038,1,0.002,1
bdd100k,bdd100k_val_be41362b-587a17b4.jpg,0.196,0.894,0.694,0.629,0.001,7
bdd100k,bdd100k_val_be41362b-a1a37afb.jpg,0.287,1,0.844,0.687,0.005,8
bdd100k,bdd100k_val_be42e5e6-73d1f920.jpg,0.535,1,0.767,0.764,0.04,6
bdd100k,bdd100k_val_be449d8d-288c49bd.jpg,0.583,0.413,0.262,0.714,0.001,3
bdd100k,bdd100k_val_be449d8d-c3a01551.jpg,,,,,NA,
bdd100k,bdd100k_val_be45679b-3cf3ef8d.jpg,0.295,1,0.833,0.736,0.054,7
bdd100k,bdd100k_val_be463595-0ac17b97.jpg,0.417,0.755,0.465,0.716,0.062,3
bdd100k,bdd100k_val_be4cbd00-06f42982.jpg,0.104,1,0.779,0.807,0.015,8
bdd100k,bdd100k_val_be501fd0-e063aff3.jpg,0.579,0.412,0.412,0.762,0.001,3
bdd100k,bdd100k_val_be52b29f-0ae76ecf.jpg,0.484,0.448,0.703,0.783,0,3
bdd100k,bdd100k_val_be52b29f-3c297726.jpg,0.228,0.963,0.485,0.719,0.173,3
bdd100k,bdd100k_val_be52b29f-61846699.jpg,0.667,1,0.655,0.729,0.001,2
bdd100k,bdd100k_val_be52b29f-aa3b290b.jpg,0.374,1,0.83,0.629,0.134,4
bdd100k,bdd100k_val_be535920-9cc2e6aa.jpg,0.367,1,0.79,0.61,0.052,7
bdd100k,bdd100k_val_be554fed-f627824e.jpg,0.571,0.447,0.61,0.734,0.017,5
bdd100k,bdd100k_val_be56ab92-96e20e29.jpg,1,0.783,0.272,1,0.001,1
bdd100k,bdd100k_val_be56ab92-da00e516.jpg,1,0.198,0.29,0.636,0.002,1
bdd100k,bdd100k_val_be5b8df4-f47db0e2.jpg,0.235,1,0.728,0.655,0.173,9
bdd100k,bdd100k_val_be5c5aae-206ccb9c.jpg,0.359,1,0.734,0.684,0.019,6
bdd100k,bdd100k_val_be5c5aae-67fd8380.jpg,0.337,1,0.757,0.751,0,5
bdd100k,bdd100k_val_be5ca360-3585455f.jpg,0.261,0.654,0.64,0.684,0.042,6
bdd100k,bdd100k_val_be5ec90e-8f48d12d.jpg,0.214,0.715,0.514,0.749,0.009,4
bdd100k,bdd100k_val_be60191c-2dea5114.jpg,0.839,0.435,0.536,0.694,0.009,9
bdd100k,bdd100k_val_be60191c-cade58a2.jpg,0.571,0.555,0.654,0.678,0.075,4
bdd100k,bdd100k_val_be651ed5-21253da1.jpg,0.311,0.931,0.608,0.69,0.02,7
bdd100k,bdd100k_val_be651ed5-90da2dc5.jpg,0.092,0.482,0.435,0.784,0.023,3
bdd100k,bdd100k_val_be651ed5-bdd56721.jpg,0.172,0.71,0.633,0.768,0,4
bdd100k,bdd100k_val_be651ed5-eceae7bc.jpg,0.447,0.522,0.286,0.633,0.281,1
bdd100k,bdd100k_val_be651ffd-0bc74ac7.jpg,0.07,0.153,0.388,NA,0.031,3
bdd100k,bdd100k_val_be66a004-91dbe123.jpg,,,,,NA,
bdd100k,bdd100k_val_be6ed1f7-dd0e252b.jpg,0.407,0.643,0.687,0.667,0.324,4
bdd100k,bdd100k_val_be731030-82d58159.jpg,0.536,0.501,0.6,0.767,0.001,8
bdd100k,bdd100k_val_be777044-db29e596.jpg,0.571,0.533,0.473,0.761,0.002,2
bdd100k,bdd100k_val_be791a81-a6b53fef.jpg,0.813,0.861,0.703,0.721,0.017,4
bdd100k,bdd100k_val_be7b856e-d1ece683.jpg,,,,,NA,
bdd100k,bdd100k_val_be80a253-75e6f6aa.jpg,0.645,1,0.729,0.632,0.003,3
bdd100k,bdd100k_val_be832d0b-0ed20122.jpg,0.614,1,0.838,0.724,0.015,5
bdd100k,bdd100k_val_be83fbfa-53a6b842.jpg,0.619,0.273,0.628,0.805,0.001,6
bdd100k,bdd100k_val_be8590fa-9ab10ced.jpg,0.244,0.535,0.557,0.644,0.073,11
bdd100k,bdd100k_val_be860305-899a96c3.jpg,0.202,0.986,0.628,0.732,0.205,6
bdd100k,bdd100k_val_be8663d6-e9cbeb2e.jpg,0.527,0.968,0.672,0.816,0,3
bdd100k,bdd100k_val_be8962cd-17e6f610.jpg,0.303,1,0.808,0.835,0.018,5
bdd100k,bdd100k_val_be8962cd-2f4d528e.jpg,0.02,0.512,0,1,0.001,1
bdd100k,bdd100k_val_be8bceff-efda56f8.jpg,0.06,1,0.306,1,0.013,1
bdd100k,bdd100k_val_be94df25-464ac4f8.jpg,0.536,1,0.764,0.693,0.003,6
bdd100k,bdd100k_val_be9a438d-fec060b0.jpg,0.553,1,0.716,0.787,0.001,4
bdd100k,bdd100k_val_be9ce27e-65ec1c4e.jpg,0.488,0.761,0.561,0.593,0.025,7
bdd100k,bdd100k_val_bea02fed-85841fe4.jpg,0.299,0.465,0.372,0.8,0.014,5
bdd100k,bdd100k_val_bea02fed-c120c91d.jpg,0.818,0.261,0.082,0.977,0,1
bdd100k,bdd100k_val_bea64506-a82db0f9.jpg,0.543,0.574,0.475,0.661,0.122,11
bdd100k,bdd100k_val_bea64506-c04d4b12.jpg,0.428,0.588,0.585,0.625,0.067,9
bdd100k,bdd100k_val_bea74140-801c009e.jpg,0.598,0.658,0.583,0.713,0.116,5
bdd100k,bdd100k_val_beaa0c22-77f57e18.jpg,0.128,0.468,0.346,0.761,0.059,8
bdd100k,bdd100k_val_beaa0c22-9f7d6767.jpg,0.33,0.405,0.198,0.79,0.036,3
bdd100k,bdd100k_val_beb12388-2a415a61.jpg,0.664,1,0.814,0.756,0.004,5
bdd100k,bdd100k_val_beb2d175-72de2f87.jpg,0.446,0.596,0.615,0.604,0.054,9
bdd100k,bdd100k_val_beb3d6ea-272401a6.jpg,0.23,0.602,0.398,0.543,0.006,8
bdd100k,bdd100k_val_beb41a39-89ceabe8.jpg,0.291,0.672,0.824,0.781,0.001,7
bdd100k,bdd100k_val_beb41a39-be4bfe96.jpg,0.248,0.702,0.763,0.728,0,5
bdd100k,bdd100k_val_beb53c44-3b9231ca.jpg,,,,,NA,
bdd100k,bdd100k_val_beb53c44-f3619124.jpg,0.352,1,0.692,0.665,0.056,8
bdd100k,bdd100k_val_beb712cc-6594b626.jpg,0.644,0.921,0.586,0.708,0.049,8
bdd100k,bdd100k_val_bebb5b76-68384a7d.jpg,0.753,0.594,0.516,0.744,0.009,3
bdd100k,bdd100k_val_bebc6162-bf494364.jpg,0.546,0.439,0.114,0.679,0.008,12
bdd100k,bdd100k_val_bebd2415-30a87543.jpg,1,0.735,0.709,1,0.001,1
bdd100k,bdd100k_val_bec165a2-cc4b47ed.jpg,0.242,1,0.89,1,0.001,4
bdd100k,bdd100k_val_bec19328-e01f5679.jpg,0.021,0.392,0.473,1,0.127,1
bdd100k,bdd100k_val_bec66c97-a8a831f3.jpg,0.667,0.107,0.64,1,0.001,1
bdd100k,bdd100k_val_bec7b5c0-1bbf2379.jpg,0.929,0.562,0.336,0.677,0.001,2
bdd100k,bdd100k_val_bec7b5c0-43e0242a.jpg,0.605,0.273,0.44,0.78,0.001,5
bdd100k,bdd100k_val_bec7b5c0-5cf322d9.jpg,0.844,0.343,0.5,0.716,0.001,3
bdd100k,bdd100k_val_bed3bee0-0aa5d83d.jpg,0.647,1,0.731,0.721,0,8
bdd100k,bdd100k_val_bed4ed94-526eb41d.jpg,0.573,0.516,0.576,0.684,0.027,8
bdd100k,bdd100k_val_bed4ed94-7b8c51c7.jpg,0.766,0.715,0.524,0.673,0.121,5
bdd100k,bdd100k_val_bed782a6-b511b4b6.jpg,0.101,1,0.799,0.917,0.075,5
bdd100k,bdd100k_val_bed7aad9-554b58df.jpg,0.168,1,0.489,0.835,0.026,5
bdd100k,bdd100k_val_bed8e0d6-615b8f5e.jpg,0.156,1,0.671,0.812,0.001,5
bdd100k,bdd100k_val_bedcfa26-e2d45cac.jpg,0.593,1,0.584,0.99,0.001,5
bdd100k,bdd100k_val_bedd1376-090caeff.jpg,0.529,0.344,0.3,0.715,0.004,8
bdd100k,bdd100k_val_bee1374f-cceb9a68.jpg,0.419,0.434,0.635,0.708,0.096,4
bdd100k,bdd100k_val_bee1b799-cfe60aff.jpg,0.338,0.61,0.441,0.874,0,2
bdd100k,bdd100k_val_bee1f0a4-22dbabcd.jpg,0.625,0.459,0.521,0.606,0.02,6
bdd100k,bdd100k_val_bee67716-066d25dc.jpg,0.449,0.848,0.566,0.787,0.012,4
bdd100k,bdd100k_val_bee67716-2a04a827.jpg,0.452,0.717,0.594,0.712,0.244,5
bdd100k,bdd100k_val_bee6e5eb-ee57b54a.jpg,0.325,1,0.822,0.718,0.003,5
bdd100k,bdd100k_val_bee6f1ed-04d4eed4.jpg,0.421,0.729,0.624,0.745,0,3
bdd100k,bdd100k_val_beeaded5-9bb26175.jpg,0.392,0.962,0.681,0.946,0.004,3
bdd100k,bdd100k_val_beeaded5-ab8d8f4b.jpg,0.205,0.555,0.755,0.684,0.019,10
bdd100k,bdd100k_val_beebb876-fec7bfc6.jpg,0.345,0.276,0.12,0.736,0,2
bdd100k,bdd100k_val_bef271e3-99f9020e.jpg,0.683,0.777,0.424,0.689,0.074,8
bdd100k,bdd100k_val_bef3c0bd-5e448793.jpg,0.263,1,0.589,0.8,0,4
bdd100k,bdd100k_val_bef60eb6-80419967.jpg,,,,,NA,
bdd100k,bdd100k_val_bef60eb6-b92e9131.jpg,,,,,NA,
bdd100k,bdd100k_val_bef7c739-8821d482.jpg,0.25,0.062,0.024,0.95,0.05,1
bdd100k,bdd100k_val_bef7c739-c71a55d9.jpg,0.393,1,0.34,0.803,0.001,5
bdd100k,bdd100k_val_bef8ae8b-17ae6029.jpg,,,,,NA,
bdd100k,bdd100k_val_befbf2cc-bec128ef.jpg,0.316,1,0.819,0.587,0.045,11
bdd100k,bdd100k_val_befe15d9-e3db8d6b.jpg,0.456,0.824,0.505,0.692,0.11,6
bdd100k,bdd100k_val_befee345-01dae796.jpg,0.415,0.681,0.23,0.709,0.096,3
bdd100k,bdd100k_val_befee345-1efe9c0a.jpg,0.575,1,0.793,1,0.058,3
bdd100k,bdd100k_val_beff1d1c-567ec742.jpg,0.737,0.578,0.448,0.738,0.003,3
bdd100k,bdd100k_val_beff1d1c-7c47d369.jpg,0.256,0.674,0.615,0.597,0,4
bdd100k,bdd100k_val_beff1d1c-faff23dd.jpg,0.386,0.545,0.615,0.781,0.006,8
bdd100k,bdd100k_val_bf041cc0-35f5357e.jpg,0.028,1,0.724,1,0.052,3
bdd100k,bdd100k_val_bf0b285b-46b928cd.jpg,0.438,0.272,0.393,0.582,0.026,10
bdd100k,bdd100k_val_bf0b4238-302c2ca1.jpg,0.418,0.806,0.583,0.701,0.028,6
bdd100k,bdd100k_val_bf0e0d24-ab9a3039.jpg,0.522,1,0.746,0.69,0.03,11
bdd100k,bdd100k_val_bf0e0d24-b48c6201.jpg,,,,,NA,
bdd100k,bdd100k_val_bf0e0d24-c2c09c60.jpg,0.558,1,0.755,0.794,0,5
bdd100k,bdd100k_val_bf0fd4de-7db956ab.jpg,0.216,0.29,0.255,0.75,0.001,5
bdd100k,bdd100k_val_bf1e5669-69f07222.jpg,0.296,0.763,0.544,0.917,NA,2
bdd100k,bdd100k_val_bf1e5669-bbaafa89.jpg,0.943,1,0.791,0.656,0.039,3
bdd100k,bdd100k_val_bf1f6e6e-3e47c0f7.jpg,0.275,1,0.73,0.666,0.007,5
bdd100k,bdd100k_val_bf213ac1-760849cf.jpg,0.175,0.937,0.536,0.767,0.001,5
bdd100k,bdd100k_val_bf214d1e-2c30bc7d.jpg,0.712,1,0.618,0.669,0.007,16
bdd100k,bdd100k_val_bf261d80-f339c048.jpg,0.757,0.634,0.586,0.721,0.031,4
bdd100k,bdd100k_val_bf293835-27fe9270.jpg,0.426,0.94,0.793,0.711,0.06,10
bdd100k,bdd100k_val_bf29e65c-53d90f54.jpg,0.5,0.468,0.668,0.939,0.001,2
bdd100k,bdd100k_val_bf2e0bca-0e06c1e6.jpg,,,,,NA,
bdd100k,bdd100k_val_bf2e0bca-37a0f62f.jpg,0.154,1,0.627,0.906,0.001,3
bdd100k,bdd100k_val_bf343a92-8db05f89.jpg,0.718,0.501,0.25,0.766,0.011,8
bdd100k,bdd100k_val_bf35c34e-a6721934.jpg,,,,,NA,
bdd100k,bdd100k_val_bf3ce441-1f58c6c7.jpg,0.255,0.772,0.733,0.673,0.022,6
bdd100k,bdd100k_val_bf44f0b6-9339bf70.jpg,0.4,0.72,0.397,0.586,0.141,5
bdd100k,bdd100k_val_bf474631-7bf7833c.jpg,0.46,0.69,0.661,0.623,0.052,8
bdd100k,bdd100k_val_bf480c09-1ca4a92f.jpg,0.489,1,0.88,0.779,0.006,3
bdd100k,bdd100k_val_bf482378-7f39ea1d.jpg,0.264,0.963,0.553,0.563,0.019,3
bdd100k,bdd100k_val_bf527384-71f7e998.jpg,0.056,1,0.831,1,0.032,2
bdd100k,bdd100k_val_bf54973d-fa144605.jpg,0.45,0.868,0.548,0.742,0.001,5
bdd100k,bdd100k_val_bf57ea07-3e2c4a5c.jpg,0.31,0.249,0.31,0.662,0.002,2
bdd100k,bdd100k_val_bf5ea8d2-94c28266.jpg,,,,,NA,
bdd100k,bdd100k_val_bf60c0eb-310cd7ca.jpg,0.288,1,0.554,0.706,0.041,8
bdd100k,bdd100k_val_bf61730d-6e8eedcc.jpg,0.74,1,0.539,0.737,0.001,5
bdd100k,bdd100k_val_bf62df05-874604fe.jpg,0.127,1,0.528,0.62,0,2
bdd100k,bdd100k_val_bf62df05-98d03652.jpg,0.464,1,0.737,0.793,0.025,9
bdd100k,bdd100k_val_bf62e180-b6240b12.jpg,0.763,0.437,0.56,0.741,0.007,7
bdd100k,bdd100k_val_bf6315ee-ab762696.jpg,0.14,0.662,0.544,0.795,0.002,8
bdd100k,bdd100k_val_bf70a9e2-55b26931.jpg,0.45,0.852,0.564,0.656,0.002,6
bdd100k,bdd100k_val_bf7355b8-f5de162f.jpg,0.38,1,0.536,0.865,0.018,4
bdd100k,bdd100k_val_bf77e9b1-33a1b81e.jpg,0.55,0.404,0.457,0.716,0,4
bdd100k,bdd100k_val_bf77e9b1-cd3a731c.jpg,0.366,1,0.717,0.627,0.009,10
bdd100k,bdd100k_val_bf78f601-1003f3da.jpg,0.188,0.647,0.593,0.709,0.001,6
bdd100k,bdd100k_val_bf7cb2a4-685faa7f.jpg,0.062,1,0.623,0.926,0.002,4
bdd100k,bdd100k_val_bf7f097a-2fcff02a.jpg,0.106,0.263,0.629,0.657,0.001,3
bdd100k,bdd100k_val_bf7f98e7-026008d3.jpg,0.19,0.467,0.529,0.929,0.051,2
bdd100k,bdd100k_val_bf80a27d-159d64f6.jpg,0.181,1,0.784,0.87,0.015,5
bdd100k,bdd100k_val_bf8332bd-2f11c278.jpg,0.772,0.643,0.669,0.68,0.05,10
bdd100k,bdd100k_val_bf8982ce-1369162c.jpg,0.393,0.252,0.686,0.735,0.004,6
bdd100k,bdd100k_val_bf8ff5f5-916b50d0.jpg,0.566,0.933,0.656,0.73,0.118,6
bdd100k,bdd100k_val_bf96ae83-7705add3.jpg,0.294,0.394,0.372,0.982,0.012,3
bdd100k,bdd100k_val_bf9881e4-ade54a94.jpg,0.581,0.472,0.495,0.636,0.133,11
bdd100k,bdd100k_val_bf9ba5a3-22398dcc.jpg,0.444,0.47,0.477,0.713,0.001,3
bdd100k,bdd100k_val_bf9d1ca5-2ff62aeb.jpg,0.5,0.55,0.391,0.757,0,3
bdd100k,bdd100k_val_bf9e3b67-2d5736bc.jpg,0.125,0.931,0.47,1,0.001,2
bdd100k,bdd100k_val_bf9e5f64-da8a4c40.jpg,0.226,0.719,0.702,0.682,0.139,9
bdd100k,bdd100k_val_bfa5fc6e-d9573dba.jpg,,,,,NA,
bdd100k,bdd100k_val_bfa5fc6e-e4c87cf7.jpg,0.882,0.408,0.292,0.68,NA,1
bdd100k,bdd100k_val_bfa89962-310ad204.jpg,0.647,0.734,0.538,0.694,0.001,1
bdd100k,bdd100k_val_bfa92b30-41f9894f.jpg,0.204,1,0.848,0.713,0.025,9
bdd100k,bdd100k_val_bfaa2229-c1b190bb.jpg,0.104,1,0.473,0.992,0.264,1
bdd100k,bdd100k_val_bfaa6e54-7749c750.jpg,0.406,0.61,0.514,0.653,0.008,4
bdd100k,bdd100k_val_bfaa6e54-86f831bf.jpg,0.246,0.871,0.543,0.764,0,3
bdd100k,bdd100k_val_bfaa6e54-fafa90f6.jpg,0.182,0.491,0.34,0.822,0.017,3
bdd100k,bdd100k_val_bfaca2bb-22fbe726.jpg,0.216,0.913,0.498,0.753,0.001,3
bdd100k,bdd100k_val_bfaca2bb-30af2110.jpg,0.456,0.475,0.365,0.696,0,4
bdd100k,bdd100k_val_bfaca2bb-b5223147.jpg,0.243,0.812,0.589,0.7,0.058,8
bdd100k,bdd100k_val_bfb0e8d5-bd35f625.jpg,1,0.307,0.229,0.966,0.001,1
bdd100k,bdd100k_val_bfb37269-2df1685d.jpg,0.638,1,0.74,0.805,0,4
bdd100k,bdd100k_val_bfb3e0e3-9844c8ca.jpg,0.5,0.427,0.131,0.813,0.035,1
bdd100k,bdd100k_val_bfb72242-2b84934e.jpg,0.316,0.431,0.732,0.718,0.002,5
bdd100k,bdd100k_val_bfc43556-5db6add1.jpg,0.15,0.206,0.062,0.675,0.001,4
bdd100k,bdd100k_val_bfc5dbe7-792c876f.jpg,0.691,0.646,0.22,0.738,0.001,10
bdd100k,bdd100k_val_bfc8dd24-b7264c9d.jpg,,,,,NA,
bdd100k,bdd100k_val_bfc99518-547e6e69.jpg,0.456,1,0.468,0.618,0.154,5
bdd100k,bdd100k_val_bfd64d5f-172c9bb5.jpg,0.683,0.627,0.588,0.704,0.009,3
bdd100k,bdd100k_val_bfd64d5f-d141be33.jpg,0.659,0.565,0.757,0.648,0.033,10
bdd100k,bdd100k_val_bfd74a4a-94602dce.jpg,0.351,0.676,0.54,0.631,0.036,11
bdd100k,bdd100k_val_bfe1fd3b-01f8671b.jpg,0.396,0.555,0.439,0.753,0.009,2
bdd100k,bdd100k_val_bfe2b817-8501bdbe.jpg,0.818,0.259,0.595,0.75,0.005,5
bdd100k,bdd100k_val_bfe2b817-f79474a3.jpg,0.405,0.865,0.539,0.799,0.003,7
bdd100k,bdd100k_val_bfe52f47-395aca52.jpg,0.262,0.363,0.729,0.676,0.063,5
bdd100k,bdd100k_val_bfe52f47-a09aa689.jpg,0.193,0.245,0.367,0.594,0.029,12
bdd100k,bdd100k_val_bfe7b25a-08e67541.jpg,0.138,1,0.656,0.556,0.007,3
bdd100k,bdd100k_val_bfe8b400-4d8c8141.jpg,0.077,1,0.466,0.817,0.001,3
bdd100k,bdd100k_val_bfea6630-64c40790.jpg,,,,,NA,
bdd100k,bdd100k_val_bfef4a55-005ca254.jpg,0.672,0.38,0.217,0.731,0.011,14
bdd100k,bdd100k_val_bfef4a55-c2edf3fa.jpg,0.542,0.447,0.316,0.773,0.002,10
bdd100k,bdd100k_val_bff35990-58723dd3.jpg,0.274,0.453,0.382,0.713,0.001,4
bdd100k,bdd100k_val_bff4b8c8-1713b132.jpg,0.071,0.575,0.654,NA,0,1
bdd100k,bdd100k_val_bff4bb8b-152c6105.jpg,0.496,0.411,0.414,0.741,0.002,13
bdd100k,bdd100k_val_bff7ed18-b5f7d2e1.jpg,0.703,0.684,0.726,0.695,0.014,6
bdd100k,bdd100k_val_bffa2c3f-b28b13ed.jpg,0.513,1,0.881,0.731,0.13,5
bdd100k,bdd100k_val_bffc4ac6-08b91b4d.jpg,0.263,1,0.67,0.707,0.139,6
bdd100k,bdd100k_val_bffc4ac6-583caa9e.jpg,0.55,1,0.701,0.717,0.056,7
bdd100k,bdd100k_val_bffd135f-e90ce8f8.jpg,0.727,0.998,0.668,0.686,0.014,4
bdd100k,bdd100k_val_bffe8c14-18cf493f.jpg,0.644,0.906,0.386,0.818,0.007,11
bdd100k,bdd100k_val_bffe8c14-b44a7634.jpg,0.662,1,0.807,0.805,0.001,5
bdd100k,bdd100k_val_c000dedd-db6c37a3.jpg,0.47,1,0.782,0.681,0.001,4
bdd100k,bdd100k_val_c001c58f-86eaaa56.jpg,0.361,1,0.664,0.7,0,4
bdd100k,bdd100k_val_c003e0c6-ed98cc51.jpg,0.298,0.71,0.63,0.793,0.001,2
bdd100k,bdd100k_val_c007dc97-377cfd8a.jpg,0.521,0.568,0.551,0.684,0.042,4
bdd100k,bdd100k_val_c009571d-dec7e775.jpg,0.137,0.538,0,0.81,0.002,4
bdd100k,bdd100k_val_c00fffc0-bd41df0c.jpg,0.228,1,0.694,0.653,0.094,7
bdd100k,bdd100k_val_c019c1f1-883ea964.jpg,0.125,0.371,0.716,0.837,0.001,4
bdd100k,bdd100k_val_c01eddca-7c14637e.jpg,0.458,0.404,0.478,0.686,0.048,9
bdd100k,bdd100k_val_c0209255-980acc6a.jpg,0.114,0.626,0.67,0.875,0.011,5
bdd100k,bdd100k_val_c0276bce-0683c19d.jpg,0.817,1,0.789,0.702,0.023,3
bdd100k,bdd100k_val_c02d18db-023c1955.jpg,1,0.535,0.188,0.735,0.001,1
bdd100k,bdd100k_val_c02d18db-f5278de0.jpg,0.611,0.264,0.501,0.632,0.017,9
bdd100k,bdd100k_val_c02ee64a-64c0a49a.jpg,0.524,0.981,0.458,0.644,0.098,7
bdd100k,bdd100k_val_c0309dda-23a5c949.jpg,0.333,0.161,0.098,1,0.001,1
bdd100k,bdd100k_val_c030d423-d10bec89.jpg,0.106,1,0.602,0.791,0,4
bdd100k,bdd100k_val_c030d423-f82b1a39.jpg,0.253,0.853,0.541,0.838,0.001,6
bdd100k,bdd100k_val_c0336a86-50bbf914.jpg,0.105,1,0.727,0.62,0,4
bdd100k,bdd100k_val_c038cdca-4df5e979.jpg,0.813,0.394,0.194,0.757,0,3
bdd100k,bdd100k_val_c03d48c2-869f09b4.jpg,0.569,0.812,0.336,0.671,0.001,6
bdd100k,bdd100k_val_c03d7f81-5f0aafb9.jpg,0.638,0.747,0.617,0.876,0,5
bdd100k,bdd100k_val_c03f8f84-a2f668ce.jpg,0.604,1,0.88,0.74,0.011,7
bdd100k,bdd100k_val_c041f204-6b0c3778.jpg,0.661,0.401,0.392,0.699,0.108,9
bdd100k,bdd100k_val_c046b4c6-420f75ad.jpg,0.481,1,0.664,0.641,0.032,9
bdd100k,bdd100k_val_c04eb80c-520a8f79.jpg,0.274,0.824,0.483,0.772,0.08,13
bdd100k,bdd100k_val_c054d340-311be93f.jpg,0.356,1,0.767,0.762,0.001,4
bdd100k,bdd100k_val_c055cef2-01665d65.jpg,0.47,0.584,0.336,0.682,0.024,3
bdd100k,bdd100k_val_c055ff34-c10a74d4.jpg,0.442,0.474,0.172,0.678,0.001,5
bdd100k,bdd100k_val_c05767da-e6197c97.jpg,0.273,1,0.612,1,0.001,2
bdd100k,bdd100k_val_c057f689-dde1e141.jpg,,,,,NA,
bdd100k,bdd100k_val_c0591ae4-6214d10f.jpg,0.243,0.633,0,0.674,0.048,3
bdd100k,bdd100k_val_c05ef84a-2a2e27b2.jpg,0.386,0.918,0.819,0.892,0.009,3
bdd100k,bdd100k_val_c05f2610-0d3df457.jpg,0.341,0.67,0.377,0.681,0.02,11
bdd100k,bdd100k_val_c0625a26-fc1f04b9.jpg,0.423,1,0.655,0.698,0,5
bdd100k,bdd100k_val_c0639f50-9ecb84f1.jpg,0.375,1,0.785,0.675,0.001,6
bdd100k,bdd100k_val_c063c188-26f08957.jpg,0.789,1,0.753,0.715,0.004,20
bdd100k,bdd100k_val_c064e44f-ccbd9a2f.jpg,0.371,1,0.822,0.732,0.059,7
bdd100k,bdd100k_val_c06733f8-1fe942b9.jpg,0.515,0.972,0.802,0.653,0.019,11
bdd100k,bdd100k_val_c0677163-16b35549.jpg,0.446,1,0.801,0.732,0.025,5
bdd100k,bdd100k_val_c0697e71-b05bc4b3.jpg,0.443,0.52,0.613,0.628,0.118,11
bdd100k,bdd100k_val_c0697e71-ba9f6c4f.jpg,0.472,0.398,0.475,0.723,0,2
bdd100k,bdd100k_val_c06be53b-be47b965.jpg,0.087,0.29,0.04,NA,0,1
bdd100k,bdd100k_val_c06e75f0-de0335ed.jpg,0.333,1,0.402,0.826,0.003,6
bdd100k,bdd100k_val_c0703477-78356915.jpg,0.273,0.316,0.687,0.855,0.014,1
bdd100k,bdd100k_val_c0726425-0b2f4892.jpg,0.521,0.622,0.655,0.729,0.001,9
bdd100k,bdd100k_val_c07365da-fe6ea473.jpg,0.431,1,0.786,0.714,0.004,10
bdd100k,bdd100k_val_c07733d0-9738eec9.jpg,0.53,0.468,0.489,0.685,0.01,4
bdd100k,bdd100k_val_c0792259-e4b3dbbe.jpg,0.599,0.672,0.53,0.753,0.001,6
bdd100k,bdd100k_val_c080a244-0233bdce.jpg,0.57,1,0.806,0.734,0.009,7
bdd100k,bdd100k_val_c08493f0-0afee671.jpg,0.348,0.97,0.445,0.824,0,1
bdd100k,bdd100k_val_c08493f0-7e15983d.jpg,0.143,0.75,0.604,1,0,1
bdd100k,bdd100k_val_c0882fd0-cb7eb3dc.jpg,0.826,0.526,0.641,0.671,0.253,4
bdd100k,bdd100k_val_c088650e-f71b7011.jpg,0.389,0.283,0.478,0.674,0.044,7
bdd100k,bdd100k_val_c08ac802-a61149ad.jpg,0.252,1,0.706,0.728,0,6
bdd100k,bdd100k_val_c08c6940-0248e76d.jpg,0.515,0.544,0.454,0.649,0.139,6
bdd100k,bdd100k_val_c08d18c6-6d211ae8.jpg,0.39,0.956,0.862,0.692,0.164,5
bdd100k,bdd100k_val_c092eed0-3b36e79d.jpg,0.381,0.659,0.587,0.683,0,3
bdd100k,bdd100k_val_c093f8be-262822a7.jpg,0.698,0.472,0.327,0.713,0.043,4
bdd100k,bdd100k_val_c093f8be-45274361.jpg,0.506,0.752,0.624,0.717,0.006,6
bdd100k,bdd100k_val_c093f8be-ca74d5ff.jpg,0.5,0.833,0.211,0.756,0,2
bdd100k,bdd100k_val_c094413f-30199e1f.jpg,0.465,0.706,0.795,0.623,0.078,7
bdd100k,bdd100k_val_c0945c0c-e78590d4.jpg,,,,,NA,
bdd100k,bdd100k_val_c09af0c6-d87bbf00.jpg,0.56,0.802,0,0.795,0.008,4
bdd100k,bdd100k_val_c09b6e1f-e23f6359.jpg,1,0.401,0.438,0.709,0.266,2
bdd100k,bdd100k_val_c0a6cfd6-3b25543a.jpg,0.582,0.422,0.553,0.674,0.126,4
bdd100k,bdd100k_val_c0a6cfd6-c22af944.jpg,0.15,0.507,0.51,0.916,0,1
bdd100k,bdd100k_val_c0a6cfd6-e96fd466.jpg,0.251,1,0.565,0.715,0.002,5
bdd100k,bdd100k_val_c0a6cfd6-fe9a5c77.jpg,0.107,0.298,0.51,0.613,0.003,4
bdd100k,bdd100k_val_c0a71f47-5e5948c3.jpg,0.522,0.883,0.549,0.823,0.001,1
bdd100k,bdd100k_val_c0a7a9dc-458aa118.jpg,0.275,0.448,0.422,0.86,0.013,6
bdd100k,bdd100k_val_c0b279b6-134749d1.jpg,0.839,0.579,0.604,0.76,0,5
bdd100k,bdd100k_val_c0b358a3-fef47f1e.jpg,0.415,0.799,0.618,0.74,0.095,4
bdd100k,bdd100k_val_c0b4f0df-586ab062.jpg,0.209,1,0.738,0.706,0.033,8
bdd100k,bdd100k_val_c0bbcd5e-f57df892.jpg,0.269,0.323,0.528,0.63,0.095,5
bdd100k,bdd100k_val_c0be0e03-3ab88509.jpg,0.7,0.595,0.563,0.766,0,3
bdd100k,bdd100k_val_c0be0e03-459a6d3c.jpg,0.351,0.802,0.709,0.724,0.001,7
bdd100k,bdd100k_val_c0c3d5f5-f17f878d.jpg,0.654,0.253,0.2,0.682,0.119,4
bdd100k,bdd100k_val_c0c64a18-eed54540.jpg,0.3,1,0.629,0.684,0.005,6
bdd100k,bdd100k_val_c0c8efe2-cb74e696.jpg,,,,,NA,
bdd100k,bdd100k_val_c0c954a7-0c7fa0bb.jpg,0.782,0.123,0.311,0.775,0.001,3
bdd100k,bdd100k_val_c0cb2de6-501299c6.jpg,0.725,0.422,0.577,0.683,0,3
bdd100k,bdd100k_val_c0d12f7f-1e033ebf.jpg,0.6,1,0.812,1,0,1
bdd100k,bdd100k_val_c0d1a6d9-54ae850d.jpg,0.26,0.417,0.669,0.726,0.008,11
bdd100k,bdd100k_val_c0d85a76-c68c9ff0.jpg,0.23,0.673,0.51,0.76,0.014,4
bdd100k,bdd100k_val_c0dc123c-25946136.jpg,0.166,0.317,0.096,0.731,0.017,10
bdd100k,bdd100k_val_c0dc5a95-26ea2d7d.jpg,0.135,0.634,0.79,0.798,0,3
bdd100k,bdd100k_val_c0dc5a95-b4bfcb2c.jpg,0.44,0.456,0.586,0.595,0.016,9
bdd100k,bdd100k_val_c0de5178-547765fc.jpg,0.284,0.778,0.742,0.74,0.006,16
bdd100k,bdd100k_val_c0de9100-1b2704ac.jpg,0.153,1,0.812,0.674,0,3
bdd100k,bdd100k_val_c0de9100-dba9e79d.jpg,0.435,0.176,0.26,0.639,0,1
bdd100k,bdd100k_val_c0deebc1-ff77802c.jpg,0.429,0.59,0.786,0.727,0.214,5
bdd100k,bdd100k_val_c0e17fa8-a378411a.jpg,0.444,0.02,0,0.722,0.002,1
bdd100k,bdd100k_val_c0e24bac-d541b20d.jpg,0.314,0.604,0.548,0.75,0.007,7
bdd100k,bdd100k_val_c0e3df1a-5ab511a6.jpg,0.5,0.115,0.24,0.615,0,1
bdd100k,bdd100k_val_c0e3df1a-5cb39f7c.jpg,0.147,0.17,0.284,0.756,0.001,1
bdd100k,bdd100k_val_c0e6d0ec-17a4eb38.jpg,0.288,1,0.644,0.66,0.08,13
bdd100k,bdd100k_val_c0e6d0ec-71f98edb.jpg,0.415,0.282,0.327,0.718,0.001,2
bdd100k,bdd100k_val_c0e6d0ec-ec23e2d2.jpg,0.657,0.795,0.526,0.653,0.091,3
bdd100k,bdd100k_val_c0e701ee-42f7323e.jpg,0.019,0.474,0.271,1,0.005,1
bdd100k,bdd100k_val_c0e74e90-15e1888e.jpg,0.5,1,0.79,0.679,0.006,5
bdd100k,bdd100k_val_c0e74e90-91053849.jpg,0.045,1,0.817,0.891,0.014,4
bdd100k,bdd100k_val_c0e834fd-74036e84.jpg,0.14,0.319,0.121,0.775,0,2
bdd100k,bdd100k_val_c0e8fdda-cc0a57e4.jpg,0.077,0.22,0.21,1,0,1
bdd100k,bdd100k_val_c0e90884-ab3e26af.jpg,0.687,0.619,0.516,0.716,0.106,1
bdd100k,bdd100k_val_c0ec0d98-63733eb9.jpg,0.2,1,0.645,0.755,0.007,7
bdd100k,bdd100k_val_c0ed2c49-e0d49ca5.jpg,0.955,0.808,0.673,0.726,0.012,13
bdd100k,bdd100k_val_c0edf06a-74008e93.jpg,0.521,0.697,0.682,0.754,0.006,4
bdd100k,bdd100k_val_c0efbe92-2ee3e529.jpg,0.636,0.612,0.417,0.729,0,3
bdd100k,bdd100k_val_c0f1a2f9-0e16bcb7.jpg,0.247,1,0.199,0.726,0.001,6
bdd100k,bdd100k_val_c0f7c2d3-1abf98ec.jpg,0.45,0.872,0.751,0.77,0.044,7
bdd100k,bdd100k_val_c0f89882-542093a7.jpg,0.486,1,0.819,0.9,0.002,4
bdd100k,bdd100k_val_c0f978fa-9b4e623f.jpg,0.721,0.573,0.445,0.662,0.087,10
bdd100k,bdd100k_val_c0fb59eb-895d806d.jpg,0.366,0.53,0.492,0.756,0.103,9
bdd100k,bdd100k_val_c100db13-878b2e5f.jpg,0.47,0.879,0.743,0.593,0.005,6
bdd100k,bdd100k_val_c1025fcf-69509758.jpg,0.293,1,0.749,0.774,0.048,11
bdd100k,bdd100k_val_c1059f09-10ccdbd4.jpg,0.223,1,0.766,0.688,0.092,13
bdd100k,bdd100k_val_c10e92bd-f6241f08.jpg,0.615,0.267,0,0.744,0.001,1
bdd100k,bdd100k_val_c111bb7d-c3aa5b7a.jpg,0.25,1,0.231,0.892,0.004,1
bdd100k,bdd100k_val_c112ff03-1c0d5484.jpg,0.367,0.521,0.467,0.684,0.002,8
bdd100k,bdd100k_val_c11a0015-fc7c0b35.jpg,0.413,0.328,0.16,0.832,0.19,4
bdd100k,bdd100k_val_c11fb0c4-16ba72ea.jpg,0.423,1,0.883,0.714,0.05,5
bdd100k,bdd100k_val_c1211833-1ba939db.jpg,0.361,0.468,0.36,0.812,0.006,3
bdd100k,bdd100k_val_c121b93f-b2ee73d4.jpg,0.582,0.729,0.582,0.753,0.003,7
bdd100k,bdd100k_val_c121f402-2e25ddb9.jpg,0.351,1,0.659,0.65,0.005,3
bdd100k,bdd100k_val_c12378e1-e9b8f175.jpg,0.281,1,0.685,0.796,0,3
bdd100k,bdd100k_val_c124e51c-31bb804d.jpg,0.148,0.703,0.636,0.626,0,4
bdd100k,bdd100k_val_c124e51c-52e077cb.jpg,0.192,0.495,0.182,0.638,0.104,5
bdd100k,bdd100k_val_c1252e1f-c0640ea4.jpg,0.567,0.763,0.571,0.63,0.015,9
bdd100k,bdd100k_val_c1252e1f-f45bb339.jpg,0.472,0.685,0.223,0.812,0.001,2
bdd100k,bdd100k_val_c126dfe1-4bdd6502.jpg,0.059,0.537,0.585,NA,0.001,1
bdd100k,bdd100k_val_c12c6524-ee3ce336.jpg,0.076,1,0.647,1,0.209,3
bdd100k,bdd100k_val_c12dc478-40a1a306.jpg,0.395,1,0.496,0.714,0.032,9
bdd100k,bdd100k_val_c12e6924-5860d30a.jpg,0.479,0.768,0.445,0.79,0.001,3
bdd100k,bdd100k_val_c12ea027-2919c581.jpg,0.31,0.106,0.265,0.868,0,2
bdd100k,bdd100k_val_c12ea027-76835823.jpg,0.504,0.846,0.778,0.763,0.324,2
bdd100k,bdd100k_val_c132df41-509fc403.jpg,0.417,0.593,0.489,0.821,0,3
bdd100k,bdd100k_val_c132df41-a4dbc930.jpg,0.549,0.751,0.503,0.731,0.006,10
bdd100k,bdd100k_val_c132ff8a-831eadbd.jpg,0.192,1,0.76,0.834,0.001,3
bdd100k,bdd100k_val_c1356a63-e9e5a5f2.jpg,0.613,1,0.664,0.648,0.105,7
bdd100k,bdd100k_val_c1362f73-42a66cea.jpg,0.339,1,0.857,0.759,0.171,4
bdd100k,bdd100k_val_c1362f73-93d3e230.jpg,0.248,1,0.582,0.716,0.061,3
bdd100k,bdd100k_val_c13829a7-37c9959d.jpg,,,,,NA,
bdd100k,bdd100k_val_c138a567-c79aac4f.jpg,0.147,1,0.802,0.661,0.053,8
bdd100k,bdd100k_val_c13b9590-500de09d.jpg,0.83,1,0.692,0.801,0,3
bdd100k,bdd100k_val_c13b9590-54527388.jpg,0.723,1,0.804,0.711,0.002,10
bdd100k,bdd100k_val_c13b9590-7e14e55c.jpg,0.402,0.94,0.547,0.698,0.001,7
bdd100k,bdd100k_val_c13b9590-a875ea73.jpg,0.354,0.871,0.743,0.644,0.044,5
bdd100k,bdd100k_val_c13ecaa8-69459760.jpg,0.431,1,0.647,0.677,0.239,4
bdd100k,bdd100k_val_c14425b1-5fa20993.jpg,0.953,0.43,0.36,0.772,0.001,4
bdd100k,bdd100k_val_c146d100-cb76d05b.jpg,0.224,0.73,0.382,0.651,0,5
bdd100k,bdd100k_val_c147e8f1-d78d168a.jpg,0.036,1,0.785,1,0.003,2
bdd100k,bdd100k_val_c149583d-ba5e16cb.jpg,0.4,0.815,0.437,1,0,1
bdd100k,bdd100k_val_c1496e0d-bb0887f7.jpg,0.425,0.704,0.679,0.584,0.13,4
bdd100k,bdd100k_val_c150197f-1cf078f2.jpg,0.132,0.263,0.72,1,0,1
bdd100k,bdd100k_val_c150197f-3dbfce3c.jpg,0.568,0.631,0.286,0.747,0.004,5
bdd100k,bdd100k_val_c150584d-67716d8e.jpg,0.167,0.357,0.171,NA,0.001,1
bdd100k,bdd100k_val_c155b6d9-a803a8d9.jpg,0.17,1,0.687,0.888,0.006,3
bdd100k,bdd100k_val_c155d65b-01ae7aac.jpg,0.609,0.623,0.661,0.649,0.125,4
bdd100k,bdd100k_val_c1562416-05f50759.jpg,0.401,1,0.778,0.702,0.231,8
bdd100k,bdd100k_val_c1583ab8-1c0feef0.jpg,0.3,0.172,0.146,1,0.001,1
bdd100k,bdd100k_val_c159a842-58ec61d9.jpg,0.234,1,0.71,0.762,0,3
bdd100k,bdd100k_val_c159a842-7a45f3d9.jpg,0.186,1,0.567,0.923,0,2
bdd100k,bdd100k_val_c159a842-7fa65680.jpg,0.559,1,0.545,0.67,0,1
bdd100k,bdd100k_val_c159a842-b245f317.jpg,,,,,NA,
bdd100k,bdd100k_val_c15c29a5-3a80f3b2.jpg,,,,,NA,
bdd100k,bdd100k_val_c15c29a5-eb30cb60.jpg,0.488,0.419,0.263,0.666,0.056,11
bdd100k,bdd100k_val_c15e64e5-f459ff4d.jpg,0.163,1,0.69,0.841,0.001,3
bdd100k,bdd100k_val_c15e9dd6-955a897b.jpg,0.308,1,0.804,0.712,0.109,3
bdd100k,bdd100k_val_c16766b6-205384e6.jpg,0.261,1,0.541,0.64,0.052,11
bdd100k,bdd100k_val_c173438f-01b0b013.jpg,0.541,1,0.763,0.799,0.02,4
bdd100k,bdd100k_val_c174b1bd-62c7b473.jpg,NA,NA,NA,NA,0.001,1
bdd100k,bdd100k_val_c174b1bd-6d940899.jpg,,,,,NA,
bdd100k,bdd100k_val_c174b1bd-ff23da83.jpg,0.473,0.333,0.301,0.704,0.001,4
bdd100k,bdd100k_val_c174c108-7bf5b863.jpg,0.34,1,0.641,0.754,0.003,7
bdd100k,bdd100k_val_c1757757-601402ff.jpg,0.168,0.388,0.503,0.674,0.015,7
bdd100k,bdd100k_val_c17935d5-3978abec.jpg,0.262,1,0.8,0.711,0.003,6
bdd100k,bdd100k_val_c1797ffb-633a7ed8.jpg,0.463,1,0.759,0.827,0,1
bdd100k,bdd100k_val_c1797ffb-e25c45e4.jpg,1,1,0.883,1,0.041,1
bdd100k,bdd100k_val_c179d309-59d431e7.jpg,0.537,0.669,0.166,0.725,0.016,11
bdd100k,bdd100k_val_c17a1579-afd4745a.jpg,0.219,0.657,0.402,0.722,0,7
bdd100k,bdd100k_val_c17a1579-d4af565a.jpg,0.227,1,0.671,0.757,0.001,2
bdd100k,bdd100k_val_c17b1192-94d768db.jpg,0.329,0.603,0.481,0.702,0.008,5
bdd100k,bdd100k_val_c181581e-d2c1c633.jpg,,,,,NA,
bdd100k,bdd100k_val_c1862df8-a1c9702a.jpg,0.413,0.602,0.389,0.723,0.007,8
bdd100k,bdd100k_val_c18c4ccb-c32c02c7.jpg,,,,,NA,
bdd100k,bdd100k_val_c18cdb0e-c6d8672a.jpg,0.689,0.188,0.319,0.649,0,3
bdd100k,bdd100k_val_c18df454-acb6d4fa.jpg,0.446,0.58,0.748,0.681,0.019,10
bdd100k,bdd100k_val_c18feebb-3e10acea.jpg,0.635,0.504,0.658,0.711,0.003,8
bdd100k,bdd100k_val_c194891d-b4b5d072.jpg,0.129,0.811,0.525,0.655,0.003,11
bdd100k,bdd100k_val_c1978334-40dc8bd3.jpg,0.365,1,0.513,0.744,0,2
bdd100k,bdd100k_val_c1978334-ee0b01df.jpg,0.186,1,0.86,0.741,0.071,4
bdd100k,bdd100k_val_c197a2a7-5b960a7f.jpg,0.571,0.755,0.498,0.718,0.022,4
bdd100k,bdd100k_val_c19aa2da-25679033.jpg,0.607,0.485,0.483,0.66,0.01,4
bdd100k,bdd100k_val_c19c6ce3-c8682f81.jpg,0.75,0.293,0.316,0.429,0.001,2
bdd100k,bdd100k_val_c19d66b8-46ba1ad6.jpg,0.847,0.92,0.721,0.751,0.084,8
bdd100k,bdd100k_val_c1a026fd-6c19a089.jpg,0.435,1,0.781,0.733,0.005,4
bdd100k,bdd100k_val_c1a026fd-7fa757fd.jpg,0.087,1,0.707,0.739,0,2
bdd100k,bdd100k_val_c1a026fd-88317021.jpg,0.111,1,0.738,0.698,0.248,5
bdd100k,bdd100k_val_c1a06160-7046d0fc.jpg,0.167,0.49,0.562,0.837,0.001,4
bdd100k,bdd100k_val_c1a06160-8c102212.jpg,0.559,1,0.563,0.785,0,4
bdd100k,bdd100k_val_c1a06160-fdbec44f.jpg,0.259,1,0.826,0.771,0.007,5
bdd100k,bdd100k_val_c1a07cae-67a51c91.jpg,0.7,0.737,0.244,0.689,0.03,5
bdd100k,bdd100k_val_c1a07cae-fc54c9dc.jpg,0.626,0.472,0.642,0.69,0.047,8
bdd100k,bdd100k_val_c1a1e343-92f68005.jpg,0.745,0.638,0.648,0.785,0.02,4
bdd100k,bdd100k_val_c1a2ae3c-2040a6cf.jpg,0.149,0.453,0.466,0.795,0.016,2
bdd100k,bdd100k_val_c1a479d9-0f8f9f4f.jpg,0.063,1,0.749,0.622,0,3
bdd100k,bdd100k_val_c1a5825c-0ea22b59.jpg,0.036,0.391,0.635,NA,0.002,4
bdd100k,bdd100k_val_c1a8c10a-2c737293.jpg,0.259,0.69,0.342,0.748,0.001,5
bdd100k,bdd100k_val_c1b16eee-4d40da01.jpg,0.296,0.198,0.144,0.815,0.001,4
bdd100k,bdd100k_val_c1b16eee-d45c1777.jpg,0.305,0.351,0.288,0.754,0.002,8
bdd100k,bdd100k_val_c1b173ec-7c9f4aba.jpg,0.239,1,0.738,0.771,0.146,5
bdd100k,bdd100k_val_c1b3582d-31ed042c.jpg,0.488,0.548,0.489,0.766,0.146,4
bdd100k,bdd100k_val_c1b3582d-b9c87c82.jpg,0.794,0.547,0.389,0.711,0.132,5
bdd100k,bdd100k_val_c1b4cd01-249d0c21.jpg,0.702,0.626,0.556,0.684,0.001,5
bdd100k,bdd100k_val_c1ba5ee6-1a00a269.jpg,0.683,0.79,0.903,0.79,0.009,7
bdd100k,bdd100k_val_c1ba5ee6-b2cb1e51.jpg,0.482,0.391,0.345,0.743,0,2
bdd100k,bdd100k_val_c1ba5ee6-d5c419d3.jpg,0.586,0.555,0.537,0.738,0.002,7
bdd100k,bdd100k_val_c1bbc01a-cd5108c4.jpg,0.367,0.744,0.481,0.774,0.014,3
bdd100k,bdd100k_val_c1bc8490-bf1a47be.jpg,0.375,1,0.795,0.988,0,3
bdd100k,bdd100k_val_c1bd4140-690572f8.jpg,0.587,0.923,0.615,0.653,0.075,7
bdd100k,bdd100k_val_c1c6903c-922c5fce.jpg,0.548,0.548,0.435,0.72,0.023,13
bdd100k,bdd100k_val_c1c91c87-beecba09.jpg,0.492,0.558,0.61,0.709,0.069,9
bdd100k,bdd100k_val_c1ca33ef-b36cc11b.jpg,0.544,0.705,0.405,0.675,0.054,3
bdd100k,bdd100k_val_c1cc53e4-301ce7f6.jpg,0.555,0.513,0.448,0.729,0.099,4
bdd100k,bdd100k_val_c1d2a1ff-3fe5e395.jpg,0.625,1,0.648,0.643,0.124,11
bdd100k,bdd100k_val_c1d49e85-c8f5e1a5.jpg,0.179,1,0.622,0.759,0.028,4
bdd100k,bdd100k_val_c1d63428-737aac1d.jpg,0.184,0.866,0.609,0.693,0.028,15
bdd100k,bdd100k_val_c1d7db26-99ee3075.jpg,0.299,1,0.735,0.595,0.016,11
bdd100k,bdd100k_val_c1d9b74d-19748e56.jpg,0.187,0.713,0.721,0.657,0.078,8
bdd100k,bdd100k_val_c1d9b74d-56311612.jpg,0.451,1,0.707,0.768,0.001,11
bdd100k,bdd100k_val_c1d9edc8-8986da55.jpg,0.402,0.574,0.405,0.743,0.026,5
bdd100k,bdd100k_val_c1e1ae56-7ac1bd33.jpg,0.088,1,0.921,0.974,0,3
bdd100k,bdd100k_val_c1e1f7c0-9bbd3146.jpg,0.687,0.606,0.32,0.806,0,3
bdd100k,bdd100k_val_c1e52d50-62ec817f.jpg,0.214,0.939,0.643,0.689,0.017,5
bdd100k,bdd100k_val_c1e6340e-084ce27d.jpg,0.268,1,0.792,0.831,0.001,5
bdd100k,bdd100k_val_c1e9212e-dd32de40.jpg,0.685,0.596,0.622,0.623,0.002,4
bdd100k,bdd100k_val_c1ec4d78-1b59adc6.jpg,0.235,0.514,0.562,0.57,0.002,6
bdd100k,bdd100k_val_c1ed2bc1-6a2e61c4.jpg,0.314,0.552,0.553,0.731,0.058,8
bdd100k,bdd100k_val_c1f2bf8e-7b0e284d.jpg,0.238,0.372,0.483,0.822,0.001,3
bdd100k,bdd100k_val_c1f35f18-1bf0a037.jpg,0.112,1,0.779,0.774,0.015,4
bdd100k,bdd100k_val_c1f35f18-a26ccd71.jpg,0.282,1,0.827,0.596,0.003,4
bdd100k,bdd100k_val_c1f35f18-bfad084b.jpg,0.365,1,0.793,0.737,0.001,5
bdd100k,bdd100k_val_c1f39934-077f75ad.jpg,0.505,0.759,0.703,0.599,0.083,7
bdd100k,bdd100k_val_c1f4b883-84444018.jpg,0.548,0.714,0.376,0.744,0.025,6
bdd100k,bdd100k_val_c1f4b883-97d48a35.jpg,0.583,0.788,0.647,0.666,0.146,5
bdd100k,bdd100k_val_c1f74dbc-21fc10db.jpg,0.21,1,0.628,0.739,0.006,4
bdd100k,bdd100k_val_c1f74dbc-af3b1aa4.jpg,0.274,1,0.691,0.708,0.001,7
bdd100k,bdd100k_val_c1f8d9b3-06b1c09d.jpg,0.311,1,0.844,0.629,0.05,5
bdd100k,bdd100k_val_c1f8d9b3-2b52f21e.jpg,0.216,1,0.439,0.655,0.034,7
bdd100k,bdd100k_val_c1f917f7-49fe8032.jpg,,,,,NA,
bdd100k,bdd100k_val_c1f9740a-41816cad.jpg,0.553,0.438,0.49,0.613,0.137,12
bdd100k,bdd100k_val_c1f9f357-0ea2a4a9.jpg,0.949,0.412,0.664,0.608,0.053,4
bdd100k,bdd100k_val_c1fa7950-56a78519.jpg,0.163,0.177,0.153,0.815,0.011,2
bdd100k,bdd100k_val_c1fa7950-fbc6ec93.jpg,0.477,0.601,0.456,0.704,0.062,6
bdd100k,bdd100k_val_c1fa81f4-f26197b3.jpg,0.39,0.393,0.502,0.658,0.33,1
bdd100k,bdd100k_val_c1fd3aad-0fdb8c7c.jpg,0.635,0.317,0.639,0.726,0.009,8
bdd100k,bdd100k_val_c1fd3aad-e12c3c56.jpg,0.479,0.387,0.596,0.755,0.017,5
bdd100k,bdd100k_val_c1fdd182-89c4beb5.jpg,0.431,0.632,0.407,0.738,0.027,3
bdd100k,bdd100k_val_c1fdd182-c46e6435.jpg,0.422,0.225,0.389,0.739,0.013,2
bdd100k,bdd100k_val_c2032247-86ea336e.jpg,0.684,0.432,0.495,0.629,0.004,3
bdd100k,bdd100k_val_c2054961-03b26a4f.jpg,0.453,1,0.591,0.783,0.011,2
bdd100k,bdd100k_val_c20ae70f-f5107b2c.jpg,0.444,0.585,0.277,0.803,0.001,1
bdd100k,bdd100k_val_c20b3a6a-c51292e2.jpg,0.309,1,0.739,0.715,0.221,9
bdd100k,bdd100k_val_c20e5778-cfbaabbf.jpg,0.516,0.531,0.728,0.779,0.005,6
bdd100k,bdd100k_val_c213a6ff-1ee61516.jpg,0.083,1,0.526,0.658,0.037,6
bdd100k,bdd100k_val_c214be24-661d4b88.jpg,0.529,0.905,0.342,0.929,0,1
bdd100k,bdd100k_val_c2179f35-d4666c72.jpg,0.4,0.69,0.481,0.729,0,4
bdd100k,bdd100k_val_c21e328e-0d19a282.jpg,0.22,0.393,0.51,0.602,0.001,11
bdd100k,bdd100k_val_c21ef8aa-0c751223.jpg,0.293,1,0.872,0.632,0.001,5
bdd100k,bdd100k_val_c21ef8aa-cabc5b7a.jpg,0.5,0.056,0.092,0.605,0.001,1
bdd100k,bdd100k_val_c21fba09-f4501c68.jpg,0.4,0.208,0.329,0.762,0.001,1
bdd100k,bdd100k_val_c2201fab-f8248caa.jpg,0.293,0.694,0.402,0.619,0.08,6
bdd100k,bdd100k_val_c2216e26-f9faa96a.jpg,0.564,0.816,0.655,0.714,0.054,16
bdd100k,bdd100k_val_c223e6d7-9cc59b6b.jpg,0.679,1,0.837,0.717,0.007,6
bdd100k,bdd100k_val_c22c0422-2de1b215.jpg,0.343,0.343,0.667,0.86,0,1
bdd100k,bdd100k_val_c231647c-229d2cac.jpg,0.4,0.16,0.265,0.599,0.002,1
bdd100k,bdd100k_val_c23551ce-6007b75e.jpg,0.46,0.816,0.857,0.59,0.064,6
bdd100k,bdd100k_val_c237ce66-cf2860b7.jpg,0.311,1,0.771,0.704,0.001,6
bdd100k,bdd100k_val_c2425dd9-ca97c25b.jpg,0.092,0.732,0.642,0.849,0,2
bdd100k,bdd100k_val_c2461a5a-936bf379.jpg,,,,,NA,
bdd100k,bdd100k_val_c24838fd-064f7c3f.jpg,0.588,0.34,0.599,0.648,0.006,6
bdd100k,bdd100k_val_c24838fd-e3eae166.jpg,0.324,0.937,0.772,0.693,0.171,7
bdd100k,bdd100k_val_c24838fd-e77a2501.jpg,0.664,0.577,0.588,0.658,0.11,12
bdd100k,bdd100k_val_c249fd49-2b590a59.jpg,0.398,1,0.841,0.727,0.044,4
bdd100k,bdd100k_val_c24aece5-9554f636.jpg,0.241,1,0.604,0.763,0.046,5
bdd100k,bdd100k_val_c24bae34-454a0416.jpg,0.508,0.488,0.489,0.657,0.125,9
bdd100k,bdd100k_val_c24e5f86-182d7a32.jpg,0.257,1,0.819,0.702,0.007,6
bdd100k,bdd100k_val_c24e7c72-be9fff6f.jpg,0.586,0.495,0.655,0.679,0.106,2
bdd100k,bdd100k_val_c24e7c72-ec7528ea.jpg,0.75,0.484,0.642,0.72,0.298,2
bdd100k,bdd100k_val_c2511583-9b7d39a0.jpg,0.081,1,0.749,0.884,0.215,7
bdd100k,bdd100k_val_c2592033-48254ed4.jpg,0.54,0.555,0.484,0.711,0,3
bdd100k,bdd100k_val_c26b9b25-a8bbf0b5.jpg,0.232,1,0.702,0.758,0.006,10
bdd100k,bdd100k_val_c26c1352-5e1c2fe2.jpg,0.35,1,0.676,0.67,0.031,8
bdd100k,bdd100k_val_c26f2635-1d311675.jpg,0.063,0.435,0.33,0.871,0.001,3
bdd100k,bdd100k_val_c26f2635-26462f90.jpg,,,,,NA,
bdd100k,bdd100k_val_c273b0cc-4286333b.jpg,0.398,1,0.689,0.752,0.002,5
bdd100k,bdd100k_val_c273e0e3-27a4413f.jpg,0.429,0.294,0.434,0.775,0.004,7
bdd100k,bdd100k_val_c273e0e3-524fae66.jpg,0.487,0.41,0.457,0.674,0.044,17
bdd100k,bdd100k_val_c2775fbb-12089565.jpg,0.959,0.353,0.481,0.676,0.036,6
bdd100k,bdd100k_val_c2853fd5-304c554e.jpg,0.802,0.769,0.575,0.687,0.001,4
bdd100k,bdd100k_val_c288c7a7-347f9b29.jpg,0.397,1,0.674,0.69,0.061,8
bdd100k,bdd100k_val_c28982c9-343d3ab5.jpg,0.597,0.598,0.643,0.846,0.002,5
bdd100k,bdd100k_val_c292800e-fd3697ee.jpg,0.184,0.413,0.261,0.972,0,2
bdd100k,bdd100k_val_c29829cf-9790141e.jpg,0.114,1,0.473,0.846,0.083,7
bdd100k,bdd100k_val_c29eff38-fcac5247.jpg,0.447,1,0.89,0.625,0.126,6
bdd100k,bdd100k_val_c2a6b1c9-ce009635.jpg,0.767,1,0.819,0.757,0.002,5
bdd100k,bdd100k_val_c2a9ed1d-3468f926.jpg,0.525,0.334,0.673,0.824,0.008,10
bdd100k,bdd100k_val_c2ab5734-0f552875.jpg,0.303,0.248,0.424,0.747,0.045,5
bdd100k,bdd100k_val_c2b0aeff-8116fb32.jpg,0.636,0.308,0.263,0.714,0,7
bdd100k,bdd100k_val_c2bc5a4c-714081e9.jpg,0.461,1,0.852,0.714,0.14,7
bdd100k,bdd100k_val_c2bc5a4c-c4864ac1.jpg,0.398,0.424,0.189,0.72,0.028,7
bdd100k,bdd100k_val_c2bd6e37-f28f3332.jpg,0.073,1,0.845,0.759,0,3
bdd100k,bdd100k_val_c2bd70f5-009e856e.jpg,0.517,0.506,0.506,0.713,0.005,11
bdd100k,bdd100k_val_c2bd70f5-b518c14f.jpg,0.034,0.235,0.623,1,0,2
bdd100k,bdd100k_val_c2c38d09-ac9ea6ea.jpg,0.797,0.604,0.57,0.64,0.095,12
bdd100k,bdd100k_val_c2c5ac9a-fc00e41a.jpg,0.404,0.731,0.72,0.648,0.199,5
bdd100k,bdd100k_val_c2c5fee5-a8360924.jpg,0.81,0.769,0.493,0.697,0.001,5
bdd100k,bdd100k_val_c2c5fee5-f8ce1342.jpg,0.075,1,0.29,0.812,0.001,4
bdd100k,bdd100k_val_c2c78435-e0e98f96.jpg,0.231,1,0.771,0.746,0.014,9
bdd100k,bdd100k_val_c2c8b275-ce362dfc.jpg,,,,,NA,
bdd100k,bdd100k_val_c2c8b275-e923a396.jpg,,,,,NA,
bdd100k,bdd100k_val_c2ca5977-11073d54.jpg,0.659,0.703,0.429,0.74,0.001,8
bdd100k,bdd100k_val_c2d051a0-31c90f75.jpg,0.686,0.548,0.494,0.621,0.373,6
bdd100k,bdd100k_val_c2d33423-0f14ffaa.jpg,0.403,0.584,0.649,0.626,0.116,12
bdd100k,bdd100k_val_c2d5a01a-c58b92d1.jpg,,,,,NA,
bdd100k,bdd100k_val_c2d84b6d-36aacbc8.jpg,0.514,1,0.759,0.698,0.012,2
bdd100k,bdd100k_val_c2d84b6d-5b9fc9f6.jpg,0.069,1,0.951,0.76,0.02,4
bdd100k,bdd100k_val_c2e068f4-1ba33b01.jpg,0.558,0.555,0.543,0.697,0.012,8
bdd100k,bdd100k_val_c2e3cd3c-27871334.jpg,0.775,0.357,0.502,0.71,0.032,9
bdd100k,bdd100k_val_c2e3cd3c-fc972e2e.jpg,0.286,0.389,0.548,0.801,0.026,2
bdd100k,bdd100k_val_c2e50057-06f8a09f.jpg,0.419,1,0.793,0.729,0.013,2
bdd100k,bdd100k_val_c2e64366-e1c00685.jpg,0.303,0.918,0.501,0.744,0.011,4
bdd100k,bdd100k_val_c2eb1910-39269c22.jpg,0.441,1,0.655,0.696,0.006,8
bdd100k,bdd100k_val_c2ee74ff-9e493288.jpg,0.037,0.374,0.06,NA,0,2
bdd100k,bdd100k_val_c2f06deb-e3f1630a.jpg,0.6,0.736,0.638,0.645,0.004,7
bdd100k,bdd100k_val_c2f0d1f5-0fe37fc4.jpg,0.821,0.92,0.745,0.748,0.104,3
bdd100k,bdd100k_val_c2f16364-2fbd9f8d.jpg,0.174,0.896,0.553,0.759,0.01,5
bdd100k,bdd100k_val_c2f2f742-59d1b7ac.jpg,0.219,1,0.835,0.758,0.005,6
bdd100k,bdd100k_val_c2fb790e-4cd5a630.jpg,0.679,0.716,0.55,0.731,0.008,8
bdd100k,bdd100k_val_c2fb790e-a8d3b8eb.jpg,0.459,0.532,0.557,0.822,0.027,2
bdd100k,bdd100k_val_c2fd4d4f-3bb5c0cc.jpg,0.54,0.871,0.86,0.838,0.003,3
bdd100k,bdd100k_val_c3009124-01540ddb.jpg,0.198,0.659,0.705,0.745,0.157,7
bdd100k,bdd100k_val_c3009124-b8d0d1ea.jpg,0.703,0.575,0.645,0.792,0.004,11
bdd100k,bdd100k_val_c3061560-df40e898.jpg,0.267,0.717,0.321,0.784,0,3
bdd100k,bdd100k_val_c308561a-448168db.jpg,0.741,0.491,0.39,0.782,0,4
bdd100k,bdd100k_val_c30f959a-bd87aa16.jpg,0.489,1,0.517,0.763,0.001,3
bdd100k,bdd100k_val_c315b14e-429b1108.jpg,0.484,0.768,0.646,0.73,0.014,14
bdd100k,bdd100k_val_c31625c9-9e5a7d0c.jpg,0.472,0.766,0.728,0.645,0.136,8
bdd100k,bdd100k_val_c31a04de-1c417568.jpg,0.404,1,0.801,0.761,0.037,5
bdd100k,bdd100k_val_c31a04de-d4cc31fb.jpg,0.149,1,0.855,0.765,0.001,5
bdd100k,bdd100k_val_c31aa969-1f6cbf7f.jpg,0.16,0.486,0.47,1,0.135,1
bdd100k,bdd100k_val_c31aa969-7da84341.jpg,0.439,1,0.722,0.71,0,6
bdd100k,bdd100k_val_c31aa969-9a2a8c52.jpg,0.592,1,0.764,0.754,0.004,5
bdd100k,bdd100k_val_c31aa969-9cd15ede.jpg,0.489,0.696,0.413,0.745,0.003,10
bdd100k,bdd100k_val_c31aa969-d99ef9fc.jpg,0.321,1,0.649,0.698,0.006,7
bdd100k,bdd100k_val_c31aa969-fb62cfc9.jpg,0.433,0.968,0.741,0.626,0.15,7
bdd100k,bdd100k_val_c31c9630-33e93909.jpg,0.263,0.265,0.385,0.507,0.045,1
bdd100k,bdd100k_val_c321a98d-e1a9c503.jpg,0.022,0.749,0.664,0.87,0.043,8
bdd100k,bdd100k_val_c321a98d-e3d79f4f.jpg,0.232,1,0.834,0.851,0.008,7
bdd100k,bdd100k_val_c321b69d-0043bcac.jpg,0.517,0.856,0.594,0.766,0.015,6
bdd100k,bdd100k_val_c321c219-54340460.jpg,0.569,0.524,0.496,0.791,0.036,4
bdd100k,bdd100k_val_c323201c-cf5e33b5.jpg,0.825,1,0.648,0.895,0.001,5
bdd100k,bdd100k_val_c324a11d-eaaeb859.jpg,0.718,0.594,0.52,0.719,0.039,7
bdd100k,bdd100k_val_c3283326-494b49b0.jpg,0.306,1,0.721,0.818,0,6
bdd100k,bdd100k_val_c32be69b-f02d6229.jpg,0.838,0.659,0.376,0.746,0.001,5
bdd100k,bdd100k_val_c32dbcaf-480ffc17.jpg,0.014,0.349,0.172,1,0.059,2
bdd100k,bdd100k_val_c330c787-0f40c0b6.jpg,0.593,0.625,0.55,0.692,0.004,2
bdd100k,bdd100k_val_c330c787-ae1c841a.jpg,0.404,1,0.531,0.76,0.017,9
bdd100k,bdd100k_val_c33251a6-16b72b39.jpg,,,,,NA,
bdd100k,bdd100k_val_c332a2f5-ee258489.jpg,0.53,0.289,0.231,0.665,0.001,6
bdd100k,bdd100k_val_c334fad5-145809d5.jpg,0.577,1,0.801,0.661,0.088,6
bdd100k,bdd100k_val_c3364b6e-cb703061.jpg,0.39,0.737,0.734,0.675,0.047,7
bdd100k,bdd100k_val_c338bae4-b6f47a90.jpg,,,,,NA,
bdd100k,bdd100k_val_c33df08a-5c6bad4a.jpg,0.103,0.415,0.431,1,0.001,2
bdd100k,bdd100k_val_c34058b8-2790784b.jpg,0.117,1,0.503,0.902,0.016,8
bdd100k,bdd100k_val_c3436372-070af78a.jpg,0.795,0.234,0.395,0.711,0.009,4
bdd100k,bdd100k_val_c3436372-eb18934d.jpg,0.633,0.281,0.563,0.684,0.169,4
bdd100k,bdd100k_val_c343e9dc-ce6e03ef.jpg,0.174,0.12,0.239,1,0.001,2
bdd100k,bdd100k_val_c3529718-252e80fb.jpg,0.161,1,0.588,0.737,0,5
bdd100k,bdd100k_val_c35418da-e9e8e7dc.jpg,0.384,0.688,0.669,0.792,0.003,7
bdd100k,bdd100k_val_c35531fb-c1bd532b.jpg,0.744,1,0.832,0.755,0.103,9
bdd100k,bdd100k_val_c356bbec-0c1293f7.jpg,0.802,0.267,0.227,0.738,0.13,2
bdd100k,bdd100k_val_c3593016-3f75ba4e.jpg,0.588,0.181,0.395,0.766,0,3
bdd100k,bdd100k_val_c3593016-c20441ce.jpg,0.573,0.555,0.375,0.706,0.001,7
bdd100k,bdd100k_val_c359f52e-d1916e72.jpg,0.473,0.988,0.768,0.787,0,4
bdd100k,bdd100k_val_c35e0eea-7596f0bd.jpg,0.763,0.668,0.504,0.711,0.043,4
bdd100k,bdd100k_val_c35f86eb-86dc57eb.jpg,0.28,0.716,0.349,0.851,0,3
bdd100k,bdd100k_val_c3639d96-271bbe4c.jpg,0.244,0.591,0.714,0.76,0.069,2
bdd100k,bdd100k_val_c3639d96-b9928b16.jpg,0.457,1,0.811,0.677,0.024,6
bdd100k,bdd100k_val_c3698cec-2231cb86.jpg,0.497,1,0.591,0.6,0.009,8
bdd100k,bdd100k_val_c36d561d-157eefbb.jpg,0.714,0.305,0.137,0.672,0,1
bdd100k,bdd100k_val_c36ded7c-a435e454.jpg,0.513,1,0.789,0.711,0,6
bdd100k,bdd100k_val_c372b0f2-81abd5d1.jpg,0.227,0.862,0.736,0.766,0.375,1
bdd100k,bdd100k_val_c37360b7-7dab5705.jpg,0.633,0.278,0.041,0.767,0.071,4
bdd100k,bdd100k_val_c37382d8-010bbe82.jpg,0.714,0.591,0.845,0.654,0,6
bdd100k,bdd100k_val_c37388ef-99765627.jpg,0.533,1,0.756,0.692,0.061,9
bdd100k,bdd100k_val_c37884fa-ef0b1d8e.jpg,0.378,0.34,0.457,0.62,0.072,9
bdd100k,bdd100k_val_c379f9c4-f41ab256.jpg,0.609,0.714,0.649,0.743,0.014,4
bdd100k,bdd100k_val_c37b8378-9c23f3b3.jpg,0.7,0.88,0.797,0.738,0.001,6
bdd100k,bdd100k_val_c37b9726-5056fc28.jpg,0.134,0.815,0.65,0.784,0,4
bdd100k,bdd100k_val_c37b9726-c2532aba.jpg,0.385,0.673,0.322,0.97,0.001,2
bdd100k,bdd100k_val_c37b9726-caffaa65.jpg,0.718,0.474,0.517,0.709,0.011,8
bdd100k,bdd100k_val_c37c2977-45e57cc0.jpg,0.445,1,0.932,0.754,0.011,5
bdd100k,bdd100k_val_c37cf84f-18aa50f6.jpg,0.069,0.563,0.353,0.992,0.001,2
bdd100k,bdd100k_val_c37d47c0-c830ec1c.jpg,0.328,0.676,0.718,0.708,0.026,4
bdd100k,bdd100k_val_c380e9e2-6d8a84be.jpg,0.506,1,0.689,0.605,0.099,6
bdd100k,bdd100k_val_c3822b6a-0ef41057.jpg,0.105,1,0.449,0.71,0.007,4
bdd100k,bdd100k_val_c3870915-a0d8f653.jpg,0.478,1,0.733,0.692,0.007,8
bdd100k,bdd100k_val_c389631f-34a8e513.jpg,0.725,0.63,0.144,0.675,0.068,7
bdd100k,bdd100k_val_c38cd3f6-bd22367b.jpg,0.727,0.737,0.537,0.672,0.006,8
bdd100k,bdd100k_val_c39375fb-ecf20028.jpg,0.293,0.27,0.583,0.695,0,2
bdd100k,bdd100k_val_c3968de8-ba91cf82.jpg,0.322,1,0.772,0.676,0.028,8
bdd100k,bdd100k_val_c3968de8-bd6747f5.jpg,0.087,1,0.695,1,0.036,3
bdd100k,bdd100k_val_c3968de8-fe9ac544.jpg,0.239,1,0.779,0.679,0.062,3
bdd100k,bdd100k_val_c396e833-a3876e00.jpg,0.509,0.713,0.719,0.632,0.017,3
bdd100k,bdd100k_val_c396e833-ba935f99.jpg,0.647,1,0.68,0.635,0.002,8
bdd100k,bdd100k_val_c397cd5e-ad9369e9.jpg,0.396,0.686,0.248,0.669,0.018,2
bdd100k,bdd100k_val_c39807d2-dd8710a0.jpg,0.22,0.979,0.685,0.608,0.087,3
bdd100k,bdd100k_val_c3993f07-cc084164.jpg,0.226,1,0.67,0.63,0.067,13
bdd100k,bdd100k_val_c3997bc7-ae6fd2e3.jpg,0.246,0.428,0.497,0.753,0.181,7
bdd100k,bdd100k_val_c39a0a67-dcf8ab72.jpg,0.366,1,0.792,0.76,0.001,7
bdd100k,bdd100k_val_c39b357e-5a90a6b6.jpg,0.473,1,0.693,0.677,0.067,7
bdd100k,bdd100k_val_c39d3334-9c866b4c.jpg,0.037,1,0.808,1,0,2
bdd100k,bdd100k_val_c3a26429-e8f01a18.jpg,0.55,0.997,0.79,0.773,0.001,6
bdd100k,bdd100k_val_c3a5542d-132f75f3.jpg,0.29,0.283,0.397,0.844,0.001,6
bdd100k,bdd100k_val_c3ad67db-0e969ba8.jpg,0.071,1,0.685,0.796,0,3
bdd100k,bdd100k_val_c3ae9216-b9dab4a9.jpg,0.151,0.424,0.624,0.737,0.001,3
bdd100k,bdd100k_val_c3b1694b-79c97ac2.jpg,0.133,0.188,0.315,1,0,1
bdd100k,bdd100k_val_c3b31662-8eae58f3.jpg,0.321,0.215,0.184,0.838,0.001,2
bdd100k,bdd100k_val_c3b9feeb-8362c56c.jpg,0.473,0.725,0.677,0.768,0.001,6
bdd100k,bdd100k_val_c3bb4925-a3b4c1ed.jpg,0.581,0.448,0.579,0.815,0.003,4
bdd100k,bdd100k_val_c3bf9233-8462deb1.jpg,0.497,1,0.732,0.652,0.003,5
bdd100k,bdd100k_val_c3c0f47b-1e1b1003.jpg,,,,,NA,
bdd100k,bdd100k_val_c3c0f47b-3d4e0313.jpg,0.423,1,0.757,0.877,0,2
bdd100k,bdd100k_val_c3c0f47b-936bc208.jpg,0.367,1,0.714,0.769,0.001,2
bdd100k,bdd100k_val_c3c0f47b-ac19bef3.jpg,0.773,0.918,0.491,0.575,0.002,5
bdd100k,bdd100k_val_c3c0f47b-cccf82b7.jpg,0.074,1,0.556,0.918,0,2
bdd100k,bdd100k_val_c3c0f47b-f5a22431.jpg,0.105,0.229,0.32,1,0,1
bdd100k,bdd100k_val_c3c10c0c-45eec8a3.jpg,0.477,0.672,0.535,0.703,0.065,8
bdd100k,bdd100k_val_c3c43f15-1afc9745.jpg,0.3,0.828,0.523,0.775,0,2
bdd100k,bdd100k_val_c3cd662f-228cba06.jpg,0.514,1,0.815,0.769,0.001,6
bdd100k,bdd100k_val_c3d70e8e-64b02c51.jpg,0.4,0.263,0.078,0.825,0.001,2
bdd100k,bdd100k_val_c3dc6d37-450bc114.jpg,0.458,0.292,0.226,0.713,0,4
bdd100k,bdd100k_val_c3dc6d37-60d68540.jpg,0.308,0.374,0.306,0.695,0.002,5
bdd100k,bdd100k_val_c3dd2df5-e805df01.jpg,0.6,0.128,0,0.883,0.001,1
bdd100k,bdd100k_val_c3de5a74-899efae7.jpg,0.385,1,0.922,0.766,0.002,5
bdd100k,bdd100k_val_c3df354d-bec42887.jpg,0.167,0.033,0.181,0.441,0.002,2
bdd100k,bdd100k_val_c3e067a4-535a9b93.jpg,0.062,0.504,0.393,0.82,0.131,4
bdd100k,bdd100k_val_c3e4deae-a76258ee.jpg,0.424,1,0.718,0.681,0.041,10
bdd100k,bdd100k_val_c3e7bd65-aff9c706.jpg,0.497,0.451,0.451,0.658,0.013,4
bdd100k,bdd100k_val_c3e986e8-99f2d744.jpg,0.433,1,0.744,0.804,0.012,9
bdd100k,bdd100k_val_c3ee4b9b-1929ab81.jpg,0.019,1,0.858,1,0,3
bdd100k,bdd100k_val_c3f50821-74cff39b.jpg,0.436,0.533,0.587,0.73,0.042,7
bdd100k,bdd100k_val_c3f8a4ce-2090da6b.jpg,0.211,0.828,0.647,0.78,0.116,3
bdd100k,bdd100k_val_c3fd9aad-7e464a06.jpg,,,,,NA,
bdd100k,bdd100k_val_c3fdd07a-6a106ecd.jpg,0.629,0.466,0.431,0.625,0.041,17
bdd100k,bdd100k_val_c400a0e1-c137168b.jpg,0.475,0.66,0.389,0.769,0.009,8
bdd100k,bdd100k_val_c4031040-73e296bc.jpg,0.563,0.314,0.296,0.767,0.001,5
bdd100k,bdd100k_val_c404818a-ac56c4e1.jpg,0.491,0.735,0.497,0.696,0.043,11
bdd100k,bdd100k_val_c4057c0c-000a6aaf.jpg,0.556,0.789,0.654,0.718,0.006,7
bdd100k,bdd100k_val_c4097a21-ed514c08.jpg,0.941,0.715,0.606,0.861,0.004,2
bdd100k,bdd100k_val_c411687d-73471431.jpg,0.062,0.213,0.579,1,0.001,1
bdd100k,bdd100k_val_c4130097-887da34f.jpg,0.249,0.299,0.397,0.704,0.053,4
bdd100k,bdd100k_val_c415a08c-a6cb455e.jpg,0.4,0.239,0.524,0.679,0.021,4
bdd100k,bdd100k_val_c415a08c-d4f4488e.jpg,0.314,0.406,0.612,0.698,0.146,6
bdd100k,bdd100k_val_c4160d08-c506293d.jpg,0.053,0.01,0.3,1,0.001,1
bdd100k,bdd100k_val_c4160d08-d9c52d7b.jpg,0.488,0.958,0.792,0.557,0.211,7
bdd100k,bdd100k_val_c417a291-7802692d.jpg,0.785,0.736,0.559,0.769,0.015,20
bdd100k,bdd100k_val_c417a291-7ea03054.jpg,0.26,0.827,0.404,0.774,0,3
bdd100k,bdd100k_val_c41826e3-9e581f79.jpg,0.542,0.51,0.478,0.676,0.016,16
bdd100k,bdd100k_val_c41d22bb-080065ca.jpg,0.437,1,0.878,0.958,0,1
bdd100k,bdd100k_val_c420873f-28164388.jpg,0.182,0.511,0.315,1,0.018,1
bdd100k,bdd100k_val_c420e95a-f7f8eacd.jpg,0.554,0.356,0,0.793,0,4
bdd100k,bdd100k_val_c4223cc0-7053ae09.jpg,0.815,0.63,0.785,0.668,0.11,6
bdd100k,bdd100k_val_c422771c-ecd74810.jpg,0.636,0.449,0.268,0.689,0,4
bdd100k,bdd100k_val_c427410f-aec7f6a9.jpg,0.474,0.825,0.397,0.662,0,2
bdd100k,bdd100k_val_c428ad7c-f3bbc3a0.jpg,0.315,1,0.553,0.714,0.007,10
bdd100k,bdd100k_val_c43052f6-d90711e9.jpg,0.3,0.338,0.322,1,0,1
bdd100k,bdd100k_val_c43077c9-470f06f9.jpg,0.187,1,0.917,0.709,0.016,4
bdd100k,bdd100k_val_c43254a8-9aa667dc.jpg,0.667,1,0.695,0.818,0.009,3
bdd100k,bdd100k_val_c4327604-12a96366.jpg,0.02,0.745,0.535,1,0,2
bdd100k,bdd100k_val_c4327604-30fa8196.jpg,,,,,NA,
bdd100k,bdd100k_val_c433e2aa-a0c604de.jpg,0.696,1,0.699,0.872,0,7
bdd100k,bdd100k_val_c4353b9c-9d50cbe9.jpg,0.616,0.69,0.668,0.631,0.177,8
bdd100k,bdd100k_val_c4353b9c-f8f56adc.jpg,0.558,0.49,0.379,0.638,0.038,6
bdd100k,bdd100k_val_c43a3013-c727b023.jpg,0.444,0.553,0.494,0.721,0.006,6
bdd100k,bdd100k_val_c43df889-410e2643.jpg,0.133,0.46,0.452,0.791,0,1
bdd100k,bdd100k_val_c43fe5b8-3d3608ce.jpg,0.274,1,0.62,0.675,0.004,8
bdd100k,bdd100k_val_c4402b90-b65a2393.jpg,,,,,NA,
bdd100k,bdd100k_val_c4436054-c0d83d61.jpg,0.149,0.278,0.259,1,0.006,3
bdd100k,bdd100k_val_c447f74e-98ec82f5.jpg,0.511,0.38,0.552,0.713,0.014,7
bdd100k,bdd100k_val_c447f74e-f67bf173.jpg,0.507,0.395,0.684,0.61,0.135,6
bdd100k,bdd100k_val_c44bf71d-c073c94e.jpg,0.451,0.748,0.759,0.714,0.08,5
bdd100k,bdd100k_val_c44e7068-cc04270e.jpg,0.559,0.694,0.416,0.678,0.036,8
bdd100k,bdd100k_val_c44f673a-599eb3e3.jpg,0.197,1,0.644,0.659,0.014,5
bdd100k,bdd100k_val_c4542f68-d3221fd3.jpg,0.655,0.421,0.608,0.671,0.001,5
bdd100k,bdd100k_val_c457d18a-610011a8.jpg,0.444,0.95,0.74,0.827,0.022,8
bdd100k,bdd100k_val_c45cf21f-c11847dd.jpg,0.263,0.444,0.396,0.786,0.086,3
bdd100k,bdd100k_val_c45d3e0a-75c44167.jpg,0.3,0.21,0,1,0.001,2
bdd100k,bdd100k_val_c45fbe22-61885df3.jpg,0.579,0.538,0.695,0.661,0.057,6
bdd100k,bdd100k_val_c4605841-affd9541.jpg,0.219,0.178,0.237,0.576,0.001,6
bdd100k,bdd100k_val_c46b6439-379167c1.jpg,0.412,1,0.693,0.715,0.142,12
bdd100k,bdd100k_val_c46c8375-e5fa2581.jpg,0.128,0.381,0.369,0.715,0,8
bdd100k,bdd100k_val_c46cdbf7-7e30902e.jpg,1,0.766,0.587,0.832,0.001,8
bdd100k,bdd100k_val_c46f4c8a-c6c995c1.jpg,0.403,0.492,0.442,0.617,0.013,5
bdd100k,bdd100k_val_c4742900-539e74f4.jpg,,,,,NA,
bdd100k,bdd100k_val_c4742900-81aa45ae.jpg,0.629,1,0.834,0.714,0.019,12
bdd100k,bdd100k_val_c4742900-8900110c.jpg,0.667,0.057,0.066,0.84,0,1
bdd100k,bdd100k_val_c4742900-d3fdcb6c.jpg,0.396,1,0.608,0.715,0.087,5
bdd100k,bdd100k_val_c4756fa2-027007f8.jpg,0.098,0.774,0.504,0.831,0.008,7
bdd100k,bdd100k_val_c4770a97-1393ce84.jpg,,,,,NA,
bdd100k,bdd100k_val_c47fb4ff-92db68d6.jpg,0.418,0.78,0.319,0.773,0.001,5
bdd100k,bdd100k_val_c485d97d-e833c4a1.jpg,0.189,0.749,0.676,0.629,0.007,6
bdd100k,bdd100k_val_c48cfadb-09901ed4.jpg,0.623,1,0.699,0.668,0.041,5
bdd100k,bdd100k_val_c48f5464-ebc458bf.jpg,0.602,0.903,0.763,0.569,0.001,5
bdd100k,bdd100k_val_c48f5464-fde5983e.jpg,0.658,0.798,0.708,0.639,0.094,12
bdd100k,bdd100k_val_c49c1308-71384f70.jpg,0.667,0.644,0.462,0.646,0.048,3
bdd100k,bdd100k_val_c49c8353-6d4b36f5.jpg,0.068,0.787,0.73,1,0.112,3
bdd100k,bdd100k_val_c49d39a3-738d6240.jpg,0.472,1,0.878,0.763,0.001,6
bdd100k,bdd100k_val_c49d39a3-9064a5ae.jpg,0.136,1,0.822,0.777,0.003,5
bdd100k,bdd100k_val_c4a06183-898ad98d.jpg,0.741,0.699,0.569,0.684,0.009,7
bdd100k,bdd100k_val_c4a19ba6-e706bdc2.jpg,0.495,0.733,0.699,0.643,0.001,4
bdd100k,bdd100k_val_c4a4ccdc-9c4aeeeb.jpg,0.769,0.58,0.734,0.793,0.004,8
bdd100k,bdd100k_val_c4a6774c-753a089b.jpg,0.116,0.508,0.387,0.674,0.001,5
bdd100k,bdd100k_val_c4a6cc43-f689c9f1.jpg,0.215,0.6,0.636,0.767,0.007,7
bdd100k,bdd100k_val_c4a6feae-63c06b39.jpg,0.111,0.408,0.054,NA,0,1
bdd100k,bdd100k_val_c4a9c6f0-f18e20e1.jpg,0.207,1,0.705,0.637,0.002,5
bdd100k,bdd100k_val_c4accb9c-58311122.jpg,0.644,0.428,0.486,0.697,0.002,10
bdd100k,bdd100k_val_c4ad8036-ee20aaf7.jpg,0.08,0.611,0.803,1,0.005,4
bdd100k,bdd100k_val_c4b3ce3d-6e999bfc.jpg,0.234,0.291,0.24,0.671,0.001,2
bdd100k,bdd100k_val_c4b3ce3d-ef12b7eb.jpg,0.842,0.872,0.683,0.879,0,2
bdd100k,bdd100k_val_c4b77809-63fd577c.jpg,0.588,0.495,0.348,0.656,0.025,13
bdd100k,bdd100k_val_c4b90e82-0a023704.jpg,0.562,0.586,0.54,0.663,0.032,8
bdd100k,bdd100k_val_c4cb8333-dcda097b.jpg,0.406,0.967,0.719,0.736,0.015,9
bdd100k,bdd100k_val_c4ccffb1-e4215665.jpg,0.203,1,0.777,0.772,0.005,5
bdd100k,bdd100k_val_c4ccffb1-e53dc8ca.jpg,0.362,1,0.883,0.731,0.016,3
bdd100k,bdd100k_val_c4cebcf0-c8c73eb8.jpg,0.439,0.44,0.617,0.635,0.115,4
bdd100k,bdd100k_val_c4cf4c32-e9845a14.jpg,0.523,1,0.759,0.841,0.002,9
bdd100k,bdd100k_val_c4d1be5c-f868e120.jpg,0.577,1,0.763,0.643,0.02,13
bdd100k,bdd100k_val_c4d58b70-d6d1bc1b.jpg,0.22,1,0.609,0.82,0.01,5
bdd100k,bdd100k_val_c4d631ce-55e4d4e9.jpg,0.585,0.772,0.418,0.701,0.003,8
bdd100k,bdd100k_val_c4d83625-8af1c66e.jpg,0.464,0.314,0.616,0.83,0.001,4
bdd100k,bdd100k_val_c4dbd719-1d98586e.jpg,0.235,0.834,0.524,0.789,0.045,3
bdd100k,bdd100k_val_c4e96efa-cbe1be6a.jpg,0.697,0.5,0.515,0.606,0.006,11
bdd100k,bdd100k_val_c4e97226-7be7eef5.jpg,0.437,0.743,0.777,0.646,0.011,5
bdd100k,bdd100k_val_c4eb5462-657f5921.jpg,0.495,0.545,0.52,0.696,0.253,6
bdd100k,bdd100k_val_c4f59bdd-11bad1c6.jpg,0.298,0.582,0.469,0.761,0.007,3
bdd100k,bdd100k_val_c4f723f1-5ba8f7ee.jpg,0.115,1,0.541,0.671,0.093,3
bdd100k,bdd100k_val_c503f2e8-1780553c.jpg,0.416,0.393,0.531,0.823,0.001,5
bdd100k,bdd100k_val_c504ed5c-0f63b8cb.jpg,0.201,1,0.602,0.715,0.002,3
bdd100k,bdd100k_val_c50ac48c-417a806b.jpg,0.333,0.111,0.28,0.803,0,1
bdd100k,bdd100k_val_c50c20fc-39f5336c.jpg,0.497,1,0.673,0.751,0.015,6
bdd100k,bdd100k_val_c50d0b3f-3a8df0bf.jpg,0.182,0.628,0.761,0.843,0.001,1
bdd100k,bdd100k_val_c50d0b3f-96a483e0.jpg,0.706,0.974,0.405,0.753,NA,4
bdd100k,bdd100k_val_c50faaad-75284f27.jpg,0.364,0.137,0,1,0.001,1
bdd100k,bdd100k_val_c50faaad-d383bf66.jpg,0.506,0.601,0.497,0.805,0.019,3
bdd100k,bdd100k_val_c50faaad-d84b2856.jpg,0.329,0.55,0.382,0.684,0.054,4
bdd100k,bdd100k_val_c5118204-23d7a171.jpg,0.556,0.253,0.395,0.758,0.012,2
bdd100k,bdd100k_val_c5125543-c78ee13f.jpg,0.29,1,0.647,0.946,0,3
bdd100k,bdd100k_val_c517c182-d75f08e3.jpg,0.281,1,0.699,0.832,0.001,6
bdd100k,bdd100k_val_c51ec845-99c75a49.jpg,0.39,0.373,0.583,0.677,0.003,5
bdd100k,bdd100k_val_c51ee110-ea464eff.jpg,0.395,0.528,0.712,0.586,0.001,6
bdd100k,bdd100k_val_c5218d47-c938bca6.jpg,0.111,0.169,0.289,1,0.011,1
bdd100k,bdd100k_val_c524ecb5-74c5e510.jpg,0.222,1,0.88,1,0.001,1
bdd100k,bdd100k_val_c52a5080-7f1eba3f.jpg,0.697,0.577,0.779,0.742,0.02,4
bdd100k,bdd100k_val_c52f53f8-83f49a86.jpg,0.591,0.674,0.702,0.67,0.052,5
bdd100k,bdd100k_val_c52f53f8-f2c94064.jpg,0.442,0.924,0.645,0.71,0.01,9
bdd100k,bdd100k_val_c532201e-8531945e.jpg,0.489,0.302,0.575,0.81,0.024,4
bdd100k,bdd100k_val_c53385ee-1fe07e21.jpg,0.425,0.584,0.308,0.789,0.003,5
bdd100k,bdd100k_val_c5343589-f0a9e124.jpg,0.195,0.491,0.423,0.892,0.006,2
bdd100k,bdd100k_val_c536d061-03d98dde.jpg,,,,,NA,
bdd100k,bdd100k_val_c53941d4-889b2e48.jpg,0.831,0.324,0.379,0.764,0.002,6
bdd100k,bdd100k_val_c53986c1-311f3693.jpg,0.857,0.285,0,1,0,1
bdd100k,bdd100k_val_c53986c1-9107e7a9.jpg,,,,,NA,
bdd100k,bdd100k_val_c53986c1-925eafc4.jpg,,,,,NA,
bdd100k,bdd100k_val_c53c8bba-e8fa6bc6.jpg,0.219,0.374,0.238,0.755,0.001,2
bdd100k,bdd100k_val_c540a708-e1a4ff73.jpg,0.388,1,0.755,0.959,0,2
bdd100k,bdd100k_val_c5434464-5dcb3bd7.jpg,0.227,0.801,0.586,0.792,0,3
bdd100k,bdd100k_val_c54441e6-400c221e.jpg,0.661,1,0.774,0.632,0.06,10
bdd100k,bdd100k_val_c5490183-eb00ff57.jpg,0.486,0.204,0.509,0.692,0.001,3
bdd100k,bdd100k_val_c54925a2-af3b6166.jpg,0.62,0.488,0.605,0.631,0.158,4
bdd100k,bdd100k_val_c54e3b28-168e2176.jpg,0.297,1,0.825,0.717,0.077,4
bdd100k,bdd100k_val_c5530340-6ca6f8bc.jpg,0.311,0.259,0.462,0.681,0.021,9
bdd100k,bdd100k_val_c55332bb-cdf3fe55.jpg,0.189,0.928,0.594,0.835,0,3
bdd100k,bdd100k_val_c556b94f-70bb8f52.jpg,0.276,1,0.676,0.85,0.001,3
bdd100k,bdd100k_val_c5584f14-7fcc4797.jpg,0.178,1,0.714,0.84,0.003,6
bdd100k,bdd100k_val_c55c6b72-d4bb26f3.jpg,1,0.448,0,0.776,0.001,1
bdd100k,bdd100k_val_c55d0615-f1eb15ca.jpg,0.093,1,0.658,0.757,0.045,3
bdd100k,bdd100k_val_c55da7df-537c27fd.jpg,0.516,0.437,0.786,0.676,0.003,7
bdd100k,bdd100k_val_c55dc887-58fc27e7.jpg,0.208,0.877,0.59,0.667,0.005,5
bdd100k,bdd100k_val_c561cb9a-7ee655d2.jpg,0.926,0.632,0.592,0.78,0,1
bdd100k,bdd100k_val_c5623327-f089f3ee.jpg,0.497,0.617,0.553,0.709,0.123,7
bdd100k,bdd100k_val_c564c92b-2f727c05.jpg,0.775,0.3,0.354,0.751,0.014,5
bdd100k,bdd100k_val_c564c92b-dec2638b.jpg,0.566,0.258,0.281,0.709,0.059,4
bdd100k,bdd100k_val_c56569c3-449c1da2.jpg,0.257,1,0.688,0.631,0.001,5
bdd100k,bdd100k_val_c566026b-3127f5d8.jpg,0.273,1,0.794,0.633,0.009,6
bdd100k,bdd100k_val_c566026b-ea7cc2ea.jpg,0.398,1,0.879,0.677,0.002,4
bdd100k,bdd100k_val_c56915dc-1eb8abe1.jpg,0.623,0.349,0.561,0.674,0.004,5
bdd100k,bdd100k_val_c56ad92a-8744e902.jpg,0.437,0.593,0.345,0.706,0.001,7
bdd100k,bdd100k_val_c56ad92a-9e626450.jpg,0.651,0.724,0.61,0.732,0.001,7
bdd100k,bdd100k_val_c56ad92a-c7ecc589.jpg,0.28,0.461,0.383,0.73,0.074,3
bdd100k,bdd100k_val_c56cdb77-68cd6d79.jpg,0.415,1,0.681,0.655,0.059,13
bdd100k,bdd100k_val_c56f2163-005261fc.jpg,0.255,0.452,0.452,0.983,0.007,2
bdd100k,bdd100k_val_c5718931-d5862304.jpg,0.053,1,0.249,1,0,1
bdd100k,bdd100k_val_c571c186-39041336.jpg,0.768,0.866,0.762,0.671,0.071,4
bdd100k,bdd100k_val_c573ac02-6c5f037e.jpg,0.547,0.436,0.671,0.68,0.005,7
bdd100k,bdd100k_val_c576ccff-0a51ae4b.jpg,0.708,0.412,0.304,0.721,0.049,5
bdd100k,bdd100k_val_c579ded4-2bdbcd45.jpg,0.527,0.916,0.59,0.693,0.001,8
bdd100k,bdd100k_val_c57a44ff-1a53cea4.jpg,0.584,1,0.806,0.65,0.01,11
bdd100k,bdd100k_val_c57a44ff-5cf5202c.jpg,0.264,0.451,0.474,0.769,0.009,9
bdd100k,bdd100k_val_c57c1efb-d906271a.jpg,0.377,1,0.8,0.68,0.22,4
bdd100k,bdd100k_val_c57cda5b-e43a49aa.jpg,0.606,0.397,0.335,0.826,0,4
bdd100k,bdd100k_val_c584f2c3-83912b35.jpg,0.303,0.584,0.705,0.649,0.126,4
bdd100k,bdd100k_val_c585c0c4-f0596352.jpg,0.641,1,0.279,0.747,0,2
bdd100k,bdd100k_val_c586b898-d44df97d.jpg,0.122,1,0.842,0.756,0,5
bdd100k,bdd100k_val_c5882339-42bfd7a8.jpg,0.444,0.578,0.608,0.719,0.014,4
bdd100k,bdd100k_val_c588f35b-79bd69fe.jpg,0.66,0.628,0.51,0.674,0.088,8
bdd100k,bdd100k_val_c58a9085-abc0c295.jpg,0.427,0.788,0.591,0.726,0.002,4
bdd100k,bdd100k_val_c59500f0-130d7415.jpg,0.374,0.694,0.633,0.81,0.002,10
bdd100k,bdd100k_val_c59500f0-6304fda1.jpg,0.184,0.912,0.604,0.697,0.01,3
bdd100k,bdd100k_val_c595de6c-1fe5d3df.jpg,0.548,1,0.62,0.671,0,5
bdd100k,bdd100k_val_c599480d-15223a32.jpg,1,1,0.829,0.881,0.002,4
bdd100k,bdd100k_val_c59c31f2-cdac8cc8.jpg,0.469,0.668,0.254,0.723,0,8
bdd100k,bdd100k_val_c5a178bf-637d1750.jpg,0.361,0.893,0.634,0.731,0.013,5
bdd100k,bdd100k_val_c5a4ccc0-b786fbb2.jpg,0.485,1,0.829,0.749,0.001,6
bdd100k,bdd100k_val_c5b166fd-df77bb5d.jpg,,,,,NA,
bdd100k,bdd100k_val_c5b2506d-07e406a6.jpg,0.409,0.636,0.427,0.789,0.001,6
bdd100k,bdd100k_val_c5b2506d-9121123c.jpg,0.7,0.643,0.631,0.657,0.088,12
bdd100k,bdd100k_val_c5b2506d-a03619f7.jpg,0.673,0.986,0.719,0.771,0,5
bdd100k,bdd100k_val_c5b2506d-b5774e49.jpg,0.471,0.411,0.585,0.696,0.038,9
bdd100k,bdd100k_val_c5b64f27-fc829e64.jpg,0.411,0.641,0.617,0.767,0.004,5
bdd100k,bdd100k_val_c5b6c311-af650f3b.jpg,0.244,0.766,0.579,0.749,0.081,4
bdd100k,bdd100k_val_c5b76793-56c6c886.jpg,0.275,0.242,0.143,0.79,0,2
bdd100k,bdd100k_val_c5b7b466-4adbd41c.jpg,0.568,0.523,0.623,0.759,0.015,3
bdd100k,bdd100k_val_c5b7b466-eac86195.jpg,0.26,1,0.791,0.709,0.141,4
bdd100k,bdd100k_val_c5b7b466-f6066e36.jpg,0.835,0.457,0.782,0.735,0.017,7
bdd100k,bdd100k_val_c5b7db86-88bceca0.jpg,0.682,0.033,0.373,0.879,0.001,1
bdd100k,bdd100k_val_c5b80ec1-7fc5097c.jpg,0.327,0.968,0.705,0.683,0.001,6
bdd100k,bdd100k_val_c5bb525f-be098cfb.jpg,0.123,1,0.863,0.862,0.023,4
bdd100k,bdd100k_val_c5bbf929-8c3d6c80.jpg,0.352,0.584,0.367,0.746,0.052,7
bdd100k,bdd100k_val_c5bbf929-e89aac92.jpg,0.377,0.548,0.347,0.744,0.001,6
bdd100k,bdd100k_val_c5bc3aa9-d268a0aa.jpg,0.323,0.782,0.405,0.75,0.016,5
bdd100k,bdd100k_val_c5c352c8-c97b0943.jpg,0.333,0.744,0.475,0.704,0.001,6
bdd100k,bdd100k_val_c5c37cfe-a885a8d2.jpg,0.686,0.907,0.752,0.689,0.108,9
bdd100k,bdd100k_val_c5c3b858-bc1ffd47.jpg,0.479,0.584,0.422,0.724,0.028,3
bdd100k,bdd100k_val_c5c43551-916bcae8.jpg,0.444,1,0.561,0.769,0.001,3
bdd100k,bdd100k_val_c5c7c186-2f98e734.jpg,0.232,1,0.326,0.918,0.001,2
bdd100k,bdd100k_val_c5c8a92c-49d1ba7c.jpg,0.422,0.821,0.759,0.807,0.002,5
bdd100k,bdd100k_val_c5c9d88b-cd7f4b25.jpg,0.25,0.451,0.27,0.683,0,4
bdd100k,bdd100k_val_c5ca1272-a926594c.jpg,0.244,0.469,0.323,0.724,0.005,4
bdd100k,bdd100k_val_c5caf169-3010206a.jpg,0.588,1,0.853,0.712,0.064,10
bdd100k,bdd100k_val_c5d13cf9-038d680e.jpg,0.141,0.646,0.265,0.887,0.007,2
bdd100k,bdd100k_val_c5d13cf9-8840eb07.jpg,0.22,0.758,0.596,0.785,0.002,4
bdd100k,bdd100k_val_c5d79098-e6587dc0.jpg,0.798,0.571,0.677,0.691,0.014,11
bdd100k,bdd100k_val_c5d7ce8d-55f07ede.jpg,0.407,0.992,0.359,0.794,0.004,3
bdd100k,bdd100k_val_c5d864fa-20290c25.jpg,,,,,NA,
bdd100k,bdd100k_val_c5d864fa-8e525d48.jpg,0.667,0.148,0.282,1,0,1
bdd100k,bdd100k_val_c5dd12e7-e1f925bf.jpg,0.875,0.311,0.117,0.945,0.002,1
bdd100k,bdd100k_val_c5dd7a2a-bab83a60.jpg,0.261,0.977,0.507,0.691,0.062,4
bdd100k,bdd100k_val_c5dee1e2-e17da4f5.jpg,0.333,0.379,0.332,0.738,0.046,2
bdd100k,bdd100k_val_c5e32cf6-7d2e04b4.jpg,0.741,0.435,0.452,0.754,0.002,5
bdd100k,bdd100k_val_c5e41dc2-537a34c6.jpg,0.471,0.281,0.468,0.805,0.016,5
bdd100k,bdd100k_val_c5e41dc2-b8afddfc.jpg,0.614,0.845,0.63,0.765,0.012,10
bdd100k,bdd100k_val_c5e8ab3b-6e92761c.jpg,0.595,0.444,0.543,0.719,0.032,4
bdd100k,bdd100k_val_c5eb7f02-4de68c54.jpg,0.237,0.849,0.652,0.78,0.001,4
bdd100k,bdd100k_val_c5eebbf5-1450247a.jpg,0.529,0.437,0.331,0.884,0,1
bdd100k,bdd100k_val_c5f0cacd-26e83cd1.jpg,0.567,1,0.758,0.756,0.079,13
bdd100k,bdd100k_val_c5f31e54-2e91ccbd.jpg,0.266,1,0.864,0.679,0,3
bdd100k,bdd100k_val_c5f31e54-76b8c52c.jpg,0.583,0.413,0.56,0.765,0,4
bdd100k,bdd100k_val_c5f4b6d4-92bcf575.jpg,0.208,0.349,0.009,0.778,0,1
bdd100k,bdd100k_val_c5f87655-a6b5b5ff.jpg,0.771,0.236,0.683,0.721,0.17,4
bdd100k,bdd100k_val_c5f99fea-d9ccc213.jpg,0.438,0.746,0.581,0.666,0.079,5
bdd100k,bdd100k_val_c5fac5ad-8854736e.jpg,0.955,0.793,0.461,0.717,0,2
bdd100k,bdd100k_val_c5fcf26b-c3f9aa67.jpg,0.431,0.949,0.697,0.662,0.01,5
bdd100k,bdd100k_val_c60144b6-62841efb.jpg,0.345,1,0.783,0.664,0.087,11
bdd100k,bdd100k_val_c60144b6-74583c0d.jpg,0.377,0.554,0.781,0.668,0.001,4
bdd100k,bdd100k_val_c60144b6-ddad5125.jpg,0.676,0.867,0.799,0.681,0.001,6
bdd100k,bdd100k_val_c602b3c5-0bba271b.jpg,0.047,1,0.677,1,0.001,4
bdd100k,bdd100k_val_c60327b4-f096274e.jpg,0.451,0.775,0.7,0.621,0.28,3
bdd100k,bdd100k_val_c605bc6e-a4a48e5c.jpg,,,,,NA,
bdd100k,bdd100k_val_c605bc6e-b329a5c1.jpg,0.333,0.848,0.448,0.858,0,2
bdd100k,bdd100k_val_c6083af3-97345ce2.jpg,0.418,1,0.442,0.756,0.02,2
bdd100k,bdd100k_val_c60b2910-c3ce88e1.jpg,0.333,1,0.885,0.855,0.002,4
bdd100k,bdd100k_val_c60c04c3-10c3f122.jpg,0.382,0.51,0.777,0.73,0.06,10
bdd100k,bdd100k_val_c60d6c5c-689d8921.jpg,0.358,0.167,0,0.824,0.044,1
bdd100k,bdd100k_val_c60dc8c4-c8c80749.jpg,0.373,0.577,0.545,0.802,0.005,3
bdd100k,bdd100k_val_c60f0eb4-bb0d650b.jpg,0.435,0.468,0.362,0.673,0.004,6
bdd100k,bdd100k_val_c614250f-060df27c.jpg,0.078,1,0.5,0.966,0.001,2
bdd100k,bdd100k_val_c614250f-612cd1b1.jpg,0.172,0.586,0.429,0.858,0.001,2
bdd100k,bdd100k_val_c6148dad-32f6f2b2.jpg,0.458,0.867,0.795,0.828,0.003,7
bdd100k,bdd100k_val_c617d219-c5bb6104.jpg,0.279,0.643,0.483,0.79,0,3
bdd100k,bdd100k_val_c61c91ec-1c678f63.jpg,0.855,0.838,0.619,0.697,0.091,10
bdd100k,bdd100k_val_c620ac7c-f3d4e50c.jpg,0.142,1,0.694,0.673,0.019,6
bdd100k,bdd100k_val_c6215f72-266bf801.jpg,0.526,0.738,0.389,0.701,0.037,12
bdd100k,bdd100k_val_c62664f1-b6fec7e5.jpg,0.458,0.631,0.743,0.638,0.138,7
bdd100k,bdd100k_val_c62ba5b8-bfa3fbad.jpg,,,,,NA,
bdd100k,bdd100k_val_c62dc284-683bf6e9.jpg,,,,,NA,
bdd100k,bdd100k_val_c62dc284-926392bf.jpg,,,,,NA,
bdd100k,bdd100k_val_c62efadc-a4255fc1.jpg,0.56,0.179,0.256,0.801,0.001,5
bdd100k,bdd100k_val_c62efadc-d5d01fc2.jpg,0.95,0.182,0.372,0.86,0.001,2
bdd100k,bdd100k_val_c633cafb-496ee40f.jpg,0.523,0.398,0.521,0.699,0.026,4
bdd100k,bdd100k_val_c63428f4-7e084bea.jpg,0.361,0.366,0.617,0.681,0.001,6
bdd100k,bdd100k_val_c634f845-8fdb6a3e.jpg,0.636,0.572,0.643,0.783,0,1
bdd100k,bdd100k_val_c6352da9-dbb06c04.jpg,0.712,0.335,0.547,0.75,0.019,4
bdd100k,bdd100k_val_c6367bde-a28b0ad2.jpg,0.582,0.839,0.771,0.702,0.012,6
bdd100k,bdd100k_val_c63864a9-35e14676.jpg,0.72,0.605,0.451,0.679,0.303,4
bdd100k,bdd100k_val_c63da678-d3f535e3.jpg,0.136,1,0.665,0.752,0.001,5
bdd100k,bdd100k_val_c63f6bb5-e23a253e.jpg,0.5,0.279,0.617,0.584,0.005,8
bdd100k,bdd100k_val_c6406d76-bbf7229f.jpg,0.361,1,0.372,0.723,0,3
bdd100k,bdd100k_val_c6424a42-272aa782.jpg,0.27,0.846,0.669,0.724,0.004,7
bdd100k,bdd100k_val_c643f246-e29733b4.jpg,0.429,1,0.85,0.686,0.001,5
bdd100k,bdd100k_val_c644e81b-53cbf3b6.jpg,0.493,0.573,0.379,0.821,0.021,4
bdd100k,bdd100k_val_c64d4efa-0a2488a5.jpg,0.792,1,0.321,0.854,0,1
bdd100k,bdd100k_val_c64d742b-1ecf1b4b.jpg,0.565,1,0.787,0.677,0.006,16
bdd100k,bdd100k_val_c64dd3d9-51adbe1e.jpg,0.374,0.735,0.569,0.745,0.001,6
bdd100k,bdd100k_val_c64dd3d9-afe20215.jpg,0.45,0.489,0.478,0.707,0.011,5
bdd100k,bdd100k_val_c64dd3d9-ed092171.jpg,0.716,0.649,0.334,0.821,0.041,2
bdd100k,bdd100k_val_c6549c4a-21436fe0.jpg,0.53,1,0.793,0.804,0,3
bdd100k,bdd100k_val_c6549c4a-4832b39e.jpg,0.109,0.492,0.237,0.85,0.025,3
bdd100k,bdd100k_val_c6549c4a-525a2429.jpg,0.692,1,0.665,0.73,0.049,6
bdd100k,bdd100k_val_c6549c4a-b2454b41.jpg,0.415,0.492,0.583,0.795,0,4
bdd100k,bdd100k_val_c65628b7-27006fb6.jpg,0.172,0.508,0.287,0.786,0.171,2
bdd100k,bdd100k_val_c65628b7-b1f37776.jpg,0.393,0.723,0.643,0.6,0.042,7
bdd100k,bdd100k_val_c65b8cb4-e2aa6d2f.jpg,0.789,0.601,0.458,0.665,0.192,3
bdd100k,bdd100k_val_c65d48bf-11a2512b.jpg,0.429,1,0.63,0.747,0.001,8
bdd100k,bdd100k_val_c65d48bf-dd2e932b.jpg,0.738,1,0.756,0.801,0.002,3
bdd100k,bdd100k_val_c65f7702-979ab570.jpg,0.362,0.665,0.732,0.773,0.044,7
bdd100k,bdd100k_val_c65fad1e-08c796e4.jpg,0.304,0.856,0.607,0.989,0,1
bdd100k,bdd100k_val_c664605e-abd72a76.jpg,0.6,0.704,0.689,0.639,0.02,6
bdd100k,bdd100k_val_c665137e-6fffaf45.jpg,0.756,0.732,0.344,0.819,0.002,5
bdd100k,bdd100k_val_c665137e-c5ba935a.jpg,0.516,0.45,0.538,0.626,0.06,7
bdd100k,bdd100k_val_c66a2cb5-64bc6565.jpg,0.602,0.794,0.752,0.716,0.098,4
bdd100k,bdd100k_val_c66c11e4-d8f18588.jpg,0.176,1,0.694,0.865,0.043,4
bdd100k,bdd100k_val_c66c630d-fd7e3bff.jpg,0.39,0.891,0.613,0.704,0.048,7
bdd100k,bdd100k_val_c66cd6fa-73c96046.jpg,0.361,1,0.917,0.734,0.225,4
bdd100k,bdd100k_val_c66cd6fa-979934f5.jpg,0.254,1,0.818,0.778,0.001,7
bdd100k,bdd100k_val_c66cd6fa-e9647604.jpg,0.206,1,0.693,0.827,0,2
bdd100k,bdd100k_val_c66d2237-f9c0a1ef.jpg,0.486,0.646,0.679,0.689,0.057,10
bdd100k,bdd100k_val_c66db7be-0ca75b1b.jpg,0.437,0.951,0.579,0.745,0.027,5
bdd100k,bdd100k_val_c66f60f8-4a20099b.jpg,0.331,0.504,0.514,0.758,0,5
bdd100k,bdd100k_val_c67075c0-452a5634.jpg,0.085,1,0.942,0.887,0.02,3
bdd100k,bdd100k_val_c67075c0-f1638c70.jpg,0.399,1,0.827,0.637,0.009,6
bdd100k,bdd100k_val_c6728701-f427d429.jpg,0.391,1,0.624,0.694,0.042,6
bdd100k,bdd100k_val_c675081b-df5291b4.jpg,0.423,0.879,0.75,0.655,0.022,9
bdd100k,bdd100k_val_c6758a15-21120f89.jpg,0.211,0.496,0.213,0.857,0.001,5
bdd100k,bdd100k_val_c6758a15-d4e2e5ac.jpg,0.537,0.283,0.44,0.644,0.009,5
bdd100k,bdd100k_val_c676514a-1f48a274.jpg,0.391,0.817,0.652,0.729,0.005,6
bdd100k,bdd100k_val_c676514a-c538c5ba.jpg,0.443,1,0.743,0.716,0.009,4
bdd100k,bdd100k_val_c6785f37-95b28780.jpg,0.177,0.968,0.631,0.684,0.001,3
bdd100k,bdd100k_val_c678cb00-1c6211ab.jpg,0.524,0.512,0.603,0.681,0,4
bdd100k,bdd100k_val_c682e776-650bfd20.jpg,0.155,1,0.712,0.684,0.073,10
bdd100k,bdd100k_val_c685aea9-1f0ae51d.jpg,0.593,0.574,0.509,0.614,0.069,8
bdd100k,bdd100k_val_c685aea9-2f9e84d2.jpg,0.594,0.57,0.395,0.586,0,5
bdd100k,bdd100k_val_c6866060-6e8de1dd.jpg,0.682,1,0.741,0.702,0.024,12
bdd100k,bdd100k_val_c6874e8e-439ea4de.jpg,1,0.652,0.715,0.72,0,2
bdd100k,bdd100k_val_c68a02cc-7324141d.jpg,0.353,0.647,0.734,0.715,0.005,6
bdd100k,bdd100k_val_c6921a51-c3847215.jpg,0.426,0.462,0.458,0.823,0.009,5
bdd100k,bdd100k_val_c6959e96-dd05fa7a.jpg,0.348,0.732,0.589,0.79,0.002,3
bdd100k,bdd100k_val_c696b1c8-b2fba873.jpg,0.272,0.443,0.091,0.74,0.001,3
bdd100k,bdd100k_val_c698371e-9c81ea92.jpg,0.51,0.399,0.6,0.69,0.001,7
bdd100k,bdd100k_val_c698371e-c1d58557.jpg,0.552,0.321,0.742,0.71,0.021,8
bdd100k,bdd100k_val_c69b26c7-3fa6979b.jpg,0.284,0.57,0.305,0.603,0.013,4
bdd100k,bdd100k_val_c69d1519-d0c95d6b.jpg,0.111,0.325,0.672,NA,0,1
bdd100k,bdd100k_val_c69e5864-010993d7.jpg,0.475,1,0.732,0.716,0.017,4
bdd100k,bdd100k_val_c69e5864-06a7595c.jpg,0.27,1,0.538,0.795,0.032,5
bdd100k,bdd100k_val_c69e5864-1e46bd03.jpg,0.15,0.916,0.484,0.723,0.093,5
bdd100k,bdd100k_val_c69f536a-9d45ee3d.jpg,0.396,0.442,0.572,0.629,0.002,6
bdd100k,bdd100k_val_c6a0e7c1-b9bc987c.jpg,0.441,0.682,0.508,0.762,0,2
bdd100k,bdd100k_val_c6a2eca5-a06c9e5b.jpg,0.398,0.279,0.278,0.633,0.002,9
bdd100k,bdd100k_val_c6a365eb-7d11a7c1.jpg,0.214,0.552,0.388,1,0,1
bdd100k,bdd100k_val_c6a3d2c9-ccd19954.jpg,0.531,0.832,0.761,0.79,0.006,6
bdd100k,bdd100k_val_c6a47cec-c221b550.jpg,0.398,0.943,0.821,0.819,0,3
bdd100k,bdd100k_val_c6a4abc9-1b48b2ab.jpg,,,,,NA,
bdd100k,bdd100k_val_c6a5ec44-7b0e5542.jpg,0.784,0.568,0.782,0.756,0.012,2
bdd100k,bdd100k_val_c6adfd20-170409d2.jpg,0.445,0.862,0.588,0.765,0.005,13
bdd100k,bdd100k_val_c6adfd20-788e8bba.jpg,0.411,0.776,0.517,0.669,0.017,10
bdd100k,bdd100k_val_c6adfd20-c54d2b0f.jpg,0.267,0.59,0.764,0.789,0,5
bdd100k,bdd100k_val_c6adfd20-e456ed13.jpg,0.351,1,0.689,0.732,0.005,5
bdd100k,bdd100k_val_c6af1e13-28b184aa.jpg,0.857,1,0.844,0.734,0.005,3
bdd100k,bdd100k_val_c6af1e13-951da297.jpg,0.173,1,0.67,0.713,0.004,7
bdd100k,bdd100k_val_c6af6422-ca528e3b.jpg,0.587,0.316,0.48,0.608,0.001,3
bdd100k,bdd100k_val_c6b45cee-f5551819.jpg,0.683,0.484,0.344,0.691,0.007,10
bdd100k,bdd100k_val_c6b7ebec-b2b3a6c0.jpg,0.517,0.594,0,0.675,0.003,2
bdd100k,bdd100k_val_c6b8f394-6e6a9b99.jpg,0.269,1,0.636,0.611,0.015,7
bdd100k,bdd100k_val_c6bb7ee7-9fec7fdb.jpg,0.358,0.581,0.645,0.738,0.001,6
bdd100k,bdd100k_val_c6bf8d8a-10605e47.jpg,0.395,1,0.659,0.763,0.013,5
bdd100k,bdd100k_val_c6c1c9ad-c21d153e.jpg,0.118,1,0.602,0.959,0,4
bdd100k,bdd100k_val_c6c75718-c93cfdd7.jpg,0.162,1,0.543,0.711,0.06,3
bdd100k,bdd100k_val_c6ca1dcf-635b762f.jpg,0.171,0.641,0.353,0.87,0.06,2
bdd100k,bdd100k_val_c6cde7ef-8fc5b688.jpg,0.781,0.713,0.553,0.783,0,1
bdd100k,bdd100k_val_c6d4654c-b09e2a6a.jpg,0.374,1,0.657,0.715,0.123,6
bdd100k,bdd100k_val_c6d586ad-8f0af0ac.jpg,0.5,0.248,0.455,1,0.001,1
bdd100k,bdd100k_val_c6d7400d-8a08045e.jpg,0.692,0.617,0.655,0.738,0.065,7
bdd100k,bdd100k_val_c6dfb2b8-a74025b0.jpg,0.086,0.767,0.634,0.726,0.014,2
bdd100k,bdd100k_val_c6dfbd67-2c7061bf.jpg,0.621,0.813,0.733,0.67,0.016,7
bdd100k,bdd100k_val_c6e17725-4e651f0a.jpg,0.75,0.087,0.289,1,0.001,1
bdd100k,bdd100k_val_c6e2cfc8-cfab245b.jpg,0.49,0.36,0.329,0.73,0.001,5
bdd100k,bdd100k_val_c6e3fc7e-9262d8ed.jpg,0.102,0.968,0.667,0.812,0.048,6
bdd100k,bdd100k_val_c6e52b8f-eb7a0bd6.jpg,0.25,0.272,0,0.891,0.001,1
bdd100k,bdd100k_val_c6ed0e98-491efc53.jpg,0.294,0.102,0,0.877,0.024,2
bdd100k,bdd100k_val_c6ed8102-b74b0fad.jpg,0.455,0.473,0.521,0.707,0.016,7
bdd100k,bdd100k_val_c6ef5bc4-b8cbb710.jpg,0.169,0.963,0.71,0.725,0.095,6
bdd100k,bdd100k_val_c6f9ec52-0bf3e2f7.jpg,0.25,0.769,0.523,0.659,0.002,4
bdd100k,bdd100k_val_c6fa26d7-056d2a63.jpg,0.344,0.791,0.622,0.674,0.056,9
bdd100k,bdd100k_val_c6fea8ac-24b0027a.jpg,0.18,1,0.727,0.592,0.001,6
bdd100k,bdd100k_val_c6ffd190-bde22441.jpg,0.111,0.961,0.67,0.688,0.023,7
bdd100k,bdd100k_val_c708dc9d-12f425eb.jpg,0.275,1,0.713,0.694,0.047,8
bdd100k,bdd100k_val_c709b82a-a5ff98a2.jpg,0.304,0.307,0.361,0.793,0,3
bdd100k,bdd100k_val_c70f6d09-3bcec902.jpg,0.25,0.476,0.573,1,0.015,1
bdd100k,bdd100k_val_c7117810-2947b975.jpg,0.4,0.766,0.632,0.903,0,1
bdd100k,bdd100k_val_c711ef96-c4582caa.jpg,0.519,0.946,0.826,0.715,0.112,8
bdd100k,bdd100k_val_c7140eaa-eb9d0128.jpg,0.562,0.298,0.267,0.769,0.053,3
bdd100k,bdd100k_val_c7151d3d-27632b12.jpg,0.353,0.687,0.345,0.796,0.001,5
bdd100k,bdd100k_val_c71936fa-e8370814.jpg,0.461,0.351,0.749,0.749,0.018,7
bdd100k,bdd100k_val_c71a5c66-93c9eca0.jpg,0.341,0.823,0.53,0.78,0,6
bdd100k,bdd100k_val_c71ef5d9-28743600.jpg,0.194,1,0.905,0.723,0.004,11
bdd100k,bdd100k_val_c7210a1f-14f8d4ca.jpg,0.266,1,0.781,0.724,0,5
bdd100k,bdd100k_val_c72373c0-af574c12.jpg,0.55,0.494,0.364,0.79,0.001,5
bdd100k,bdd100k_val_c723a926-5aaa770c.jpg,0.482,0.746,0.64,0.682,0.031,7
bdd100k,bdd100k_val_c723ad21-efed33e5.jpg,0.618,0.787,0.655,0.701,0.039,5
bdd100k,bdd100k_val_c72762cc-135927f8.jpg,0.2,1,0.885,0.816,0.02,7
bdd100k,bdd100k_val_c730a403-03ecee1b.jpg,0.545,0.598,0.462,0.712,0.083,8
bdd100k,bdd100k_val_c732f53b-304559b2.jpg,0.25,0.85,0.854,0.768,0,1
bdd100k,bdd100k_val_c732f6d7-2a52f70b.jpg,0.488,1,0.811,0.699,0.001,5
bdd100k,bdd100k_val_c733594f-2568d430.jpg,0.533,0.903,0.584,0.725,0.004,2
bdd100k,bdd100k_val_c73ca2e7-37f54fa3.jpg,0.266,0.72,0.646,0.614,0.005,4
bdd100k,bdd100k_val_c7416644-6723bcd7.jpg,0.357,1,0.518,0.632,0.001,3
bdd100k,bdd100k_val_c7491b1e-3eb219fe.jpg,0.302,0.926,0.172,0.609,0.156,1
bdd100k,bdd100k_val_c7491b1e-c89f51bf.jpg,,,,,NA,
bdd100k,bdd100k_val_c74a122c-24c19251.jpg,0.412,0.6,0.521,0.788,0.002,3
bdd100k,bdd100k_val_c74bbe22-ad68f763.jpg,0.67,0.645,0.627,0.714,0.108,6
bdd100k,bdd100k_val_c74c11fc-50025b5d.jpg,0.213,1,0.555,0.493,0.012,2
bdd100k,bdd100k_val_c74cdf7e-2ab53378.jpg,0.316,1,0.594,0.62,0.011,6
bdd100k,bdd100k_val_c74cfce0-1bccc6d0.jpg,0.248,1,0.897,0.92,0.006,4
bdd100k,bdd100k_val_c74ee988-8f4b380d.jpg,0.796,0.442,0.483,0.829,0,3
bdd100k,bdd100k_val_c754ce77-a105a975.jpg,0.312,1,0.364,0.907,0.001,3
bdd100k,bdd100k_val_c755d1f0-4c472aec.jpg,0.227,1,0.73,0.7,0.001,2
bdd100k,bdd100k_val_c755d1f0-fc14c3a7.jpg,0.586,1,0.568,0.619,0.147,8
bdd100k,bdd100k_val_c75e23fe-b2deb730.jpg,0.23,0.556,0.563,0.726,0.036,9
bdd100k,bdd100k_val_c75e23fe-fbadb3fa.jpg,0.741,1,0.812,0.666,0.135,11
bdd100k,bdd100k_val_c760a702-0a5e845b.jpg,0.44,1,0.653,0.667,0.033,9
bdd100k,bdd100k_val_c76141d9-21508c56.jpg,0.439,1,0.826,0.695,0.116,6
bdd100k,bdd100k_val_c7648772-e661b276.jpg,0.398,1,0.786,0.807,0.014,5
bdd100k,bdd100k_val_c7648772-fc04b1c3.jpg,0.35,1,0.801,0.671,0.05,6
bdd100k,bdd100k_val_c767ad39-119bf6f3.jpg,0.634,0.477,0.714,0.765,0.001,8
bdd100k,bdd100k_val_c769da9c-f1ad8284.jpg,0.562,0.643,0.68,0.695,0.109,7
bdd100k,bdd100k_val_c76b7109-830b56df.jpg,0.658,0.553,0.569,0.632,0.183,5
bdd100k,bdd100k_val_c76d86ec-f11c0df0.jpg,0.435,0.668,0.567,0.676,0.019,4
bdd100k,bdd100k_val_c76e42a3-dac435c3.jpg,0.319,1,0.731,0.839,0,3
bdd100k,bdd100k_val_c76e4ccc-86973001.jpg,0.552,0.582,0.602,0.706,0.036,15
bdd100k,bdd100k_val_c76e6e4f-2915de4e.jpg,0.875,0.3,0.29,0.797,0,1
bdd100k,bdd100k_val_c76fbaa1-07ee965c.jpg,0.493,0.312,0.451,0.636,0.032,6
bdd100k,bdd100k_val_c7706d20-5f4987db.jpg,0.307,0.626,0.337,0.728,0.28,2
bdd100k,bdd100k_val_c7706d20-daa7bd9c.jpg,0.712,0.515,0.532,0.728,0.001,5
bdd100k,bdd100k_val_c771447a-481608db.jpg,0.394,0.26,0,0.568,NA,2
bdd100k,bdd100k_val_c7729bd7-e38ccf62.jpg,0.682,1,0.755,0.659,0.005,5
bdd100k,bdd100k_val_c7749319-823a3fd4.jpg,0.748,0.413,0.448,0.739,0.001,6
bdd100k,bdd100k_val_c776d10b-25177c93.jpg,0.264,0.412,0.097,0.826,0.029,2
bdd100k,bdd100k_val_c776d10b-ea20be3a.jpg,0.175,0.415,0.607,0.61,0.082,5
bdd100k,bdd100k_val_c7776076-4907b63e.jpg,0.083,0.897,0.468,1,0,2
bdd100k,bdd100k_val_c77c73fc-465be2e8.jpg,0.415,1,0.735,0.711,0.066,9
bdd100k,bdd100k_val_c77ce550-150463e5.jpg,,,,,NA,
bdd100k,bdd100k_val_c7894612-eab9f189.jpg,0.252,1,0.641,0.559,0.014,5
bdd100k,bdd100k_val_c789ecd3-819d4445.jpg,0.36,1,0.853,0.644,0.013,6
bdd100k,bdd100k_val_c78f7d9c-0b57c32f.jpg,0.19,0.211,0.344,1,0.081,1
bdd100k,bdd100k_val_c78f9fc6-efac7090.jpg,0.119,0.539,0.568,0.679,0.035,9
bdd100k,bdd100k_val_c7930146-1a9e5399.jpg,0.164,0.301,0.56,0.784,0.025,3
bdd100k,bdd100k_val_c793b29d-cdc60db3.jpg,0.439,0.682,0.473,0.712,0.008,8
bdd100k,bdd100k_val_c7987da1-0b8fb6e0.jpg,0.345,1,0.745,0.757,0.01,4
bdd100k,bdd100k_val_c798a9b7-116a549d.jpg,0.75,0.636,0.152,0.817,0.005,3
bdd100k,bdd100k_val_c79be479-ed810331.jpg,0.107,1,0.894,0.66,0,3
bdd100k,bdd100k_val_c79be479-f221c1ff.jpg,0.771,1,0.643,0.654,0.03,4
bdd100k,bdd100k_val_c79e169f-054f74e7.jpg,0.897,1,0.484,0.823,0,5
bdd100k,bdd100k_val_c79e3f00-5879235c.jpg,0.199,1,0.629,0.595,0.002,8
bdd100k,bdd100k_val_c7a350a0-cbbae3f7.jpg,0.588,0.019,0.425,0.693,0.001,1
bdd100k,bdd100k_val_c7a953a8-d284f244.jpg,0.222,0.338,0.25,1,0,1
bdd100k,bdd100k_val_c7aa5575-09247466.jpg,0.067,1,0.769,0.927,0.082,2
bdd100k,bdd100k_val_c7ab28a2-a8981141.jpg,0.836,0.794,0.627,0.691,0.07,18
bdd100k,bdd100k_val_c7b32a0d-71d3cce5.jpg,NA,NA,NA,NA,0,1
bdd100k,bdd100k_val_c7b32a0d-ffed4ed6.jpg,0.66,0.47,0.326,0.749,0.002,3
bdd100k,bdd100k_val_c7b41787-4e83c33d.jpg,0.457,1,0.773,0.668,0.015,15
bdd100k,bdd100k_val_c7b41787-a0d67db5.jpg,0.374,1,0.695,0.751,0.046,7
bdd100k,bdd100k_val_c7bb31cc-8bd12af5.jpg,0.4,1,0.607,0.78,0,3
bdd100k,bdd100k_val_c7bb5f81-1051148c.jpg,0.497,0.385,0.695,0.751,0.09,4
bdd100k,bdd100k_val_c7bbf4a6-71538fbd.jpg,0.467,0.906,0.692,0.751,0.001,6
bdd100k,bdd100k_val_c7bc6671-fc3f4552.jpg,0.45,0.416,0.342,0.633,0.001,9
bdd100k,bdd100k_val_c7bc7797-e6749988.jpg,0.619,0.909,0.651,0.824,0,3
bdd100k,bdd100k_val_c7c03bf5-8450a02e.jpg,0.243,1,0.554,0.684,0.009,8
bdd100k,bdd100k_val_c7c03bf5-bed03c03.jpg,0.31,1,0.538,1,0.008,1
bdd100k,bdd100k_val_c7c39101-5935025f.jpg,0.062,0.482,0.519,1,0.019,1
bdd100k,bdd100k_val_c7c5969b-c0899dbc.jpg,0.037,0.751,0.406,1,0.002,4
bdd100k,bdd100k_val_c7c5969b-f1bc3e3a.jpg,0.464,0.199,0.231,0.735,0,3
bdd100k,bdd100k_val_c7c6a4c4-e596d6ca.jpg,0.351,1,0.806,0.686,0.084,7
bdd100k,bdd100k_val_c7c9e31d-719f694c.jpg,0.4,1,0.637,0.697,0.032,11
bdd100k,bdd100k_val_c7cc0f8c-a9cabb69.jpg,0.662,0.694,0.659,0.747,0.001,7
bdd100k,bdd100k_val_c7cece6c-3eccc86a.jpg,0.295,1,0.498,0.759,0,5
bdd100k,bdd100k_val_c7d8260d-1c3f0898.jpg,0.598,0.782,0.535,0.704,0.001,5
bdd100k,bdd100k_val_c7d8925a-f469385d.jpg,0.186,1,0.817,0.829,0.001,4
bdd100k,bdd100k_val_c7dab685-05c2f1df.jpg,0.29,0.563,0.254,0.696,0.035,9
bdd100k,bdd100k_val_c7dbe674-55c1fda0.jpg,0.342,1,0.812,0.611,0.111,10
bdd100k,bdd100k_val_c7e25b5f-5c098837.jpg,0.589,1,0.801,0.752,0.38,4
bdd100k,bdd100k_val_c7e61874-56decdeb.jpg,0.577,0.939,0.804,0.602,0.002,16
bdd100k,bdd100k_val_c7e64b14-990b5da5.jpg,0.279,1,0.828,0.689,0.002,5
bdd100k,bdd100k_val_c7e6d5d1-c8af9fe3.jpg,0.111,0.33,0.199,0.804,0.011,10
bdd100k,bdd100k_val_c7e9dd39-ae653d55.jpg,0.593,0.467,0.344,0.733,0.031,12
bdd100k,bdd100k_val_c7e9dd39-e54b51ba.jpg,0.38,1,0.89,0.588,0.053,5
bdd100k,bdd100k_val_c7eab2ff-29602d7b.jpg,0.234,1,0.597,0.793,0.005,4
bdd100k,bdd100k_val_c7eab2ff-34e0497b.jpg,0.561,1,0.805,0.871,0.002,7
bdd100k,bdd100k_val_c7eab2ff-8737167f.jpg,0.411,1,0.789,0.705,0.096,15
bdd100k,bdd100k_val_c7ee01b9-1fb43751.jpg,0.513,0.979,0.662,0.639,0.014,8
bdd100k,bdd100k_val_c7f97365-1c2f54a0.jpg,0.356,1,0.796,0.678,0.009,11
bdd100k,bdd100k_val_c7f97365-68b7e100.jpg,0.64,1,0.756,0.722,0.077,10
bdd100k,bdd100k_val_c7fa04ea-4cb7df93.jpg,0.108,0.545,0.398,0.72,0.32,3
bdd100k,bdd100k_val_c7fa04ea-9012bec6.jpg,0.286,0.961,0.688,0.699,0.173,5
bdd100k,bdd100k_val_c7fa8344-959a77c9.jpg,0.297,0.954,0.65,0.932,0.001,3
bdd100k,bdd100k_val_c7fe62b1-831805d0.jpg,0.671,0.697,0.755,0.775,0.033,5
bdd100k,bdd100k_val_c80451c9-1a7b2854.jpg,0.921,0.967,0.759,0.825,0,3
bdd100k,bdd100k_val_c8062950-28712f80.jpg,,,,,NA,
bdd100k,bdd100k_val_c80cf60a-8bb33a63.jpg,0.512,0.161,0.527,0.75,0.009,3
bdd100k,bdd100k_val_c8111dda-1a7dded7.jpg,0.483,1,0.765,0.684,0.001,5
bdd100k,bdd100k_val_c81974c0-1e531dae.jpg,0.818,0.603,0.585,0.866,0,3
bdd100k,bdd100k_val_c81af731-fe2bd777.jpg,0.722,0.487,0.452,0.744,0.028,8
bdd100k,bdd100k_val_c81afdad-8b689a37.jpg,0.706,0.516,0.719,0.628,0.001,5
bdd100k,bdd100k_val_c81c9789-fdf7aae2.jpg,0.151,0.933,0.445,0.706,0.215,4
bdd100k,bdd100k_val_c81ff2c0-6243618f.jpg,0.326,1,0.504,0.74,0,3
bdd100k,bdd100k_val_c822956a-7e35a26e.jpg,0.458,0.698,0.693,0.683,0.198,16
bdd100k,bdd100k_val_c824280a-271f2a83.jpg,0.191,1,0.768,0.749,0.128,8
bdd100k,bdd100k_val_c82699fa-76163f60.jpg,0.105,1,0.766,0.877,0,8
bdd100k,bdd100k_val_c8285354-3671f1b2.jpg,0.131,1,0.846,0.811,0.132,4
bdd100k,bdd100k_val_c82ab19a-4ac23d9f.jpg,0.595,0.275,0.277,0.759,0.002,4
bdd100k,bdd100k_val_c82d1b73-4138f567.jpg,0.555,0.68,0.7,0.663,0.054,14
bdd100k,bdd100k_val_c82d6978-af07c78d.jpg,0.37,0.521,0.395,0.69,0.047,15
bdd100k,bdd100k_val_c82e10a6-a19ceb0b.jpg,0.361,1,0.441,0.713,0.001,7
bdd100k,bdd100k_val_c82e51e2-c87f5478.jpg,0.692,0.397,0.464,0.812,0.001,1
bdd100k,bdd100k_val_c82f8a1c-dd1020b6.jpg,0.687,0.598,0.321,0.861,0.001,2
bdd100k,bdd100k_val_c836d9b9-16a414cd.jpg,0.455,0.07,0.346,0.83,0.001,1
bdd100k,bdd100k_val_c836f138-19c8ed41.jpg,0.372,0.349,0.197,0.735,0.005,6
bdd100k,bdd100k_val_c836f138-aa4d7408.jpg,0.515,1,0.766,0.892,0.001,3
bdd100k,bdd100k_val_c836f138-d9b4f7a1.jpg,0.493,0.672,0.547,0.788,0.001,6
bdd100k,bdd100k_val_c838d26c-769b5f1b.jpg,0.18,1,0.67,0.792,0.007,5
bdd100k,bdd100k_val_c83a8e22-0454c45c.jpg,0.606,0.726,0.446,0.703,0.001,10
bdd100k,bdd100k_val_c83c10de-0d2047c8.jpg,0.526,0.573,0.433,0.718,0,1
bdd100k,bdd100k_val_c83c10de-85eef163.jpg,0.587,0.341,0.667,0.638,0.001,7
bdd100k,bdd100k_val_c83c10de-a413f70e.jpg,0.128,0.306,0.195,0.865,0.001,3
bdd100k,bdd100k_val_c845b699-ce6e759d.jpg,,,,,NA,
bdd100k,bdd100k_val_c8476b52-3f18494f.jpg,0.246,1,0.878,0.781,0.02,5
bdd100k,bdd100k_val_c8478dfd-872b0509.jpg,0.248,1,0.669,0.818,0,3
bdd100k,bdd100k_val_c84a1922-9f8f21de.jpg,,,,,NA,
bdd100k,bdd100k_val_c84a1922-b11418ac.jpg,0.452,0.481,0.626,0.813,0.001,7
bdd100k,bdd100k_val_c84f848e-a703d928.jpg,0.028,1,0.483,1,0,1
bdd100k,bdd100k_val_c84feccd-a9ee80f0.jpg,0.429,0.776,0.6,0.647,0.01,14
bdd100k,bdd100k_val_c8573105-4f2e7c11.jpg,0.242,0.876,0.68,0.718,0.001,6
bdd100k,bdd100k_val_c86264ca-bf5ac7a5.jpg,,,,,NA,
bdd100k,bdd100k_val_c8638ebb-55791b54.jpg,0.321,0.675,0.754,0.607,0.015,6
bdd100k,bdd100k_val_c863c0b3-b53e2a37.jpg,NA,NA,NA,NA,0,1
bdd100k,bdd100k_val_c8650e15-38bef9dc.jpg,0.702,0.54,0.5,0.762,0.002,4
bdd100k,bdd100k_val_c868e9bf-9dc0f67e.jpg,0.255,0.373,0.529,0.676,0.047,3
bdd100k,bdd100k_val_c86ee6aa-a2ef00fe.jpg,0.381,1,0.637,0.71,0.004,9
bdd100k,bdd100k_val_c86ef161-6b77193e.jpg,0.339,0.716,0.565,0.681,0.044,4
bdd100k,bdd100k_val_c87438f0-d1875e08.jpg,0.513,0.574,0.078,0.796,0,3
bdd100k,bdd100k_val_c8759ab5-f6a3273f.jpg,0.49,0.508,0.406,0.793,0.099,4
bdd100k,bdd100k_val_c8766d9e-4289f547.jpg,0.599,0.898,0.656,0.779,0.01,6
bdd100k,bdd100k_val_c876f8b1-f19a1697.jpg,0.387,1,0.576,0.808,0.004,5
bdd100k,bdd100k_val_c8773c4a-092e1a3f.jpg,0.171,1,0.688,0.638,0.001,6
bdd100k,bdd100k_val_c8792c3c-a42cb3f6.jpg,0.729,0.638,0.701,0.776,0.005,8
bdd100k,bdd100k_val_c87a634a-bacc0924.jpg,0.5,0.246,0.054,1,0.001,1
bdd100k,bdd100k_val_c87d3555-5c159851.jpg,0.377,0.514,0.521,0.637,0.002,8
bdd100k,bdd100k_val_c8863aea-d79c8788.jpg,0.457,0.523,0.512,0.607,0,5
bdd100k,bdd100k_val_c889c950-6efe6d79.jpg,0.366,1,0.648,0.766,0.031,6
bdd100k,bdd100k_val_c88fa35f-b1639d6e.jpg,0.312,1,0.702,0.752,0,3
bdd100k,bdd100k_val_c88fa35f-e6582069.jpg,0.484,0.487,0.305,0.672,0.001,8
bdd100k,bdd100k_val_c8a3369c-d264119b.jpg,0.211,0.716,0.651,0.682,0.003,4
bdd100k,bdd100k_val_c8a5a379-cb506f54.jpg,0.052,0.576,0.538,1,0.001,3
bdd100k,bdd100k_val_c8b46126-d3019096.jpg,0.583,0.659,0.558,0.685,0.004,6
bdd100k,bdd100k_val_c8b4e0ea-598432a7.jpg,0.389,0.409,0.123,0.673,0.022,10
bdd100k,bdd100k_val_c8b528fd-12a62505.jpg,0.715,0.953,0.634,0.709,0.011,9
bdd100k,bdd100k_val_c8b528fd-f3a72223.jpg,0.56,1,0.574,0.898,0,6
bdd100k,bdd100k_val_c8b5bc59-ad1aa597.jpg,0.232,0.888,0.807,0.543,0.002,5
bdd100k,bdd100k_val_c8b7358d-fcb96006.jpg,0.636,1,0.723,0.794,0.001,4
bdd100k,bdd100k_val_c8bad943-c78f2df3.jpg,0.435,0.926,0.755,0.744,0.001,8
bdd100k,bdd100k_val_c8bd76fd-1fda46a5.jpg,,,,,NA,
bdd100k,bdd100k_val_c8bd76fd-77472fba.jpg,0.25,0.215,0.37,0.963,0,1
bdd100k,bdd100k_val_c8bf16f5-dd333834.jpg,0.284,1,0.732,0.7,0.002,4
bdd100k,bdd100k_val_c8c022ae-b7e1c0b5.jpg,0.902,0.553,0.448,0.748,0.002,6
bdd100k,bdd100k_val_c8c34ebe-07e082be.jpg,0.216,0.937,0.653,0.674,0.037,6
bdd100k,bdd100k_val_c8c40f8e-36103452.jpg,0.159,1,0.436,0.698,0.046,6
bdd100k,bdd100k_val_c8c40f8e-73bfa1bb.jpg,0.448,0.926,0.391,0.797,0,2
bdd100k,bdd100k_val_c8c97803-6c607d47.jpg,0.459,1,0.802,0.694,0.002,7
bdd100k,bdd100k_val_c8c97803-8f294a3f.jpg,0.649,1,0.747,0.684,0.001,8
bdd100k,bdd100k_val_c8c97803-c1e8543d.jpg,0.394,1,0.752,0.742,0.038,12
bdd100k,bdd100k_val_c8cbb112-9d16c5da.jpg,0.731,0.776,0.252,0.744,0.017,2
bdd100k,bdd100k_val_c8d0d179-15d8ce52.jpg,0.236,0.44,0.533,0.739,0.011,4
bdd100k,bdd100k_val_c8d1bc4e-9c43c393.jpg,,,,,NA,
bdd100k,bdd100k_val_c8d838f3-750f337e.jpg,0.146,1,0.245,0.804,0.032,10
bdd100k,bdd100k_val_c8d92c71-2874cb64.jpg,0.686,0.832,0.488,0.72,0.023,9
bdd100k,bdd100k_val_c8dd7fb7-453a8242.jpg,0.447,1,0.381,0.68,0.001,4
bdd100k,bdd100k_val_c8ddb7b2-8c453f30.jpg,0.445,0.839,0.843,0.682,0.005,8
bdd100k,bdd100k_val_c8ddd93f-8e314f90.jpg,0.509,0.599,0.583,0.67,0.136,12
bdd100k,bdd100k_val_c8e59150-52042127.jpg,0.806,0.687,0.289,0.712,0.144,7
bdd100k,bdd100k_val_c8e70aac-614de268.jpg,0.386,0.344,0.474,0.882,0.011,2
bdd100k,bdd100k_val_c8e8cd4a-3d1efe93.jpg,0.451,0.645,0.442,0.884,0.003,5
bdd100k,bdd100k_val_c8e8f29f-09ac075a.jpg,0.636,0.823,0.854,0.724,0.003,8
bdd100k,bdd100k_val_c8ed2212-b60fa314.jpg,0.637,0.563,0.18,0.65,0.042,6
bdd100k,bdd100k_val_c8ed27d0-7debfc0f.jpg,0.707,1,0.515,0.801,0.001,6
bdd100k,bdd100k_val_c8ef1a34-e7c66c0c.jpg,0.275,1,0.874,0.748,0.001,6
bdd100k,bdd100k_val_c8ef6dea-eea7d4cd.jpg,0.336,0.528,0.515,0.812,0.026,3
bdd100k,bdd100k_val_c8f48328-67aa756a.jpg,0.389,0.157,0.458,0.679,0,1
bdd100k,bdd100k_val_c8f48328-7de61e93.jpg,0.15,1,0.723,0.68,0.161,3
bdd100k,bdd100k_val_c8fc1373-3ce39fc9.jpg,0.407,1,0.641,0.724,0.003,5
bdd100k,bdd100k_val_c8fd5c4a-16dbf91b.jpg,1,0.665,0.428,0.84,0.001,3
bdd100k,bdd100k_val_c900eb3c-4b7befc1.jpg,0.487,0.884,0.457,0.786,0,3
bdd100k,bdd100k_val_c909f3df-d3ce29f1.jpg,,,,,NA,
bdd100k,bdd100k_val_c90a2111-04776fd3.jpg,0.695,1,0.569,0.777,0,3
bdd100k,bdd100k_val_c90b5398-8d49f2f2.jpg,0.197,0.584,0.727,0.711,0,7
bdd100k,bdd100k_val_c90bf06d-4ed5dc9e.jpg,0.399,1,0.837,0.824,0,5
bdd100k,bdd100k_val_c90bf06d-5782a8fb.jpg,,,,,NA,
bdd100k,bdd100k_val_c90c8198-f73aed79.jpg,0.641,0.374,0.519,0.734,0.003,11
bdd100k,bdd100k_val_c90ecab0-68dc9839.jpg,0.803,0.602,0.644,0.689,0.014,6
bdd100k,bdd100k_val_c90ff73f-d76cc0c4.jpg,0.29,0.77,0.497,0.697,0.061,7
bdd100k,bdd100k_val_c9106ec8-1df793b7.jpg,0.481,0.67,0.633,0.885,0.001,5
bdd100k,bdd100k_val_c911f50f-e7958776.jpg,0.713,0.823,0.67,0.679,0.033,7
bdd100k,bdd100k_val_c91d0862-74c58649.jpg,0.527,0.372,0.297,0.582,0.088,5
bdd100k,bdd100k_val_c91d0862-eb747701.jpg,0.618,0.741,0.395,0.836,0.006,8
bdd100k,bdd100k_val_c92046a2-2a0b5a9e.jpg,0.343,1,0.63,0.662,0.012,7
bdd100k,bdd100k_val_c92046a2-5264bdd4.jpg,0.027,0.161,0.493,1,0.006,2
bdd100k,bdd100k_val_c9240f77-08db8836.jpg,0.194,0.307,0.052,0.746,0.011,5
bdd100k,bdd100k_val_c9240f77-2c998430.jpg,0.158,0.278,0.343,0.754,0.105,5
bdd100k,bdd100k_val_c928c559-b70b74cf.jpg,0.609,0.387,0.663,0.648,0.054,13
bdd100k,bdd100k_val_c93310c6-c662ee4b.jpg,0.69,0.305,0.389,0.82,0.077,2
bdd100k,bdd100k_val_c933ade8-e95faf28.jpg,0.459,0.926,0.507,0.697,0.008,7
bdd100k,bdd100k_val_c9375798-85c143f7.jpg,0.446,0.598,0.742,0.758,0.001,5
bdd100k,bdd100k_val_c93a7768-f84a9b8f.jpg,0.818,0.35,0.45,1,0.001,1
bdd100k,bdd100k_val_c93c1596-49d96696.jpg,0.272,1,0.901,0.805,0.001,8
bdd100k,bdd100k_val_c93dc018-9a022605.jpg,0.437,1,0.744,0.735,0.026,6
bdd100k,bdd100k_val_c93e76b7-88954e8f.jpg,0.243,0.733,0.713,0.679,0.012,5
bdd100k,bdd100k_val_c93f8df2-d683a18b.jpg,0.159,0.877,0.418,0.666,0.131,16
bdd100k,bdd100k_val_c9403737-33cab241.jpg,0.208,0.641,0.469,0.665,0.001,6
bdd100k,bdd100k_val_c9403737-55c6220f.jpg,0.359,0.631,0.346,0.682,0.001,4
bdd100k,bdd100k_val_c9403737-5f34d857.jpg,0.781,0.381,0.365,0.679,0.017,6
bdd100k,bdd100k_val_c9403737-9675db60.jpg,0.382,0.824,0.465,0.672,0.001,6
bdd100k,bdd100k_val_c9427dd5-4779940e.jpg,0.418,0.481,0.49,0.617,0.006,9
bdd100k,bdd100k_val_c9427dd5-8dd8e51f.jpg,0.23,0.585,0.495,0.833,0.001,2
bdd100k,bdd100k_val_c946b395-eac458c3.jpg,0.089,0.383,0.293,0.646,0.001,4
bdd100k,bdd100k_val_c94958a6-beac6097.jpg,0.365,0.834,0.427,0.673,0.018,6
bdd100k,bdd100k_val_c94adc37-20233549.jpg,0.086,1,0.764,0.56,0,3
bdd100k,bdd100k_val_c94c7ebc-dfcf2578.jpg,0.487,0.844,0.43,0.655,0.138,5
bdd100k,bdd100k_val_c94d8213-1f593522.jpg,0.624,0.5,0.55,0.706,0.027,8
bdd100k,bdd100k_val_c9517ae9-19790405.jpg,0.129,0.433,0.077,0.991,0.006,2
bdd100k,bdd100k_val_c95241cf-06d29d77.jpg,0.752,0.912,0.699,0.724,0.014,10
bdd100k,bdd100k_val_c95c7aac-1ede8bc6.jpg,0.613,0.352,0.35,0.659,0.037,3
bdd100k,bdd100k_val_c95f4860-c29c8118.jpg,0.394,0.662,0.683,0.761,0.102,3
bdd100k,bdd100k_val_c95f8ca5-0cf1c43c.jpg,0.549,0.528,0.594,0.685,0.047,7
bdd100k,bdd100k_val_c95fecc3-4e289a4e.jpg,0.257,0.294,0.494,0.784,0.086,3
bdd100k,bdd100k_val_c962fce0-dcea4e6a.jpg,0.537,1,0.861,0.664,0.242,7
bdd100k,bdd100k_val_c96519fa-2d8cc863.jpg,0.091,0.632,0.417,1,0.009,1
bdd100k,bdd100k_val_c9683e6e-68b49262.jpg,0.4,1,0.666,0.749,0.022,7
bdd100k,bdd100k_val_c96d4996-d78b1b88.jpg,0.124,0.442,0.579,0.741,0.014,3
bdd100k,bdd100k_val_c96e6559-2b1401da.jpg,0.322,1,0.825,0.774,0.008,4
bdd100k,bdd100k_val_c96ffe59-1cf2df11.jpg,0.462,0.699,0.571,0.722,0.001,5
bdd100k,bdd100k_val_c96ffe59-25022c0b.jpg,0.308,0.542,0.634,0.645,0.002,10
bdd100k,bdd100k_val_c96ffe59-d72b7012.jpg,0.326,1,0.882,0.68,0.156,8
bdd100k,bdd100k_val_c96ffe59-e18bc459.jpg,0.213,1,0.915,0.771,0.29,6
bdd100k,bdd100k_val_c977423c-43dddd3b.jpg,0.297,0.862,0.414,0.768,0.035,4
bdd100k,bdd100k_val_c97abe9e-ccbca525.jpg,0.562,0.417,0.629,0.601,0.008,5
bdd100k,bdd100k_val_c97c0d3c-64a7bc09.jpg,0.415,1,0.467,0.652,0.009,8
bdd100k,bdd100k_val_c97fc7da-4bca948f.jpg,0.484,1,0.91,0.877,0,2
bdd100k,bdd100k_val_c9815999-611707fe.jpg,0.202,0.298,0.486,0.748,0.094,7
bdd100k,bdd100k_val_c98232a2-4e9128ce.jpg,0.524,0.566,0.331,0.784,0.019,10
bdd100k,bdd100k_val_c983692b-b3a04393.jpg,0.593,0.589,0.696,0.849,0.001,4
bdd100k,bdd100k_val_c986e8a4-81f5a043.jpg,0.466,1,0.847,0.716,0.001,7
bdd100k,bdd100k_val_c988c74a-8d679348.jpg,0.928,0.986,0.768,0.622,0.216,2
bdd100k,bdd100k_val_c993615f-350c682c.jpg,0.268,1,0.886,0.592,0.001,6
bdd100k,bdd100k_val_c993615f-c333ae32.jpg,0.356,1,0.195,0.636,0.048,18
bdd100k,bdd100k_val_c99a4baf-83420a6e.jpg,0.661,0.489,0.576,0.69,0,2
bdd100k,bdd100k_val_c99a4baf-9b8ca7d9.jpg,0.461,0.526,0.469,0.752,0.005,5
bdd100k,bdd100k_val_c99a4baf-daaaed61.jpg,0.318,0.329,0.381,0.774,0.004,1
bdd100k,bdd100k_val_c9a270fa-dddd15ff.jpg,0.295,1,0.78,0.782,0.001,6
bdd100k,bdd100k_val_c9a41ce3-bd04c1ae.jpg,0.437,0.806,0.535,0.653,0.006,5
bdd100k,bdd100k_val_c9a4c2a2-e2ef482c.jpg,0.295,0.816,0.447,0.694,0.011,4
bdd100k,bdd100k_val_c9a653e3-533efdd4.jpg,0.083,0.551,0.546,NA,0.028,2
bdd100k,bdd100k_val_c9a653e3-746daa0d.jpg,0.093,1,0.139,0.704,0.02,10
bdd100k,bdd100k_val_c9a80c9b-67f90548.jpg,0.367,0.834,0.108,0.736,0.001,7
bdd100k,bdd100k_val_c9a9a2a9-57519e11.jpg,0.532,0.984,0.705,0.612,0.206,6
bdd100k,bdd100k_val_c9b29647-95da8336.jpg,0.791,0.513,0.835,0.624,0.003,3
bdd100k,bdd100k_val_c9b2aaae-f2ff02a7.jpg,0.685,0.739,0.723,0.703,0.001,7
bdd100k,bdd100k_val_c9b96433-8473dd77.jpg,0.367,0.275,0.583,0.552,0.087,7
bdd100k,bdd100k_val_c9bbc56e-b9f39d14.jpg,0.547,0.397,0.459,0.627,0.019,6
bdd100k,bdd100k_val_c9bdd74a-9dc0ad2e.jpg,0.754,1,0.726,0.791,0.001,5
bdd100k,bdd100k_val_c9c4d608-4555cd80.jpg,0.729,0.733,0.465,0.662,0.015,10
bdd100k,bdd100k_val_c9c9235f-2bf3ae13.jpg,0.49,1,0.785,0.736,0,4
bdd100k,bdd100k_val_c9c9235f-8c053a4c.jpg,0.25,0.883,0.616,1,NA,4
bdd100k,bdd100k_val_c9cbf127-148245d2.jpg,1,0.809,0.579,0.961,0,1
bdd100k,bdd100k_val_c9cc3cb0-b0085030.jpg,0.225,1,0.742,0.628,0.002,5
bdd100k,bdd100k_val_c9cc53f7-2ac83c8c.jpg,0.388,1,0.665,0.683,0.001,6
bdd100k,bdd100k_val_c9cf1065-0f19dbe2.jpg,0.107,1,0.745,0.944,0.001,1
bdd100k,bdd100k_val_c9cf1065-71498367.jpg,0.418,0.441,0.641,0.784,0.001,5
bdd100k,bdd100k_val_c9cf175a-131d4aae.jpg,0.368,1,0.676,0.684,0.035,13
bdd100k,bdd100k_val_c9d61a6d-92609e9c.jpg,0.455,0.29,0.283,0.75,0.028,2
bdd100k,bdd100k_val_c9d61a6d-986df2e9.jpg,0.369,0.398,0.594,0.649,0.002,2
bdd100k,bdd100k_val_c9d6a839-f66aaace.jpg,0.113,0.445,0.328,0.834,0.002,2
bdd100k,bdd100k_val_c9d89485-18576ffb.jpg,0.183,0.698,0.468,0.678,0.09,9
bdd100k,bdd100k_val_c9d9a47f-951c00bd.jpg,0.381,1,0.645,0.596,0.083,5
bdd100k,bdd100k_val_c9dc96aa-01dec7af.jpg,0.314,0.267,0.467,0.669,0.038,13
bdd100k,bdd100k_val_c9df3b7e-0bf4fa31.jpg,0.44,0.673,0.613,0.801,0.01,3
bdd100k,bdd100k_val_c9df3b7e-4701c0f2.jpg,0.562,0.925,0.7,0.647,0.027,10
bdd100k,bdd100k_val_c9df836e-80c5caa3.jpg,0.249,1,0.799,0.681,0.092,11
bdd100k,bdd100k_val_c9e4a2e8-e29e53ec.jpg,0.248,1,0.802,0.686,0.001,5
bdd100k,bdd100k_val_c9e7c9d4-18d31194.jpg,0.826,0.666,0.656,0.745,0.001,6
bdd100k,bdd100k_val_c9ead9ee-4ebeef77.jpg,0.479,1,0.872,0.747,0.113,3
bdd100k,bdd100k_val_c9f5283d-7b81eb6b.jpg,0.195,0.918,0.754,0.665,0.166,13
bdd100k,bdd100k_val_c9f6b520-19d9d3ad.jpg,0.457,1,0.788,0.739,0.001,5
bdd100k,bdd100k_val_c9f6b520-523674ac.jpg,0.529,0.623,0.588,0.747,0.001,6
bdd100k,bdd100k_val_c9f9c6ac-b3270e58.jpg,0.34,1,0.674,0.689,0.001,3
bdd100k,bdd100k_val_c9f9c6ac-ba013d70.jpg,0.128,0.75,0.598,0.712,0.001,4
bdd100k,bdd100k_val_c9f9c6ac-e412ca03.jpg,0.286,0.516,0.472,0.883,0,1
bdd100k,bdd100k_val_c9fa0253-3a8bc597.jpg,0.375,0.516,0.091,0.984,0.003,1
bdd100k,bdd100k_val_ca049e30-1b2337e2.jpg,0.2,0.751,0.784,0.646,0.218,5
bdd100k,bdd100k_val_ca049e30-5d1864a5.jpg,0.333,0.033,0,1,0.001,1
bdd100k,bdd100k_val_ca0619a2-ccd6a93c.jpg,0.632,0.262,0.342,0.763,0.055,6
bdd100k,bdd100k_val_ca068cb6-e29842f7.jpg,0.504,0.571,0.689,0.604,0.041,5
bdd100k,bdd100k_val_ca077fe9-d2cf4446.jpg,0.309,0.994,0.753,0.762,0,4
bdd100k,bdd100k_val_ca08d93c-c406e9aa.jpg,0.111,1,0.806,0.793,0,4
bdd100k,bdd100k_val_ca095e13-ac7f314a.jpg,,,,,NA,
bdd100k,bdd100k_val_ca098890-0947e76a.jpg,0.198,0.472,0.478,0.704,0.1,5
bdd100k,bdd100k_val_ca0b4ef4-3917ead1.jpg,0.448,0.456,0.529,0.55,0.038,2
bdd100k,bdd100k_val_ca177f63-6cb08f25.jpg,0.333,0.715,0.523,0.664,0.044,6
bdd100k,bdd100k_val_ca17cd93-f9c06b09.jpg,0.508,1,0.672,0.766,0.001,7
bdd100k,bdd100k_val_ca1a92b5-4677f24c.jpg,0.889,0.582,0.469,0.863,0,1
bdd100k,bdd100k_val_ca21055c-a1a80ec4.jpg,0.265,0.807,0.459,0.65,0.016,5
bdd100k,bdd100k_val_ca23fea0-97c90df7.jpg,0.649,0.653,0.448,0.655,0.035,11
bdd100k,bdd100k_val_ca28f275-24384f38.jpg,0.364,1,0.815,0.683,0.005,5
bdd100k,bdd100k_val_ca28f275-95fc6836.jpg,0.516,1,0.668,0.782,0.004,5
bdd100k,bdd100k_val_ca28f275-ca28f770.jpg,0.09,1,0.627,0.807,0,4
bdd100k,bdd100k_val_ca28f275-cac4f254.jpg,0.129,1,0.46,0.886,0.001,3
bdd100k,bdd100k_val_ca2b7ab0-bfdc0fec.jpg,0.422,1,0.889,0.806,0.002,6
bdd100k,bdd100k_val_ca2ba838-fdddb1fb.jpg,0.347,0.845,0.597,0.804,0.012,3
bdd100k,bdd100k_val_ca2c7c84-5495c318.jpg,0.287,1,0.73,0.837,0.005,3
bdd100k,bdd100k_val_ca2d1df6-54538d1a.jpg,0.384,1,0.554,0.706,0.002,5
bdd100k,bdd100k_val_ca2d32b3-5e8835ac.jpg,0.431,0.888,0.654,0.721,0.008,9
bdd100k,bdd100k_val_ca3045ee-a27490fa.jpg,0.347,0.745,0.441,0.758,0.002,5
bdd100k,bdd100k_val_ca3165e0-175d6f79.jpg,0.25,0.471,0.3,0.822,0.012,4
bdd100k,bdd100k_val_ca3165e0-949dbfc8.jpg,0.812,0.677,0.46,0.658,0.001,9
bdd100k,bdd100k_val_ca3736db-cd087585.jpg,0.844,0.613,0.578,0.761,0.015,4
bdd100k,bdd100k_val_ca3736db-cf9e0cd4.jpg,0.413,0.89,0.541,0.768,0.063,6
bdd100k,bdd100k_val_ca3bbb0a-b711f4e3.jpg,0.469,0.674,0.565,0.681,0.135,9
bdd100k,bdd100k_val_ca3bbb0a-cd13da9e.jpg,0.524,0.512,0.678,0.737,0.002,5
bdd100k,bdd100k_val_ca3f4c16-b33f3a0b.jpg,,,,,NA,
bdd100k,bdd100k_val_ca40ddd3-102f3b02.jpg,0.099,1,0.392,0.606,0.023,6
bdd100k,bdd100k_val_ca4269e1-0f1e4f92.jpg,0.352,1,0.425,0.701,0.001,4
bdd100k,bdd100k_val_ca4269e1-80c4e87b.jpg,NA,NA,NA,NA,0.1,1
bdd100k,bdd100k_val_ca455727-92566d05.jpg,0.845,0.904,0.27,0.769,0,3
bdd100k,bdd100k_val_ca479701-2ab57f9a.jpg,0.357,1,0.71,0.686,0.008,8
bdd100k,bdd100k_val_ca4bdfab-34ec6a3a.jpg,0.424,0.784,0.536,0.717,0.09,7
bdd100k,bdd100k_val_ca513280-e4ec496c.jpg,0.582,0.919,0.766,0.699,0.004,9
bdd100k,bdd100k_val_ca546e6d-852f3913.jpg,0.231,0.493,0.527,0.85,0.001,4
bdd100k,bdd100k_val_ca551156-5999d6d4.jpg,0.448,0.891,0.85,0.602,0.028,10
bdd100k,bdd100k_val_ca561e94-8f719a63.jpg,0.963,0.51,0.542,0.547,0,4
bdd100k,bdd100k_val_ca6142b4-ef037b5b.jpg,0.345,1,0.857,0.835,0.008,4
bdd100k,bdd100k_val_ca6170df-c1a75664.jpg,0.087,1,0.676,0.755,0.001,4
bdd100k,bdd100k_val_ca68e8b3-3ecd270a.jpg,0.62,0.809,0.718,0.63,0.001,9
bdd100k,bdd100k_val_fe189115-9981a740.jpg,0.669,0.424,0.58,0.613,0.007,7
bdd100k,bdd100k_val_fe189115-adbd209a.jpg,0.263,0.031,0.34,0.762,0.001,3
bdd100k,bdd100k_val_fe1b3799-a7863feb.jpg,0.471,1,0.866,0.656,0.001,8
bdd100k,bdd100k_val_fe1b92a1-faaaa1eb.jpg,0.186,0.543,0.147,0.916,0.001,2
bdd100k,bdd100k_val_fe1d9184-d144106a.jpg,0.642,0.358,0.53,0.735,0.003,5
culane,culane_driver_100_30frame_05250325_0272.MP4_00300.jpg,,,,,NA,
culane,culane_driver_100_30frame_05250325_0272.MP4_00600.jpg,,,,,NA,
culane,culane_driver_100_30frame_05250325_0272.MP4_02700.jpg,0.283,1,0.536,0.672,0.004,2
culane,culane_driver_100_30frame_05250325_0272.MP4_03300.jpg,0.33,1,0.406,0.694,0.004,2
culane,culane_driver_100_30frame_05250325_0272.MP4_03600.jpg,0.308,1,0.357,0.648,0.004,2
culane,culane_driver_100_30frame_05250325_0272.MP4_05100.jpg,,,,,NA,
culane,culane_driver_100_30frame_05250340_0277.MP4_00000.jpg,0.375,1,0.358,0.638,0.419,1
culane,culane_driver_100_30frame_05250340_0277.MP4_00300.jpg,0.446,1,0.526,0.638,0.086,2
culane,culane_driver_100_30frame_05250343_0278.MP4_00000.jpg,0.627,0.772,0.097,0.645,0.296,1
culane,culane_driver_100_30frame_05250343_0278.MP4_00300.jpg,0.484,1,0.396,0.692,0.296,1
culane,culane_driver_100_30frame_05250343_0278.MP4_00600.jpg,0.459,1,0.313,0.691,0.003,3
culane,culane_driver_100_30frame_05250343_0278.MP4_01500.jpg,,,,,NA,
culane,culane_driver_100_30frame_05250343_0278.MP4_02100.jpg,,,,,NA,
culane,culane_driver_100_30frame_05250343_0278.MP4_02700.jpg,0.5,1,0.496,0.509,0.003,2
culane,culane_driver_100_30frame_05250343_0278.MP4_03000.jpg,0.41,1,0.341,0.509,0.035,2
culane,culane_driver_100_30frame_05250343_0278.MP4_03300.jpg,0.434,1,0.581,0.671,0.006,2
culane,culane_driver_100_30frame_05250343_0278.MP4_03900.jpg,0.279,1,0.613,0.696,0.004,3
culane,culane_driver_100_30frame_05250343_0278.MP4_04200.jpg,0.34,1,0.319,0.721,0.003,2
culane,culane_driver_100_30frame_05250343_0278.MP4_04500.jpg,0.384,1,0.365,0.674,0.003,2
culane,culane_driver_100_30frame_05250343_0278.MP4_05100.jpg,0.4,1,0.721,0.655,0.652,1
culane,culane_driver_100_30frame_05250358_0283.MP4_01200.jpg,0.47,1,0.483,0.656,0.154,3
culane,culane_driver_100_30frame_05250358_0283.MP4_02100.jpg,0.241,1,0.746,0.537,0.006,4
culane,culane_driver_100_30frame_05250358_0283.MP4_02400.jpg,0.401,1,0.418,0.594,0.006,4
culane,culane_driver_100_30frame_05250358_0283.MP4_03000.jpg,,,,,NA,
culane,culane_driver_100_30frame_05250358_0283.MP4_03300.jpg,0.441,1,0.391,0.678,0.004,2
culane,culane_driver_100_30frame_05250358_0283.MP4_04200.jpg,0.333,1,0.347,0.67,0.004,2
culane,culane_driver_100_30frame_05250358_0283.MP4_04800.jpg,0.396,1,0.319,0.677,0.004,2
culane,culane_driver_100_30frame_05250401_0284.MP4_00600.jpg,,,,,NA,
culane,culane_driver_100_30frame_05250401_0284.MP4_00900.jpg,0.356,1,0.732,0.717,0.033,2
culane,culane_driver_100_30frame_05250401_0284.MP4_01500.jpg,0.295,1,0.821,0.582,0.115,2
culane,culane_driver_100_30frame_05250401_0284.MP4_03600.jpg,0.412,1,0.541,0.69,0.003,3
culane,culane_driver_100_30frame_05250401_0284.MP4_04800.jpg,0.246,1,0.534,0.718,0.09,2
culane,culane_driver_100_30frame_05250416_0289.MP4_00000.jpg,0.427,1,0.578,0.492,0.004,3
culane,culane_driver_100_30frame_05250416_0289.MP4_00900.jpg,0.279,1,0.806,0.555,0.004,3
culane,culane_driver_100_30frame_05250416_0289.MP4_01200.jpg,0.29,1,0.703,0.566,0.003,3
culane,culane_driver_100_30frame_05250416_0289.MP4_01500.jpg,0.237,1,0.875,0.596,0.011,2
culane,culane_driver_100_30frame_05250416_0289.MP4_01800.jpg,0.29,1,0.771,0.58,0.003,3
culane,culane_driver_100_30frame_05250416_0289.MP4_02100.jpg,0.289,1,0.858,0.5,0.007,3
culane,culane_driver_100_30frame_05250416_0289.MP4_02400.jpg,0.305,1,0.722,0.557,0.003,3
culane,culane_driver_100_30frame_05250416_0289.MP4_03000.jpg,0.24,1,0.746,0.618,0.003,3
culane,culane_driver_100_30frame_05250416_0289.MP4_03300.jpg,0.201,1,0.798,0.597,0.003,3
culane,culane_driver_100_30frame_05250416_0289.MP4_03600.jpg,0.245,1,0.748,0.484,0.003,3
culane,culane_driver_100_30frame_05250416_0289.MP4_03900.jpg,0.236,1,0.845,0.652,0.003,3
culane,culane_driver_100_30frame_05250416_0289.MP4_05100.jpg,0.409,1,0.782,0.578,0.004,3
culane,culane_driver_100_30frame_05250419_0290.MP4_00000.jpg,0.284,1,0.712,0.59,0.004,3
culane,culane_driver_100_30frame_05250419_0290.MP4_00600.jpg,0.267,1,0.703,0.52,0.123,3
culane,culane_driver_100_30frame_05250419_0290.MP4_01200.jpg,0.348,1,0.636,0.631,0.143,3
culane,culane_driver_100_30frame_05250419_0290.MP4_01500.jpg,0.279,1,0.778,0.546,0.008,3
culane,culane_driver_100_30frame_05250419_0290.MP4_01800.jpg,0.284,1,0.734,0.379,0.003,3
culane,culane_driver_100_30frame_05250419_0290.MP4_02400.jpg,0.27,1,0.776,0.505,0.003,3
culane,culane_driver_100_30frame_05250419_0290.MP4_02700.jpg,0.276,1,0.841,0.612,0.003,3
culane,culane_driver_100_30frame_05250419_0290.MP4_03000.jpg,,,,,NA,
culane,culane_driver_100_30frame_05250419_0290.MP4_03600.jpg,0.252,1,0.494,0.671,0.005,3
culane,culane_driver_100_30frame_05250419_0290.MP4_04500.jpg,0.172,1,0.67,0.72,0.004,3
culane,culane_driver_100_30frame_05250419_0290.MP4_04800.jpg,0.184,1,0.591,0.689,0.004,3
culane,culane_driver_100_30frame_05250434_0295.MP4_00000.jpg,,,,,NA,
culane,culane_driver_100_30frame_05250434_0295.MP4_00600.jpg,0.35,1,0.509,0.589,0.292,2
culane,culane_driver_100_30frame_05250434_0295.MP4_01500.jpg,0.272,1,0.723,0.641,0.019,3
culane,culane_driver_100_30frame_05250434_0295.MP4_02400.jpg,0.258,1,0.6,0.708,0.004,4
culane,culane_driver_100_30frame_05250434_0295.MP4_02700.jpg,0.357,1,0.467,0.573,0.005,4
culane,culane_driver_100_30frame_05250434_0295.MP4_03300.jpg,,,,,NA,
culane,culane_driver_100_30frame_05250434_0295.MP4_04200.jpg,,,,,NA,
culane,culane_driver_100_30frame_05250434_0295.MP4_04800.jpg,0.701,1,0.607,0.47,0.004,4
culane,culane_driver_100_30frame_05250437_0296.MP4_00000.jpg,,,,,NA,
culane,culane_driver_100_30frame_05250437_0296.MP4_00600.jpg,0.713,0.731,0.543,0.639,0.128,3
culane,culane_driver_100_30frame_05250437_0296.MP4_00900.jpg,,,,,NA,
culane,culane_driver_100_30frame_05250437_0296.MP4_01500.jpg,0.525,1,0.722,0.618,0.208,1
culane,culane_driver_100_30frame_05250437_0296.MP4_01800.jpg,0.59,0.698,0.539,0.53,0.127,3
culane,culane_driver_100_30frame_05250437_0296.MP4_02100.jpg,0.494,0.657,0.693,0.645,0.02,3
culane,culane_driver_100_30frame_05250437_0296.MP4_02700.jpg,,,,,NA,
culane,culane_driver_100_30frame_05250437_0296.MP4_03000.jpg,0.598,0.997,0.609,0.451,0.004,4
culane,culane_driver_100_30frame_05250437_0296.MP4_03300.jpg,,,,,NA,
culane,culane_driver_100_30frame_05250437_0296.MP4_04200.jpg,,,,,NA,
culane,culane_driver_100_30frame_05250437_0296.MP4_04500.jpg,,,,,NA,
culane,culane_driver_100_30frame_05250437_0296.MP4_05100.jpg,,,,,NA,
culane,culane_driver_100_30frame_05250452_0301.MP4_00000.jpg,0.609,0.815,0.425,0.653,0.136,3
culane,culane_driver_100_30frame_05250452_0301.MP4_00600.jpg,,,,,NA,
culane,culane_driver_100_30frame_05250452_0301.MP4_01200.jpg,0.518,0.556,0.266,0.647,0.155,2
culane,culane_driver_100_30frame_05250452_0301.MP4_01800.jpg,0.411,0.766,0.531,0.602,0.155,2
culane,culane_driver_100_30frame_05250452_0301.MP4_02100.jpg,0.425,0.802,0.595,0.675,0.186,2
culane,culane_driver_100_30frame_05250452_0301.MP4_02400.jpg,0.359,0.562,0.44,0.671,0.004,3
culane,culane_driver_100_30frame_05250452_0301.MP4_03300.jpg,0.647,0.618,0.554,0.653,0.02,3
culane,culane_driver_100_30frame_05250452_0301.MP4_04200.jpg,0.693,0.538,0.272,0.552,0.003,3
culane,culane_driver_100_30frame_05250452_0301.MP4_04800.jpg,0.72,0.53,0.264,0.545,0.003,3
culane,culane_driver_100_30frame_05250455_0302.MP4_00900.jpg,0.406,0.628,0.675,0.654,0.007,4
culane,culane_driver_100_30frame_05250455_0302.MP4_01500.jpg,0.733,0.597,0.698,0.674,0.1,3
culane,culane_driver_100_30frame_05250455_0302.MP4_01800.jpg,0.616,0.711,0.64,0.639,0.428,2
culane,culane_driver_100_30frame_05250455_0302.MP4_02400.jpg,0.775,0.818,0.684,0.597,0.004,4
culane,culane_driver_100_30frame_05250455_0302.MP4_03300.jpg,0.704,0.946,0.758,0.424,0.149,3
culane,culane_driver_100_30frame_05250455_0302.MP4_03600.jpg,0.591,0.666,0.586,0.532,0.149,3
culane,culane_driver_100_30frame_05250455_0302.MP4_04500.jpg,0.713,0.55,0.571,0.588,0.076,3
culane,culane_driver_100_30frame_05250455_0302.MP4_04800.jpg,0.739,0.969,0.728,0.51,0.021,4
culane,culane_driver_100_30frame_05250510_0307.MP4_00300.jpg,0.513,0.749,0.635,0.51,0.094,2
culane,culane_driver_100_30frame_05250510_0307.MP4_00900.jpg,0.463,0.924,0.618,0.485,0.005,3
culane,culane_driver_100_30frame_05250510_0307.MP4_01200.jpg,0.69,0.587,0.46,0.555,0.004,2
culane,culane_driver_100_30frame_05250510_0307.MP4_01800.jpg,,,,,NA,
culane,culane_driver_100_30frame_05250510_0307.MP4_02100.jpg,,,,,NA,
culane,culane_driver_100_30frame_05250523_0308.MP4_00000.jpg,0.553,0.678,0.347,0.669,0.057,3
culane,culane_driver_100_30frame_05250523_0308.MP4_00600.jpg,,,,,NA,
culane,culane_driver_100_30frame_05250523_0308.MP4_02100.jpg,0.478,1,0.742,0.612,0.005,2
culane,culane_driver_100_30frame_05250523_0308.MP4_02400.jpg,0.554,1,0.631,0.482,0.023,3
culane,culane_driver_100_30frame_05250523_0308.MP4_02700.jpg,0.802,0.779,0.609,0.599,0.176,2
culane,culane_driver_100_30frame_05250523_0308.MP4_03000.jpg,0.533,0.878,0.45,0.721,0.003,3
culane,culane_driver_100_30frame_05250523_0308.MP4_03300.jpg,0.513,0.853,0.408,0.584,0.003,3
culane,culane_driver_100_30frame_05250523_0308.MP4_03600.jpg,0.516,0.855,0.346,0.622,0.003,3
culane,culane_driver_100_30frame_05250523_0308.MP4_03900.jpg,0.513,0.852,0.417,0.599,0.003,3
culane,culane_driver_100_30frame_05250523_0308.MP4_04500.jpg,0.516,0.71,0.434,0.642,0.004,3
culane,culane_driver_100_30frame_05250523_0308.MP4_05100.jpg,,,,,NA,
culane,culane_driver_100_30frame_05250538_0313.MP4_01500.jpg,0.672,1,0.817,0.454,0.24,1
culane,culane_driver_100_30frame_05250538_0313.MP4_03000.jpg,0.368,0.752,0.514,0.587,0.472,1
culane,culane_driver_100_30frame_05250538_0313.MP4_03300.jpg,0.378,0.908,0.541,0.563,0.004,3
culane,culane_driver_100_30frame_05250538_0313.MP4_03900.jpg,0.605,0.726,0.586,0.488,0.004,3
culane,culane_driver_100_30frame_05250538_0313.MP4_04500.jpg,0.78,0.718,0.686,0.51,0.327,2
culane,culane_driver_100_30frame_05250538_0313.MP4_04800.jpg,0.746,0.637,0.472,0.611,0.007,3
culane,culane_driver_100_30frame_05250538_0313.MP4_05100.jpg,,,,,NA,
culane,culane_driver_100_30frame_05250541_0314.MP4_01200.jpg,0.656,0.805,0.45,0.579,0.007,4
culane,culane_driver_100_30frame_05250541_0314.MP4_01800.jpg,0.644,1,0.53,0.541,0.214,2
culane,culane_driver_100_30frame_05250541_0314.MP4_02100.jpg,0.47,1,0.665,0.534,0.015,3
culane,culane_driver_100_30frame_05250541_0314.MP4_02400.jpg,0.453,1,0.551,0.448,0.188,2
culane,culane_driver_100_30frame_05250541_0314.MP4_02700.jpg,,,,,NA,
culane,culane_driver_100_30frame_05250541_0314.MP4_03000.jpg,0.788,0.627,0.599,0.497,0.091,2
culane,culane_driver_100_30frame_05250541_0314.MP4_03300.jpg,0.84,0.853,0.751,0.53,0.589,1
culane,culane_driver_100_30frame_05250541_0314.MP4_03600.jpg,0.362,1,0.452,0.586,0.073,3
culane,culane_driver_100_30frame_05250541_0314.MP4_03900.jpg,0.621,0.938,0.616,0.638,0.008,2
culane,culane_driver_100_30frame_05250541_0314.MP4_04800.jpg,0.821,0.536,0.467,0.478,0.187,2
culane,culane_driver_100_30frame_05250556_0319.MP4_00000.jpg,0.801,0.972,0.782,0.506,0.392,2
culane,culane_driver_100_30frame_05250556_0319.MP4_00600.jpg,0.834,0.853,0.746,0.574,0.013,4
culane,culane_driver_100_30frame_05250556_0319.MP4_01200.jpg,0.73,0.896,0.706,0.647,0.411,2
culane,culane_driver_100_30frame_05250556_0319.MP4_02100.jpg,0.604,1,0.824,0.573,0.105,3
culane,culane_driver_100_30frame_05250556_0319.MP4_02400.jpg,0.566,1,0.688,0.509,0.249,2
culane,culane_driver_100_30frame_05250556_0319.MP4_02700.jpg,0.491,1,0.739,0.523,0.228,2
culane,culane_driver_100_30frame_05250556_0319.MP4_03000.jpg,0.687,0.931,0.612,0.562,0.017,3
culane,culane_driver_100_30frame_05250556_0319.MP4_03300.jpg,0.632,0.98,0.695,0.562,0.019,3
culane,culane_driver_100_30frame_05250556_0319.MP4_03900.jpg,0.61,1,0.609,0.505,0.004,3
culane,culane_driver_100_30frame_05250556_0319.MP4_04200.jpg,0.71,0.961,0.538,0.472,0.235,2
culane,culane_driver_100_30frame_05250556_0319.MP4_04500.jpg,0.679,0.716,0.693,0.557,0.243,2
culane,culane_driver_100_30frame_05250556_0319.MP4_04800.jpg,0.709,0.947,0.59,0.579,0.239,2
culane,culane_driver_100_30frame_05250559_0320.MP4_00000.jpg,0.545,1,0.668,0.503,0.004,3
culane,culane_driver_100_30frame_05250559_0320.MP4_00300.jpg,0.41,0.97,0.61,0.594,0.003,3
culane,culane_driver_100_30frame_05250559_0320.MP4_01200.jpg,0.551,0.968,0.492,0.64,0.006,3
culane,culane_driver_100_30frame_05250559_0320.MP4_01500.jpg,0.65,0.764,0.695,0.463,0.24,2
culane,culane_driver_100_30frame_05250559_0320.MP4_02400.jpg,0.818,0.87,0.659,0.57,0.152,3
culane,culane_driver_100_30frame_05250559_0320.MP4_02700.jpg,0.695,0.826,0.735,0.659,0.129,3
culane,culane_driver_100_30frame_05250559_0320.MP4_03300.jpg,0.62,1,0.651,0.525,0.134,3
culane,culane_driver_100_30frame_05250559_0320.MP4_03600.jpg,0.362,1,0.602,0.497,0.009,3
culane,culane_driver_100_30frame_05250559_0320.MP4_04200.jpg,0.601,0.894,0.594,0.577,0.025,3
culane,culane_driver_100_30frame_05250559_0320.MP4_04500.jpg,0.73,0.852,0.719,0.618,0.138,3
culane,culane_driver_100_30frame_05250559_0320.MP4_04800.jpg,0.569,0.877,0.607,0.501,0.096,3
culane,culane_driver_100_30frame_05250614_0325.MP4_00000.jpg,,,,,NA,
culane,culane_driver_100_30frame_05250614_0325.MP4_00600.jpg,0.705,0.44,0.354,0.589,0.184,2
culane,culane_driver_100_30frame_05250614_0325.MP4_00900.jpg,0.735,0.431,0.364,0.612,0.184,2
culane,culane_driver_100_30frame_05250614_0325.MP4_01200.jpg,0.786,0.449,0.373,0.62,0.184,2
culane,culane_driver_100_30frame_05250614_0325.MP4_01500.jpg,0.74,0.447,0.405,0.62,0.184,2
culane,culane_driver_100_30frame_05250614_0325.MP4_01800.jpg,0.745,0.447,0.376,0.597,0.184,2
culane,culane_driver_100_30frame_05250614_0325.MP4_02400.jpg,0.714,0.385,0.206,0.58,0.153,2
culane,culane_driver_100_30frame_05250614_0325.MP4_03000.jpg,0.745,0.393,0.212,0.603,0.153,2
culane,culane_driver_100_30frame_05250614_0325.MP4_03600.jpg,0.864,0.344,0.302,0.622,0.182,2
culane,culane_driver_100_30frame_05250614_0325.MP4_03900.jpg,,,,,NA,
culane,culane_driver_100_30frame_05250614_0325.MP4_04200.jpg,0.557,0.507,0.326,0.613,0.004,3
culane,culane_driver_100_30frame_05250614_0325.MP4_04500.jpg,,,,,NA,
culane,culane_driver_100_30frame_05250614_0325.MP4_04800.jpg,0.548,0.648,0.526,0.605,0.101,2
culane,culane_driver_100_30frame_05250614_0325.MP4_05100.jpg,0.463,1,0.834,0.588,0.295,2
culane,culane_driver_100_30frame_05250617_0326.MP4_00000.jpg,0.378,0.574,0.498,0.654,0.005,4
culane,culane_driver_100_30frame_05250617_0326.MP4_00300.jpg,0.408,0.846,0.54,0.619,0.083,3
culane,culane_driver_100_30frame_05250617_0326.MP4_00900.jpg,0.593,0.827,0.603,0.554,0.003,3
culane,culane_driver_100_30frame_05250617_0326.MP4_01200.jpg,0.542,0.936,0.473,0.542,0.004,4
culane,culane_driver_100_30frame_05250617_0326.MP4_01800.jpg,0.481,0.587,0.39,0.557,0.003,3
culane,culane_driver_100_30frame_05250617_0326.MP4_02400.jpg,0.298,0.64,0.562,0.53,0.003,3
culane,culane_driver_100_30frame_05250617_0326.MP4_02700.jpg,,,,,NA,
culane,culane_driver_100_30frame_05250617_0326.MP4_03000.jpg,0.716,0.824,0.625,0.596,0.017,4
culane,culane_driver_100_30frame_05250617_0326.MP4_03300.jpg,0.635,0.779,0.582,0.577,0.005,4
culane,culane_driver_100_30frame_05250617_0326.MP4_03600.jpg,0.731,0.534,0.565,0.645,0.021,4
culane,culane_driver_100_30frame_05250617_0326.MP4_04500.jpg,0.752,0.508,0.762,0.493,0.005,3
culane,culane_driver_100_30frame_05250617_0326.MP4_05100.jpg,0.715,0.694,0.704,0.53,0.005,3
culane,culane_driver_100_30frame_05250632_0331.MP4_00000.jpg,0.705,1,0.65,0.474,0.004,3
culane,culane_driver_100_30frame_05250632_0331.MP4_00300.jpg,0.661,1,0.708,0.5,0.217,2
culane,culane_driver_100_30frame_05250632_0331.MP4_01500.jpg,0.453,1,0.597,0.467,0.004,3
culane,culane_driver_100_30frame_05250632_0331.MP4_02400.jpg,0.581,1,0.709,0.454,0.024,3
culane,culane_driver_100_30frame_05250632_0331.MP4_03300.jpg,0.577,1,0.743,0.572,0.003,3
culane,culane_driver_100_30frame_05250632_0331.MP4_03600.jpg,0.536,1,0.621,0.488,0.004,3
culane,culane_driver_100_30frame_05250632_0331.MP4_05100.jpg,0.465,1,0.719,0.535,0.004,3
culane,culane_driver_100_30frame_05250635_0332.MP4_00300.jpg,0.444,1,0.687,0.513,0.004,3
culane,culane_driver_100_30frame_05250635_0332.MP4_00600.jpg,0.455,1,0.64,0.518,0.004,3
culane,culane_driver_100_30frame_05250635_0332.MP4_01500.jpg,0.517,1,0.622,0.522,0.005,3
culane,culane_driver_100_30frame_05250635_0332.MP4_02400.jpg,0.623,1,0.696,0.504,0.022,3
culane,culane_driver_100_30frame_05250635_0332.MP4_02700.jpg,0.41,1,0.712,0.483,0.004,3
culane,culane_driver_100_30frame_05250635_0332.MP4_04200.jpg,0.649,1,0.667,0.514,0.004,3
culane,culane_driver_100_30frame_05250635_0332.MP4_04500.jpg,0.638,1,0.667,0.472,0.004,3
culane,culane_driver_100_30frame_05250635_0332.MP4_04800.jpg,0.571,1,0.572,0.557,0.017,3
culane,culane_driver_100_30frame_05250650_0337.MP4_00000.jpg,0.397,1,0.706,0.468,0.004,3
culane,culane_driver_100_30frame_05250650_0337.MP4_00900.jpg,0.566,0.78,0.549,0.535,0.003,3
culane,culane_driver_100_30frame_05250650_0337.MP4_01500.jpg,0.361,1,0.691,0.395,0.004,3
culane,culane_driver_100_30frame_05250650_0337.MP4_01800.jpg,0.557,1,0.579,0.606,0.004,3
culane,culane_driver_100_30frame_05250650_0337.MP4_02400.jpg,0.434,1,0.66,0.562,0.004,3
culane,culane_driver_100_30frame_05250650_0337.MP4_02700.jpg,0.35,1,0.699,0.46,0.004,3
culane,culane_driver_100_30frame_05250650_0337.MP4_03000.jpg,0.363,1,0.704,0.55,0.004,3
culane,culane_driver_100_30frame_05250650_0337.MP4_03300.jpg,0.447,1,0.696,0.499,0.006,3
culane,culane_driver_100_30frame_05250650_0337.MP4_03900.jpg,0.534,1,0.683,0.565,0.016,3
culane,culane_driver_100_30frame_05250650_0337.MP4_04200.jpg,0.55,1,0.604,0.499,0.004,3
culane,culane_driver_100_30frame_05250650_0337.MP4_05100.jpg,0.486,0.75,0.515,0.463,0.004,3
culane,culane_driver_100_30frame_05250653_0338.MP4_00900.jpg,0.609,1,0.569,0.556,0.004,3
culane,culane_driver_100_30frame_05250653_0338.MP4_01200.jpg,0.576,0.84,0.489,0.628,0.004,3
culane,culane_driver_100_30frame_05250653_0338.MP4_01500.jpg,0.562,1,0.564,0.481,0.004,3
culane,culane_driver_100_30frame_05250653_0338.MP4_02100.jpg,0.5,1,0.668,0.615,0.017,3
culane,culane_driver_100_30frame_05250653_0338.MP4_02400.jpg,0.671,0.876,0.526,0.65,0.004,3
culane,culane_driver_100_30frame_05250653_0338.MP4_02700.jpg,0.646,0.869,0.507,0.629,0.004,3
culane,culane_driver_100_30frame_05250653_0338.MP4_03600.jpg,0.523,1,0.673,0.567,0.004,3
culane,culane_driver_100_30frame_05250653_0338.MP4_03900.jpg,0.516,1,0.701,0.535,0.012,3
culane,culane_driver_100_30frame_05250653_0338.MP4_04200.jpg,0.56,1,0.495,0.489,0.004,3
culane,culane_driver_100_30frame_05250653_0338.MP4_04800.jpg,0.468,1,0.737,0.501,0.004,3
culane,culane_driver_100_30frame_05250708_0343.MP4_00000.jpg,0.623,1,0.513,0.514,0.003,3
culane,culane_driver_100_30frame_05250708_0343.MP4_00300.jpg,0.62,1,0.521,0.547,0.003,3
culane,culane_driver_100_30frame_05250708_0343.MP4_00600.jpg,0.759,1,0.632,0.465,0.013,3
culane,culane_driver_100_30frame_05250708_0343.MP4_00900.jpg,0.856,1,0.642,0.48,0.018,3
culane,culane_driver_100_30frame_05250708_0343.MP4_01200.jpg,0.759,0.842,0.513,0.55,0.087,3
culane,culane_driver_100_30frame_05250708_0343.MP4_01500.jpg,0.727,1,0.566,0.62,0.012,3
culane,culane_driver_100_30frame_05250708_0343.MP4_01800.jpg,0.61,0.993,0.506,0.584,0.004,3
culane,culane_driver_100_30frame_05250708_0343.MP4_02100.jpg,0.469,1,0.608,0.517,0.004,3
culane,culane_driver_100_30frame_05250708_0343.MP4_02400.jpg,0.667,0.932,0.49,0.571,0.004,3
culane,culane_driver_100_30frame_05250708_0343.MP4_03000.jpg,0.495,1,0.441,0.546,0.006,4
culane,culane_driver_100_30frame_05250708_0343.MP4_03300.jpg,0.479,1,0.476,0.53,0.006,4
culane,culane_driver_100_30frame_05250708_0343.MP4_03600.jpg,0.549,0.751,0.302,0.607,0.006,4
culane,culane_driver_100_30frame_05250708_0343.MP4_04500.jpg,0.636,0.91,0.782,0.5,0.005,3
culane,culane_driver_100_30frame_05250708_0343.MP4_04800.jpg,0.603,0.628,0.456,0.612,0.139,2
culane,culane_driver_100_30frame_05250708_0343.MP4_05100.jpg,0.602,1,0.541,0.503,0.006,4
culane,culane_driver_100_30frame_05250711_0344.MP4_00000.jpg,0.631,0.708,0.469,0.49,0.009,4
culane,culane_driver_100_30frame_05250711_0344.MP4_01200.jpg,0.779,0.523,0.48,0.572,0.008,3
culane,culane_driver_100_30frame_05250711_0344.MP4_01500.jpg,0.301,1,0.839,0.505,0.005,2
culane,culane_driver_100_30frame_05250711_0344.MP4_01800.jpg,0.858,0.446,0.569,0.588,0.006,3
culane,culane_driver_100_30frame_05250711_0344.MP4_02100.jpg,0.723,0.798,0.708,0.591,0.141,3
culane,culane_driver_100_30frame_05250711_0344.MP4_02700.jpg,0.596,0.588,0.621,0.643,0.006,3
culane,culane_driver_100_30frame_05250711_0344.MP4_03600.jpg,0.638,0.755,0.537,0.602,0.557,1
culane,culane_driver_100_30frame_05250711_0344.MP4_03900.jpg,0.83,0.862,0.767,0.483,0.021,3
culane,culane_driver_100_30frame_05250711_0344.MP4_04200.jpg,1,0.807,0.674,0.429,0.268,2
culane,culane_driver_100_30frame_05250711_0344.MP4_04800.jpg,0.816,0.941,0.608,0.477,0.012,3
culane,culane_driver_100_30frame_05251055_0356.MP4_00300.jpg,,,,,NA,
culane,culane_driver_100_30frame_05251055_0356.MP4_01500.jpg,,,,,NA,
culane,culane_driver_100_30frame_05251055_0356.MP4_01800.jpg,,,,,NA,
culane,culane_driver_100_30frame_05251055_0356.MP4_02100.jpg,,,,,NA,
culane,culane_driver_100_30frame_05251055_0356.MP4_02400.jpg,0.507,0.928,0.333,0.653,0.004,3
culane,culane_driver_100_30frame_05251055_0356.MP4_03000.jpg,0.755,0.615,0.431,0.63,0.086,2
culane,culane_driver_100_30frame_05251055_0356.MP4_03300.jpg,0.641,0.791,0.546,0.621,0.09,2
culane,culane_driver_100_30frame_05251055_0356.MP4_03600.jpg,,,,,NA,
culane,culane_driver_100_30frame_05251055_0356.MP4_03900.jpg,0.333,1,0.479,0.589,0.005,2
culane,culane_driver_100_30frame_05251055_0356.MP4_04500.jpg,0.488,1,0.42,0.459,0.003,3
culane,culane_driver_100_30frame_05251110_0361.MP4_00300.jpg,0.708,0.749,0.665,0.475,0.003,3
culane,culane_driver_100_30frame_05251110_0361.MP4_00600.jpg,0.768,0.814,0.721,0.557,0.003,3
culane,culane_driver_100_30frame_05251110_0361.MP4_00900.jpg,0.892,0.602,0.662,0.601,0.409,1
culane,culane_driver_100_30frame_05251110_0361.MP4_02100.jpg,0.729,0.769,0.664,0.531,0.004,4
culane,culane_driver_100_30frame_05251110_0361.MP4_02400.jpg,0.695,0.946,0.662,0.575,0.02,3
culane,culane_driver_100_30frame_05251110_0361.MP4_03000.jpg,0.452,1,0.481,0.529,0.004,3
culane,culane_driver_100_30frame_05251110_0361.MP4_03600.jpg,0.493,0.871,0.457,0.494,0.007,3
culane,culane_driver_100_30frame_05251110_0361.MP4_03900.jpg,0.5,0.849,0.455,0.442,0.007,3
culane,culane_driver_100_30frame_05251110_0361.MP4_04200.jpg,0.493,0.859,0.462,0.44,0.009,3
culane,culane_driver_100_30frame_05251110_0361.MP4_05100.jpg,0.645,1,0.757,0.543,0.015,3
culane,culane_driver_100_30frame_05251113_0362.MP4_00900.jpg,0.585,0.834,0.521,0.56,0.004,3
culane,culane_driver_100_30frame_05251113_0362.MP4_01800.jpg,0.545,1,0.525,0.57,0.005,3
culane,culane_driver_100_30frame_05251113_0362.MP4_02100.jpg,0.625,0.956,0.519,0.554,0.005,3
culane,culane_driver_100_30frame_05251113_0362.MP4_02700.jpg,0.48,0.926,0.595,0.454,0.004,3
culane,culane_driver_100_30frame_05251113_0362.MP4_03000.jpg,0.567,0.846,0.704,0.598,0.004,4
culane,culane_driver_100_30frame_05251113_0362.MP4_03600.jpg,0.658,0.582,0.383,0.649,0.121,3
culane,culane_driver_100_30frame_05251113_0362.MP4_04800.jpg,0.712,0.973,0.502,0.529,0.004,3
culane,culane_driver_100_30frame_05251113_0362.MP4_05100.jpg,0.635,0.972,0.604,0.535,0.004,3
culane,culane_driver_100_30frame_05251128_0367.MP4_00000.jpg,0.777,1,0.741,0.495,0.016,3
culane,culane_driver_100_30frame_05251128_0367.MP4_00300.jpg,1,1,0.767,0.499,0.487,1
culane,culane_driver_100_30frame_05251128_0367.MP4_01200.jpg,1,1,0.813,0.469,0.546,1
culane,culane_driver_100_30frame_05251128_0367.MP4_01500.jpg,0.774,1,0.708,0.485,0.147,3
culane,culane_driver_100_30frame_05251128_0367.MP4_01800.jpg,0.788,1,0.719,0.48,0.135,3
culane,culane_driver_100_30frame_05251128_0367.MP4_02100.jpg,0.907,1,0.862,0.45,0.247,2
culane,culane_driver_100_30frame_05251128_0367.MP4_02700.jpg,0.821,1,0.835,0.446,0.016,3
culane,culane_driver_100_30frame_05251128_0367.MP4_03300.jpg,0.713,1,0.852,0.492,0.018,3
culane,culane_driver_100_30frame_05251128_0367.MP4_04200.jpg,0.821,1,0.826,0.386,0.017,3
culane,culane_driver_100_30frame_05251131_0368.MP4_00000.jpg,0.841,1,0.81,0.333,0.016,3
culane,culane_driver_100_30frame_05251131_0368.MP4_00300.jpg,0.819,1,0.688,0.494,0.146,3
culane,culane_driver_100_30frame_05251131_0368.MP4_00600.jpg,0.902,1,0.825,0.494,0.123,3
culane,culane_driver_100_30frame_05251131_0368.MP4_00900.jpg,0.719,1,0.708,0.331,0.432,2
culane,culane_driver_100_30frame_05251131_0368.MP4_01200.jpg,0.826,1,0.778,0.43,0.016,3
culane,culane_driver_100_30frame_05251131_0368.MP4_01500.jpg,0.763,0.996,0.806,0.536,0.02,3
culane,culane_driver_100_30frame_05251131_0368.MP4_02100.jpg,0.901,1,0.732,0.438,0.111,3
culane,culane_driver_100_30frame_05251131_0368.MP4_02400.jpg,0.936,1,0.794,0.387,0.192,2
culane,culane_driver_100_30frame_05251131_0368.MP4_02700.jpg,0.863,1,0.853,0.418,0.015,3
culane,culane_driver_100_30frame_05251131_0368.MP4_03300.jpg,0.887,1,0.75,0.567,0.098,3
culane,culane_driver_100_30frame_05251131_0368.MP4_04500.jpg,0.787,1,0.841,0.341,0.019,3
culane,culane_driver_100_30frame_05251131_0368.MP4_04800.jpg,0.933,1,0.797,0.491,0.003,3
culane,culane_driver_100_30frame_05251131_0368.MP4_05100.jpg,0.65,1,0.769,0.512,0.009,4
culane,culane_driver_100_30frame_05251146_0373.MP4_01200.jpg,0.629,0.925,0.365,0.521,0.004,3
culane,culane_driver_100_30frame_05251146_0373.MP4_01500.jpg,0.629,0.917,0.414,0.586,0.004,3
culane,culane_driver_100_30frame_05251146_0373.MP4_01800.jpg,0.653,0.915,0.374,0.551,0.004,3
culane,culane_driver_100_30frame_05251146_0373.MP4_02400.jpg,0.61,0.464,0.573,0.613,0.011,3
culane,culane_driver_100_30frame_05251146_0373.MP4_02700.jpg,0.611,0.627,0.652,0.597,0.251,2
culane,culane_driver_100_30frame_05251146_0373.MP4_03300.jpg,,,,,NA,
culane,culane_driver_100_30frame_05251146_0373.MP4_03600.jpg,0.616,0.695,0.425,0.614,0.003,3
culane,culane_driver_100_30frame_05251146_0373.MP4_03900.jpg,0.65,0.661,0.398,0.53,0.003,3
culane,culane_driver_100_30frame_05251146_0373.MP4_04500.jpg,0.591,0.696,0.476,0.565,0.003,3
culane,culane_driver_100_30frame_05251146_0373.MP4_04800.jpg,0.619,0.707,0.445,0.524,0.003,3
culane,culane_driver_100_30frame_05251204_0379.MP4_00000.jpg,0.475,0.771,0.271,0.669,0.004,4
culane,culane_driver_100_30frame_05251204_0379.MP4_00600.jpg,0.495,0.764,0.263,0.577,0.004,4
culane,culane_driver_100_30frame_05251204_0379.MP4_00900.jpg,0.425,0.682,0.228,0.633,0.004,4
culane,culane_driver_100_30frame_05251204_0379.MP4_01500.jpg,,,,,NA,
culane,culane_driver_100_30frame_05251204_0379.MP4_02400.jpg,0.45,0.661,0.351,0.63,0.004,4
culane,culane_driver_100_30frame_05251204_0379.MP4_02700.jpg,0.63,0.899,0.463,0.577,0.032,4
culane,culane_driver_100_30frame_05251204_0379.MP4_03000.jpg,0.726,0.49,0.709,0.591,0.014,4
culane,culane_driver_100_30frame_05251204_0379.MP4_03600.jpg,0.754,0.765,0.604,0.591,0.017,4
culane,culane_driver_100_30frame_05251204_0379.MP4_03900.jpg,0.547,0.724,0.528,0.644,0.003,2
culane,culane_driver_100_30frame_05251204_0379.MP4_04200.jpg,0.925,0.735,0.814,0.44,0.118,3
culane,culane_driver_100_30frame_05251204_0379.MP4_05100.jpg,0.458,0.637,0.691,0.596,0.012,3
culane,culane_driver_100_30frame_05251207_0380.MP4_00000.jpg,0.461,0.863,0.677,0.514,0.007,4
culane,culane_driver_100_30frame_05251207_0380.MP4_00600.jpg,0.853,0.49,0.686,0.564,0.131,3
culane,culane_driver_100_30frame_05251207_0380.MP4_01500.jpg,0.896,0.666,0.789,0.585,0.096,3
culane,culane_driver_100_30frame_05251207_0380.MP4_01800.jpg,0.687,0.746,0.624,0.429,0.014,4
culane,culane_driver_100_30frame_05251207_0380.MP4_02100.jpg,0.73,0.757,0.721,0.457,0.017,4
culane,culane_driver_100_30frame_05251207_0380.MP4_02400.jpg,0.656,0.789,0.654,0.516,0.025,4
culane,culane_driver_100_30frame_05251207_0380.MP4_03000.jpg,0.762,0.495,0.501,0.526,0.136,3
culane,culane_driver_100_30frame_05251207_0380.MP4_03600.jpg,0.437,0.552,0.561,0.533,0.004,4
culane,culane_driver_100_30frame_05251207_0380.MP4_04200.jpg,0.414,0.989,0.515,0.547,0.003,4
culane,culane_driver_100_30frame_05251207_0380.MP4_04500.jpg,0.44,1,0.409,0.542,0.003,4
culane,culane_driver_100_30frame_05251207_0380.MP4_04800.jpg,0.428,1,0.382,0.555,0.003,4
culane,culane_driver_100_30frame_05251222_0385.MP4_00900.jpg,0.611,0.928,0.659,0.579,0.012,3
culane,culane_driver_100_30frame_05251222_0385.MP4_01500.jpg,0.798,0.874,0.7,0.554,0.017,4
culane,culane_driver_100_30frame_05251222_0385.MP4_01800.jpg,,,,,NA,
culane,culane_driver_100_30frame_05251222_0385.MP4_02100.jpg,0.645,0.891,0.682,0.589,0.006,3
culane,culane_driver_100_30frame_05251222_0385.MP4_02400.jpg,0.876,0.81,0.583,0.401,0.009,4
culane,culane_driver_100_30frame_05251222_0385.MP4_02700.jpg,0.653,0.763,0.587,0.508,0.14,3
culane,culane_driver_100_30frame_05251222_0385.MP4_03000.jpg,0.556,1,0.539,0.499,0.003,3
culane,culane_driver_100_30frame_05251222_0385.MP4_03600.jpg,0.649,1,0.694,0.533,0.008,3
culane,culane_driver_100_30frame_05251222_0385.MP4_03900.jpg,0.693,0.88,0.654,0.457,0.101,3
culane,culane_driver_100_30frame_05251222_0385.MP4_04200.jpg,0.434,1,0.559,0.57,0.003,4
culane,culane_driver_100_30frame_05251222_0385.MP4_04500.jpg,0.628,1,0.571,0.569,0.003,4
culane,culane_driver_100_30frame_05251222_0385.MP4_05100.jpg,,,,,NA,
culane,culane_driver_100_30frame_05251225_0386.MP4_00300.jpg,0.596,1,0.711,0.511,0.004,3
culane,culane_driver_100_30frame_05251225_0386.MP4_00600.jpg,0.794,0.919,0.642,0.49,0.012,3
culane,culane_driver_100_30frame_05251225_0386.MP4_01200.jpg,,,,,NA,
culane,culane_driver_100_30frame_05251225_0386.MP4_01500.jpg,0.58,1,0.679,0.54,0.245,2
culane,culane_driver_100_30frame_05251225_0386.MP4_02700.jpg,0.567,0.949,0.663,0.505,0.017,3
culane,culane_driver_100_30frame_05251225_0386.MP4_03000.jpg,0.792,0.868,0.567,0.487,0.008,3
culane,culane_driver_100_30frame_05251225_0386.MP4_03600.jpg,0.714,0.755,0.539,0.541,0.015,4
culane,culane_driver_100_30frame_05251225_0386.MP4_03900.jpg,0.783,0.731,0.501,0.51,0.004,4
culane,culane_driver_100_30frame_05251225_0386.MP4_04200.jpg,0.802,0.736,0.489,0.493,0.004,4
culane,culane_driver_100_30frame_05251225_0386.MP4_04800.jpg,0.784,0.755,0.511,0.51,0.142,3
culane,culane_driver_100_30frame_05251251_0391.MP4_00300.jpg,0.69,0.513,0.542,0.658,0.013,4
culane,culane_driver_100_30frame_05251251_0391.MP4_00600.jpg,0.451,0.596,0.437,0.574,0.004,4
culane,culane_driver_100_30frame_05251251_0391.MP4_00900.jpg,0.484,0.772,0.657,0.655,0.004,4
culane,culane_driver_100_30frame_05251251_0391.MP4_01200.jpg,0.559,0.658,0.587,0.654,0.004,4
culane,culane_driver_100_30frame_05251251_0391.MP4_01500.jpg,0.41,0.652,0.668,0.598,0.003,4
culane,culane_driver_100_30frame_05251251_0391.MP4_01800.jpg,0.451,0.571,0.624,0.608,0.006,2
culane,culane_driver_100_30frame_05251251_0391.MP4_02100.jpg,0.648,0.417,0.648,0.605,0.004,4
culane,culane_driver_100_30frame_05251251_0391.MP4_02400.jpg,0.789,0.397,0.657,0.524,0.061,2
culane,culane_driver_100_30frame_05251251_0391.MP4_02700.jpg,0.645,0.781,0.685,0.472,0.05,3
culane,culane_driver_100_30frame_05251251_0391.MP4_03000.jpg,0.841,0.446,0.546,0.594,0.068,3
culane,culane_driver_100_30frame_05251251_0391.MP4_03900.jpg,,,,,NA,
culane,culane_driver_100_30frame_05251251_0391.MP4_04200.jpg,0.387,0.805,0.55,0.599,0.005,3
culane,culane_driver_100_30frame_05251251_0391.MP4_04500.jpg,0.583,0.443,0.581,0.547,0.004,3
culane,culane_driver_100_30frame_05251251_0391.MP4_05100.jpg,,,,,NA,
culane,culane_driver_100_30frame_05251254_0392.MP4_00300.jpg,0.782,0.75,0.512,0.535,0.003,3
culane,culane_driver_100_30frame_05251254_0392.MP4_00600.jpg,0.638,0.499,0.386,0.649,0.004,3
culane,culane_driver_100_30frame_05251254_0392.MP4_01200.jpg,0.522,0.59,0.456,0.455,0.025,2
culane,culane_driver_100_30frame_05251254_0392.MP4_01500.jpg,0.533,0.877,0.377,0.488,0.025,2
culane,culane_driver_100_30frame_05251254_0392.MP4_02400.jpg,,,,,NA,
culane,culane_driver_100_30frame_05251254_0392.MP4_03000.jpg,0.728,0.526,0.402,0.559,0.003,3
culane,culane_driver_100_30frame_05251254_0392.MP4_03900.jpg,0.483,0.503,0.315,0.557,0.225,2
culane,culane_driver_100_30frame_05251309_0397.MP4_00300.jpg,0.602,0.602,0.468,0.575,0.308,1
culane,culane_driver_100_30frame_05251309_0397.MP4_01200.jpg,0.785,0.768,0.48,0.517,0.005,4
culane,culane_driver_100_30frame_05251309_0397.MP4_02400.jpg,,,,,NA,
culane,culane_driver_100_30frame_05251309_0397.MP4_02700.jpg,0.547,0.811,0.696,0.581,0.09,3
culane,culane_driver_100_30frame_05251309_0397.MP4_03600.jpg,0.764,0.883,0.732,0.53,0.016,4
culane,culane_driver_100_30frame_05251309_0397.MP4_03900.jpg,0.797,0.849,0.77,0.456,0.219,2
culane,culane_driver_100_30frame_05251309_0397.MP4_04800.jpg,0.725,0.664,0.24,0.555,0.005,2
culane,culane_driver_100_30frame_05251309_0397.MP4_05100.jpg,0.295,1,0.534,0.632,0.003,2
culane,culane_driver_100_30frame_05251312_0398.MP4_00900.jpg,0.669,0.752,0.434,0.619,0.004,3
culane,culane_driver_100_30frame_05251312_0398.MP4_01200.jpg,0.667,0.929,0.486,0.536,0.139,2
culane,culane_driver_100_30frame_05251312_0398.MP4_01500.jpg,0.727,0.854,0.604,0.468,0.341,2
culane,culane_driver_100_30frame_05251312_0398.MP4_01800.jpg,0.986,0.858,0.727,0.546,0.368,2
culane,culane_driver_100_30frame_05251312_0398.MP4_02100.jpg,0.783,0.908,0.711,0.543,0.366,2
culane,culane_driver_100_30frame_05251312_0398.MP4_02400.jpg,0.66,1,0.717,0.474,0.432,2
culane,culane_driver_100_30frame_05251312_0398.MP4_02700.jpg,0.546,1,0.699,0.502,0.437,2
culane,culane_driver_100_30frame_05251312_0398.MP4_03000.jpg,0.535,1,0.672,0.595,0.447,2
culane,culane_driver_100_30frame_05251312_0398.MP4_03900.jpg,0.803,0.916,0.649,0.482,0.019,4
culane,culane_driver_100_30frame_05251312_0398.MP4_04200.jpg,0.788,0.833,0.647,0.626,0.175,1
culane,culane_driver_100_30frame_05251312_0398.MP4_04500.jpg,0.723,0.937,0.653,0.623,0.019,4
culane,culane_driver_100_30frame_05251312_0398.MP4_04800.jpg,0.638,0.813,0.572,0.613,0.013,4
culane,culane_driver_100_30frame_05251327_0403.MP4_00000.jpg,0.739,1,0.758,0.487,0.015,3
culane,culane_driver_100_30frame_05251327_0403.MP4_00300.jpg,0.739,1,0.804,0.488,0.018,3
culane,culane_driver_100_30frame_05251327_0403.MP4_02400.jpg,0.519,0.883,0.48,0.521,0.018,3
culane,culane_driver_100_30frame_05251327_0403.MP4_02700.jpg,0.562,0.79,0.604,0.523,0.256,2
culane,culane_driver_100_30frame_05251327_0403.MP4_03000.jpg,0.451,0.828,0.514,0.526,0.043,3
culane,culane_driver_100_30frame_05251327_0403.MP4_03600.jpg,0.484,0.811,0.345,0.544,0.004,3
culane,culane_driver_100_30frame_05251327_0403.MP4_04800.jpg,0.543,0.802,0.537,0.514,0.099,2
culane,culane_driver_100_30frame_05251330_0404.MP4_00000.jpg,0.517,0.499,0.314,0.622,0.015,3
culane,culane_driver_100_30frame_05251330_0404.MP4_00600.jpg,0.593,0.655,0.501,0.548,0.251,2
culane,culane_driver_100_30frame_05251330_0404.MP4_00900.jpg,0.629,0.574,0.52,0.621,0.019,3
culane,culane_driver_100_30frame_05251330_0404.MP4_01200.jpg,0.455,0.723,0.39,0.514,0.005,3
culane,culane_driver_100_30frame_05251330_0404.MP4_02100.jpg,0.582,0.842,0.714,0.59,0.005,4
culane,culane_driver_100_30frame_05251330_0404.MP4_02400.jpg,0.539,1,0.613,0.595,0.047,3
culane,culane_driver_100_30frame_05251330_0404.MP4_03300.jpg,0.766,0.761,0.657,0.454,0.134,3
culane,culane_driver_100_30frame_05251330_0404.MP4_04500.jpg,0.555,1,0.663,0.518,0.011,3
culane,culane_driver_100_30frame_05251330_0404.MP4_04800.jpg,0.622,0.901,0.499,0.431,0.004,3
culane,culane_driver_100_30frame_05251356_0409.MP4_00000.jpg,0.522,0.703,0.563,0.542,0.128,2
culane,culane_driver_100_30frame_05251408_0410.MP4_00000.jpg,0.558,0.793,0.573,0.538,0.128,2
culane,culane_driver_100_30frame_05251408_0410.MP4_00900.jpg,0.472,0.78,0.239,0.586,0.007,3
culane,culane_driver_100_30frame_05251408_0410.MP4_01200.jpg,0.475,0.874,0.354,0.592,0.004,4
culane,culane_driver_100_30frame_05251408_0410.MP4_02100.jpg,0.497,0.643,0.735,0.579,0.082,3
culane,culane_driver_100_30frame_05251408_0410.MP4_02700.jpg,,,,,NA,
culane,culane_driver_100_30frame_05251408_0410.MP4_03300.jpg,,,,,NA,
culane,culane_driver_100_30frame_05251408_0410.MP4_03600.jpg,,,,,NA,
culane,culane_driver_100_30frame_05251408_0410.MP4_03900.jpg,,,,,NA,
culane,culane_driver_100_30frame_05251408_0410.MP4_04200.jpg,0.572,0.573,0.618,0.519,0.004,2
culane,culane_driver_100_30frame_05251408_0410.MP4_04500.jpg,0.584,0.609,0.519,0.588,0.008,4
culane,culane_driver_100_30frame_05251408_0410.MP4_04800.jpg,,,,,NA,
culane,culane_driver_100_30frame_05251408_0410.MP4_05100.jpg,0.626,0.387,0.308,0.621,0.03,3
culane,culane_driver_100_30frame_05251423_0415.MP4_00600.jpg,0.558,0.598,0.531,0.562,0.007,4
culane,culane_driver_100_30frame_05251423_0415.MP4_00900.jpg,0.522,0.66,0.61,0.538,0.017,4
culane,culane_driver_100_30frame_05251423_0415.MP4_01500.jpg,0.543,0.981,0.471,0.537,0.003,3
culane,culane_driver_100_30frame_05251423_0415.MP4_01800.jpg,0.538,0.992,0.463,0.553,0.003,3
culane,culane_driver_100_30frame_05251423_0415.MP4_02400.jpg,0.624,1,0.495,0.55,0.003,3
culane,culane_driver_100_30frame_05251423_0415.MP4_03000.jpg,0.731,0.645,0.441,0.485,0.062,2
culane,culane_driver_100_30frame_05251423_0415.MP4_03300.jpg,0.714,0.734,0.454,0.501,0.062,2
culane,culane_driver_100_30frame_05251423_0415.MP4_03900.jpg,0.77,1,0.502,0.392,0.138,2
culane,culane_driver_100_30frame_05251423_0415.MP4_04200.jpg,0.821,0.978,0.537,0.284,0.004,3
culane,culane_driver_100_30frame_05251423_0415.MP4_04500.jpg,0.438,1,0.673,0.502,0.004,3
culane,culane_driver_100_30frame_05251423_0415.MP4_04800.jpg,,,,,NA,
culane,culane_driver_100_30frame_05251426_0416.MP4_00000.jpg,0.374,1,0.689,0.677,0.004,3
culane,culane_driver_100_30frame_05251426_0416.MP4_00300.jpg,,,,,NA,
culane,culane_driver_100_30frame_05251426_0416.MP4_00600.jpg,0.546,0.712,0.594,0.579,0.007,3
culane,culane_driver_100_30frame_05251426_0416.MP4_01200.jpg,0.6,0.672,0.491,0.639,0.014,3
culane,culane_driver_100_30frame_05251426_0416.MP4_01500.jpg,0.626,0.681,0.301,0.511,0.004,3
culane,culane_driver_100_30frame_05251426_0416.MP4_01800.jpg,0.59,0.691,0.309,0.485,0.004,3
culane,culane_driver_100_30frame_05251426_0416.MP4_02400.jpg,0.542,0.709,0.417,0.52,0.004,3
culane,culane_driver_100_30frame_05251426_0416.MP4_03900.jpg,0.8,0.915,0.393,0.562,0.008,3
culane,culane_driver_100_30frame_05251426_0416.MP4_04200.jpg,0.581,0.629,0.532,0.55,0.021,3
culane,culane_driver_100_30frame_05251426_0416.MP4_04500.jpg,0.696,0.664,0.305,0.68,0.054,3
culane,culane_driver_100_30frame_05251426_0416.MP4_05100.jpg,0.635,0.879,0.342,0.608,0.069,3
culane,culane_driver_100_30frame_05251441_0421.MP4_00900.jpg,0.518,1,0.332,0.566,0.003,3
culane,culane_driver_100_30frame_05251441_0421.MP4_02100.jpg,0.464,1,0.432,0.596,0.003,3
culane,culane_driver_100_30frame_05251441_0421.MP4_03000.jpg,0.489,1,0.429,0.588,0.003,3
culane,culane_driver_100_30frame_05251441_0421.MP4_03900.jpg,0.464,1,0.428,0.536,0.003,3
culane,culane_driver_100_30frame_05251441_0421.MP4_04200.jpg,0.478,1,0.401,0.549,0.003,3
culane,culane_driver_100_30frame_05251441_0421.MP4_04500.jpg,0.507,1,0.403,0.555,0.003,3
culane,culane_driver_100_30frame_05251441_0421.MP4_05100.jpg,0.366,1,0.475,0.534,0.004,3
culane,culane_driver_100_30frame_05251444_0422.MP4_00000.jpg,,,,,NA,
culane,culane_driver_100_30frame_05251444_0422.MP4_00300.jpg,,,,,NA,
culane,culane_driver_100_30frame_05251444_0422.MP4_00600.jpg,,,,,NA,
culane,culane_driver_100_30frame_05251444_0422.MP4_01800.jpg,,,,,NA,
culane,culane_driver_100_30frame_05251444_0422.MP4_03000.jpg,0.496,1,0.446,0.655,0.003,3
culane,culane_driver_100_30frame_05251444_0422.MP4_03600.jpg,0.551,0.976,0.308,0.602,0.003,3
culane,culane_driver_100_30frame_05251444_0422.MP4_03900.jpg,0.554,1,0.294,0.648,0.003,3
culane,culane_driver_100_30frame_05251444_0422.MP4_04200.jpg,0.546,0.931,0.3,0.51,0.003,3
culane,culane_driver_100_30frame_05251444_0422.MP4_04500.jpg,0.531,0.791,0.35,0.562,0.003,4
culane,culane_driver_100_30frame_05251444_0422.MP4_04800.jpg,0.66,0.856,0.295,0.622,0.007,4
culane,culane_driver_100_30frame_05251459_0427.MP4_00000.jpg,0.439,0.959,0.423,0.575,0.004,3
culane,culane_driver_100_30frame_05251459_0427.MP4_00300.jpg,,,,,NA,
culane,culane_driver_100_30frame_05251459_0427.MP4_00900.jpg,0.546,1,0.607,0.55,0.012,3
culane,culane_driver_100_30frame_05251459_0427.MP4_01200.jpg,,,,,NA,
culane,culane_driver_100_30frame_05251459_0427.MP4_01800.jpg,,,,,NA,
culane,culane_driver_100_30frame_05251459_0427.MP4_02400.jpg,0.543,0.494,0.231,0.572,0.004,3
culane,culane_driver_100_30frame_05251459_0427.MP4_03000.jpg,,,,,NA,
culane,culane_driver_100_30frame_05251459_0427.MP4_04800.jpg,0.324,0.942,0.471,0.568,0.003,3
culane,culane_driver_100_30frame_05251459_0427.MP4_05100.jpg,0.644,0.997,0.342,0.586,0.021,4
culane,culane_driver_100_30frame_05251502_0428.MP4_00000.jpg,0.74,0.773,0.345,0.502,0.005,4
culane,culane_driver_100_30frame_05251502_0428.MP4_00300.jpg,0.625,0.63,0.527,0.551,0.004,4
culane,culane_driver_100_30frame_05251502_0428.MP4_01500.jpg,0.544,0.9,0.223,0.508,0.003,4
culane,culane_driver_100_30frame_05251502_0428.MP4_02700.jpg,0.534,0.857,0.521,0.48,0.004,4
culane,culane_driver_100_30frame_05251502_0428.MP4_03300.jpg,0.719,0.799,0.378,0.457,0.004,4
culane,culane_driver_100_30frame_05251502_0428.MP4_03600.jpg,0.746,0.795,0.426,0.542,0.004,4
culane,culane_driver_100_30frame_05251502_0428.MP4_03900.jpg,0.444,0.747,0.466,0.561,0.004,3
culane,culane_driver_100_30frame_05251517_0433.MP4_00300.jpg,0.604,0.968,0.352,0.643,0.004,3
culane,culane_driver_100_30frame_05251517_0433.MP4_00600.jpg,0.597,0.868,0.342,0.556,0.004,3
culane,culane_driver_100_30frame_05251517_0433.MP4_01200.jpg,0.557,0.791,0.419,0.606,0.004,3
culane,culane_driver_100_30frame_05251517_0433.MP4_01500.jpg,0.683,0.802,0.428,0.647,0.004,3
culane,culane_driver_100_30frame_05251517_0433.MP4_02400.jpg,0.589,0.733,0.26,0.664,0.004,3
culane,culane_driver_100_30frame_05251517_0433.MP4_03300.jpg,0.627,0.696,0.336,0.658,0.003,3
culane,culane_driver_100_30frame_05251517_0433.MP4_03600.jpg,0.693,0.471,0.219,0.603,0.004,3
culane,culane_driver_100_30frame_05251517_0433.MP4_04200.jpg,0.344,1,0.525,0.43,0.004,3
culane,culane_driver_100_30frame_05251517_0433.MP4_04500.jpg,0.364,1,0.452,0.383,0.004,3
culane,culane_driver_100_30frame_05251517_0433.MP4_05100.jpg,0.364,1,0.467,0.393,0.004,3
culane,culane_driver_100_30frame_05251520_0434.MP4_00000.jpg,0.347,1,0.466,0.39,0.004,3
culane,culane_driver_100_30frame_05251520_0434.MP4_00900.jpg,0.364,1,0.469,0.423,0.004,3
culane,culane_driver_100_30frame_05251520_0434.MP4_01200.jpg,0.424,1,0.484,0.527,0.004,3
culane,culane_driver_100_30frame_05251520_0434.MP4_01500.jpg,0.563,1,0.352,0.589,0.004,3
culane,culane_driver_100_30frame_05251520_0434.MP4_01800.jpg,0.643,0.877,0.397,0.619,0.004,3
culane,culane_driver_100_30frame_05251520_0434.MP4_02100.jpg,0.608,0.791,0.338,0.568,0.004,3
culane,culane_driver_100_30frame_05251520_0434.MP4_02400.jpg,0.691,0.763,0.285,0.496,0.004,3
culane,culane_driver_100_30frame_05251520_0434.MP4_02700.jpg,0.684,0.761,0.29,0.503,0.004,3
culane,culane_driver_100_30frame_05251520_0434.MP4_03000.jpg,0.675,0.768,0.288,0.473,0.004,3
culane,culane_driver_100_30frame_05251520_0434.MP4_03600.jpg,0.667,0.789,0.29,0.51,0.004,3
culane,culane_driver_100_30frame_05251520_0434.MP4_03900.jpg,0.65,0.783,0.294,0.485,0.004,3
culane,culane_driver_100_30frame_05251520_0434.MP4_04200.jpg,0.637,0.766,0.286,0.453,0.004,3
culane,culane_driver_100_30frame_05251520_0434.MP4_04500.jpg,0.643,0.777,0.284,0.495,0.004,3
culane,culane_driver_100_30frame_05251520_0434.MP4_05100.jpg,0.634,0.845,0.319,0.535,0.004,3
culane,culane_driver_100_30frame_05251548_0439.MP4_00000.jpg,0.629,0.782,0.218,0.556,0.003,3
culane,culane_driver_100_30frame_05251548_0439.MP4_00600.jpg,0.814,0.705,0.4,0.61,0.012,3
culane,culane_driver_100_30frame_05251548_0439.MP4_01200.jpg,0.745,0.663,0.556,0.591,0.254,2
culane,culane_driver_100_30frame_05251548_0439.MP4_01500.jpg,,,,,NA,
culane,culane_driver_100_30frame_05251548_0439.MP4_01800.jpg,,,,,NA,
culane,culane_driver_100_30frame_05251548_0439.MP4_02100.jpg,,,,,NA,
culane,culane_driver_100_30frame_05251548_0439.MP4_02700.jpg,,,,,NA,
culane,culane_driver_100_30frame_05251548_0439.MP4_03600.jpg,0.457,0.84,0.42,0.684,0.003,3
culane,culane_driver_100_30frame_05251548_0439.MP4_03900.jpg,0.408,0.894,0.292,0.671,0.003,3
culane,culane_driver_100_30frame_05251551_0440.MP4_00600.jpg,0.552,0.812,0.284,0.632,0.003,3
culane,culane_driver_100_30frame_05251551_0440.MP4_00900.jpg,0.54,0.663,0.279,0.588,0.003,3
culane,culane_driver_100_30frame_05251551_0440.MP4_01200.jpg,0.421,0.798,0.357,0.637,0.531,1
culane,culane_driver_100_30frame_05251551_0440.MP4_01500.jpg,0.407,1,0.307,0.597,0.531,1
culane,culane_driver_100_30frame_05251551_0440.MP4_02400.jpg,0.661,1,0.385,0.6,0.531,1
culane,culane_driver_100_30frame_05251551_0440.MP4_02700.jpg,0.606,0.702,0.565,0.554,0.394,1
culane,culane_driver_100_30frame_05251551_0440.MP4_03000.jpg,0.445,0.734,0.384,0.577,0.178,2
culane,culane_driver_100_30frame_05251551_0440.MP4_03300.jpg,0.437,0.757,0.551,0.602,0.003,3
culane,culane_driver_100_30frame_05251551_0440.MP4_03900.jpg,,,,,NA,
culane,culane_driver_100_30frame_05251551_0440.MP4_04200.jpg,,,,,NA,
culane,culane_driver_100_30frame_05251551_0440.MP4_04500.jpg,0.524,0.637,0.551,0.632,0.004,3
culane,culane_driver_100_30frame_05251551_0440.MP4_04800.jpg,0.564,1,0.649,0.608,0.144,2
culane,culane_driver_100_30frame_05251606_0445.MP4_00000.jpg,0.673,1,0.637,0.478,0.004,4
culane,culane_driver_100_30frame_05251606_0445.MP4_00600.jpg,0.625,0.95,0.625,0.561,0.012,4
culane,culane_driver_100_30frame_05251606_0445.MP4_00900.jpg,0.492,0.774,0.598,0.599,0.003,4
culane,culane_driver_100_30frame_05251606_0445.MP4_01200.jpg,0.729,0.739,0.631,0.457,0.004,4
culane,culane_driver_100_30frame_05251606_0445.MP4_01800.jpg,0.752,0.638,0.619,0.6,0.012,4
culane,culane_driver_100_30frame_05251606_0445.MP4_02400.jpg,0.848,0.761,0.663,0.534,0.011,4
culane,culane_driver_100_30frame_05251606_0445.MP4_02700.jpg,0.547,0.911,0.668,0.479,0.004,4
culane,culane_driver_100_30frame_05251606_0445.MP4_04500.jpg,0.511,0.787,0.622,0.556,0.003,4
culane,culane_driver_100_30frame_05251606_0445.MP4_04800.jpg,0.863,0.769,0.533,0.555,0.44,2
culane,culane_driver_100_30frame_05251609_0446.MP4_00300.jpg,0.679,0.854,0.678,0.508,0.12,3
culane,culane_driver_100_30frame_05251609_0446.MP4_01200.jpg,0.797,0.952,0.536,0.564,0.151,3
culane,culane_driver_100_30frame_05251609_0446.MP4_01500.jpg,0.687,0.97,0.619,0.533,0.004,4
culane,culane_driver_100_30frame_05251609_0446.MP4_01800.jpg,0.582,0.967,0.612,0.573,0.427,2
culane,culane_driver_100_30frame_05251609_0446.MP4_02400.jpg,0.61,1,0.638,0.547,0.125,3
culane,culane_driver_100_30frame_05251609_0446.MP4_02700.jpg,0.662,1,0.636,0.536,0.003,3
culane,culane_driver_100_30frame_05251609_0446.MP4_03000.jpg,0.843,0.595,0.567,0.645,0.023,4
culane,culane_driver_100_30frame_05251609_0446.MP4_03900.jpg,0.433,0.881,0.58,0.534,0.003,4
culane,culane_driver_100_30frame_05251609_0446.MP4_04500.jpg,0.569,0.814,0.728,0.479,0.011,4
culane,culane_driver_100_30frame_05251609_0446.MP4_04800.jpg,0.687,0.779,0.607,0.463,0.007,4
culane,culane_driver_100_30frame_05251609_0446.MP4_05100.jpg,0.753,0.866,0.649,0.543,0.01,4
culane,culane_driver_100_30frame_05251624_0451.MP4_00600.jpg,,,,,NA,
culane,culane_driver_100_30frame_05251624_0451.MP4_00900.jpg,,,,,NA,
culane,culane_driver_100_30frame_05251624_0451.MP4_01200.jpg,,,,,NA,
culane,culane_driver_100_30frame_05251624_0451.MP4_01500.jpg,,,,,NA,
culane,culane_driver_100_30frame_05251624_0451.MP4_01800.jpg,,,,,NA,
culane,culane_driver_100_30frame_05251624_0451.MP4_02400.jpg,,,,,NA,
culane,culane_driver_100_30frame_05251624_0451.MP4_03000.jpg,,,,,NA,
culane,culane_driver_100_30frame_05251624_0451.MP4_03300.jpg,,,,,NA,
culane,culane_driver_100_30frame_05251627_0452.MP4_00300.jpg,0.654,0.753,0.695,0.592,0.005,4
culane,culane_driver_100_30frame_05251627_0452.MP4_00600.jpg,0.752,0.845,0.574,0.541,0.004,3
culane,culane_driver_100_30frame_05251627_0452.MP4_00900.jpg,0.879,0.768,0.45,0.524,0.016,3
culane,culane_driver_100_30frame_05251627_0452.MP4_01500.jpg,0.713,0.922,0.43,0.572,0.016,3
culane,culane_driver_100_30frame_05251627_0452.MP4_02400.jpg,0.71,0.926,0.409,0.597,0.016,3
culane,culane_driver_100_30frame_05251627_0452.MP4_02700.jpg,0.698,0.921,0.455,0.527,0.016,3
culane,culane_driver_100_30frame_05251627_0452.MP4_03000.jpg,0.714,0.941,0.429,0.601,0.016,3
culane,culane_driver_100_30frame_05251627_0452.MP4_03900.jpg,0.704,0.836,0.423,0.474,0.004,3
culane,culane_driver_100_30frame_05251627_0452.MP4_04500.jpg,0.355,1,0.705,0.445,0.003,3
culane,culane_driver_100_30frame_05251642_0457.MP4_00600.jpg,0.624,1,0.555,0.416,0.003,3
culane,culane_driver_100_30frame_05251642_0457.MP4_00900.jpg,0.544,0.941,0.669,0.516,0.003,3
culane,culane_driver_100_30frame_05251642_0457.MP4_01200.jpg,0.693,0.852,0.589,0.548,0.005,3
culane,culane_driver_100_30frame_05251642_0457.MP4_01500.jpg,0.621,0.949,0.573,0.44,0.004,3
culane,culane_driver_100_30frame_05251642_0457.MP4_01800.jpg,0.604,1,0.511,0.487,0.003,3
culane,culane_driver_100_30frame_05251642_0457.MP4_02100.jpg,0.511,1,0.602,0.391,0.003,3
culane,culane_driver_100_30frame_05251642_0457.MP4_02400.jpg,0.608,0.975,0.587,0.463,0.004,3
culane,culane_driver_100_30frame_05251642_0457.MP4_03000.jpg,0.555,0.97,0.593,0.548,0.003,3
culane,culane_driver_100_30frame_05251642_0457.MP4_03300.jpg,0.743,1,0.661,0.585,0.007,3
culane,culane_driver_100_30frame_05251642_0457.MP4_03900.jpg,0.531,1,0.554,0.446,0.003,3
culane,culane_driver_100_30frame_05251642_0457.MP4_04200.jpg,0.496,1,0.589,0.481,0.004,3
culane,culane_driver_100_30frame_05251642_0457.MP4_04500.jpg,0.869,0.789,0.536,0.56,0.004,3
culane,culane_driver_100_30frame_05251642_0457.MP4_05100.jpg,0.507,1,0.624,0.43,0.004,3
culane,culane_driver_100_30frame_05251645_0458.MP4_00000.jpg,0.51,1,0.585,0.464,0.004,3
culane,culane_driver_100_30frame_05251645_0458.MP4_00600.jpg,0.676,0.776,0.617,0.505,0.005,3
culane,culane_driver_100_30frame_05251645_0458.MP4_00900.jpg,0.634,0.788,0.663,0.519,0.004,3
culane,culane_driver_100_30frame_05251645_0458.MP4_01200.jpg,0.338,1,0.704,0.536,0.005,3
culane,culane_driver_100_30frame_05251645_0458.MP4_01800.jpg,0.544,1,0.649,0.467,0.011,3
culane,culane_driver_100_30frame_05251645_0458.MP4_02100.jpg,0.558,1,0.731,0.565,0.006,3
culane,culane_driver_100_30frame_05251645_0458.MP4_02400.jpg,0.457,1,0.605,0.471,0.018,3
culane,culane_driver_100_30frame_05251645_0458.MP4_02700.jpg,0.433,1,0.663,0.527,0.007,3
culane,culane_driver_100_30frame_05251645_0458.MP4_03300.jpg,0.608,0.83,0.576,0.582,0.004,3
culane,culane_driver_100_30frame_05251645_0458.MP4_03600.jpg,0.51,0.841,0.506,0.541,0.003,3
culane,culane_driver_100_30frame_05251645_0458.MP4_03900.jpg,0.461,1,0.733,0.573,0.004,3
culane,culane_driver_100_30frame_05251645_0458.MP4_04800.jpg,0.54,1,0.652,0.56,0.004,3
culane,culane_driver_100_30frame_05251645_0458.MP4_05100.jpg,0.556,1,0.701,0.512,0.004,3
culane,culane_driver_100_30frame_05251700_0463.MP4_00000.jpg,0.528,0.873,0.399,0.529,0.003,4
culane,culane_driver_100_30frame_05251700_0463.MP4_00300.jpg,0.521,0.884,0.448,0.569,0.098,3
culane,culane_driver_100_30frame_05251700_0463.MP4_00600.jpg,0.484,1,0.437,0.448,0.028,3
culane,culane_driver_100_30frame_05251700_0463.MP4_00900.jpg,0.51,1,0.559,0.492,0.06,3
culane,culane_driver_100_30frame_05251700_0463.MP4_01200.jpg,0.684,0.925,0.489,0.582,0.003,2
culane,culane_driver_100_30frame_05251700_0463.MP4_02400.jpg,0.643,0.744,0.44,0.469,0.004,3
culane,culane_driver_100_30frame_05251700_0463.MP4_02700.jpg,0.669,0.757,0.408,0.544,0.004,3
culane,culane_driver_100_30frame_05251700_0463.MP4_03000.jpg,0.673,0.761,0.409,0.559,0.004,3
culane,culane_driver_100_30frame_05251700_0463.MP4_03300.jpg,0.683,0.757,0.423,0.477,0.004,3
culane,culane_driver_100_30frame_05251700_0463.MP4_04200.jpg,0.714,0.741,0.409,0.485,0.004,3
culane,culane_driver_100_30frame_05251700_0463.MP4_04500.jpg,0.649,0.743,0.438,0.565,0.004,3
culane,culane_driver_100_30frame_05251700_0463.MP4_04800.jpg,0.659,0.727,0.438,0.582,0.004,3
culane,culane_driver_100_30frame_05251700_0463.MP4_05100.jpg,0.548,0.765,0.443,0.559,0.155,2
culane,culane_driver_100_30frame_05251703_0464.MP4_00300.jpg,0.555,0.756,0.447,0.579,0.155,2
culane,culane_driver_100_30frame_05251703_0464.MP4_01500.jpg,0.509,0.709,0.443,0.589,0.155,2
culane,culane_driver_100_30frame_05251703_0464.MP4_02100.jpg,0.521,0.757,0.437,0.585,0.155,2
culane,culane_driver_100_30frame_05251703_0464.MP4_02400.jpg,0.566,0.85,0.4,0.574,0.155,2
culane,culane_driver_100_30frame_05251703_0464.MP4_02700.jpg,0.548,0.765,0.46,0.499,0.155,2
culane,culane_driver_100_30frame_05251703_0464.MP4_03600.jpg,0.521,0.781,0.453,0.546,0.155,2
culane,culane_driver_100_30frame_05251703_0464.MP4_03900.jpg,0.546,0.93,0.502,0.534,0.155,2
culane,culane_driver_100_30frame_05251703_0464.MP4_04200.jpg,0.559,0.76,0.427,0.535,0.155,2
culane,culane_driver_100_30frame_05251703_0464.MP4_04500.jpg,0.571,0.771,0.469,0.594,0.155,2
culane,culane_driver_100_30frame_05251718_0469.MP4_00000.jpg,0.411,0.93,0.684,0.5,0.012,3
culane,culane_driver_100_30frame_05251718_0469.MP4_00600.jpg,0.815,0.983,0.566,0.581,0.016,4
culane,culane_driver_100_30frame_05251718_0469.MP4_02700.jpg,0.658,0.758,0.572,0.453,0.004,3
culane,culane_driver_100_30frame_05251718_0469.MP4_03000.jpg,0.815,0.622,0.496,0.599,0.003,3
culane,culane_driver_100_30frame_05251718_0469.MP4_03300.jpg,0.931,0.447,0.393,0.587,0.003,3
culane,culane_driver_100_30frame_05251718_0469.MP4_03600.jpg,0.65,0.919,0.363,0.533,0.003,3
culane,culane_driver_100_30frame_05251718_0469.MP4_03900.jpg,0.604,1,0.459,0.513,0.004,3
culane,culane_driver_100_30frame_05251718_0469.MP4_04200.jpg,0.648,0.938,0.401,0.556,0.004,3
culane,culane_driver_100_30frame_05251718_0469.MP4_04800.jpg,0.647,0.843,0.447,0.49,0.004,3
culane,culane_driver_100_30frame_05251718_0469.MP4_05100.jpg,0.664,0.683,0.505,0.55,0.004,3
culane,culane_driver_100_30frame_05251721_0470.MP4_01500.jpg,0.738,1,0.463,0.569,0.21,2
culane,culane_driver_100_30frame_05251721_0470.MP4_01800.jpg,0.75,1,0.466,0.561,0.21,2
culane,culane_driver_100_30frame_05251721_0470.MP4_02100.jpg,0.752,0.739,0.497,0.493,0.01,3
culane,culane_driver_100_30frame_05251721_0470.MP4_02400.jpg,,,,,NA,
culane,culane_driver_100_30frame_05251721_0470.MP4_02700.jpg,0.526,0.754,0.524,0.6,0.004,3
culane,culane_driver_100_30frame_05251721_0470.MP4_03000.jpg,0.884,0.591,0.439,0.528,0.003,3
culane,culane_driver_100_30frame_05251721_0470.MP4_04200.jpg,0.812,0.812,0.631,0.518,0.015,3
culane,culane_driver_100_30frame_05251721_0470.MP4_05100.jpg,0.785,1,0.567,0.467,0.012,4
culane,culane_driver_100_30frame_05251736_0475.MP4_00000.jpg,0.742,0.618,0.47,0.562,0.004,3
culane,culane_driver_100_30frame_05251736_0475.MP4_00300.jpg,0.601,0.767,0.61,0.576,0.003,3
culane,culane_driver_100_30frame_05251736_0475.MP4_00600.jpg,0.429,1,0.653,0.646,0.004,3
culane,culane_driver_100_30frame_05251736_0475.MP4_00900.jpg,0.455,0.973,0.618,0.599,0.004,3
culane,culane_driver_100_30frame_05251736_0475.MP4_01200.jpg,0.683,0.888,0.545,0.488,0.004,3
culane,culane_driver_100_30frame_05251736_0475.MP4_02100.jpg,,,,,NA,
culane,culane_driver_100_30frame_05251736_0475.MP4_02400.jpg,0.655,0.658,0.598,0.526,0.02,4
culane,culane_driver_100_30frame_05251736_0475.MP4_02700.jpg,0.761,0.664,0.667,0.588,0.021,3
culane,culane_driver_100_30frame_05251736_0475.MP4_03000.jpg,0.796,0.591,0.641,0.566,0.217,2
culane,culane_driver_100_30frame_05251736_0475.MP4_04200.jpg,0.427,0.664,0.28,0.531,0.003,2
culane,culane_driver_100_30frame_05251736_0475.MP4_04500.jpg,0.464,0.751,0.456,0.535,0.003,2
culane,culane_driver_100_30frame_05251736_0475.MP4_05100.jpg,0.5,0.691,0.134,0.556,0.003,2
culane,culane_driver_100_30frame_05251739_0476.MP4_00600.jpg,0.535,0.625,0,0.729,0.004,2
culane,culane_driver_100_30frame_05251739_0476.MP4_00900.jpg,,,,,NA,
culane,culane_driver_100_30frame_05251739_0476.MP4_01500.jpg,0.581,0.658,0.261,0.586,0.003,2
culane,culane_driver_100_30frame_05251739_0476.MP4_02100.jpg,0.43,0.612,0.478,0.568,0.005,4
culane,culane_driver_100_30frame_05251739_0476.MP4_02400.jpg,0.481,0.708,0.363,0.593,0.005,4
culane,culane_driver_100_30frame_05251739_0476.MP4_03300.jpg,0.577,0.969,0.598,0.518,0.004,4
culane,culane_driver_100_30frame_05251739_0476.MP4_03600.jpg,0.546,0.906,0.497,0.52,0.004,4
culane,culane_driver_100_30frame_05251739_0476.MP4_03900.jpg,0.605,0.81,0.469,0.581,0.004,4
culane,culane_driver_100_30frame_05251754_0481.MP4_00000.jpg,0.576,0.596,0,0.593,0.003,2
culane,culane_driver_100_30frame_05251754_0481.MP4_00300.jpg,0.524,0.69,0.275,0.677,0.003,2
culane,culane_driver_100_30frame_05251754_0481.MP4_00600.jpg,0.533,0.584,0.05,0.631,0.003,2
culane,culane_driver_100_30frame_05251754_0481.MP4_00900.jpg,0.629,0.678,0.062,0.572,0.003,2
culane,culane_driver_100_30frame_05251754_0481.MP4_01200.jpg,0.416,0.702,0.313,0.594,0.002,2
culane,culane_driver_100_30frame_05251754_0481.MP4_01500.jpg,0.565,0.716,0.17,0.557,0.002,2
culane,culane_driver_100_30frame_05251754_0481.MP4_01800.jpg,0.492,0.805,0.371,0.582,0.006,3
culane,culane_driver_100_30frame_05251754_0481.MP4_02700.jpg,0.472,0.942,0.546,0.544,0.007,4
culane,culane_driver_100_30frame_05251754_0481.MP4_04200.jpg,0.663,0.554,0.242,0.59,0.004,4
culane,culane_driver_100_30frame_05251754_0481.MP4_04500.jpg,0.566,0.804,0.626,0.551,0.082,3
culane,culane_driver_100_30frame_05251754_0481.MP4_04800.jpg,0.477,0.821,0.576,0.492,0.067,3
culane,culane_driver_100_30frame_05251754_0481.MP4_05100.jpg,0.547,1,0.656,0.529,0.276,2
culane,culane_driver_100_30frame_05251757_0482.MP4_00000.jpg,,,,,NA,
culane,culane_driver_100_30frame_05251757_0482.MP4_00300.jpg,0.559,0.871,0.374,0.574,0.004,3
culane,culane_driver_100_30frame_05251757_0482.MP4_00600.jpg,0.684,0.619,0.191,0.589,0.003,2
culane,culane_driver_100_30frame_05251757_0482.MP4_00900.jpg,,,,,NA,
culane,culane_driver_100_30frame_05251757_0482.MP4_01500.jpg,0.544,0.707,0.701,0.531,0.005,4
culane,culane_driver_100_30frame_05251757_0482.MP4_01800.jpg,0.562,0.954,0.543,0.553,0.006,4
culane,culane_driver_100_30frame_05251757_0482.MP4_02700.jpg,,,,,NA,
culane,culane_driver_100_30frame_05251757_0482.MP4_03300.jpg,0.419,0.605,0.597,0.705,0.004,3
culane,culane_driver_100_30frame_05251757_0482.MP4_03600.jpg,0.654,0.982,0.629,0.545,0.009,4
culane,culane_driver_100_30frame_05251757_0482.MP4_03900.jpg,0.608,0.924,0.5,0.523,0.015,4
culane,culane_driver_100_30frame_05251757_0482.MP4_04200.jpg,0.556,1,0.502,0.523,0.015,4
culane,culane_driver_100_30frame_05251757_0482.MP4_04800.jpg,0.533,0.944,0.439,0.637,0.015,4
culane,culane_driver_100_30frame_05251757_0482.MP4_05100.jpg,0.5,0.941,0.454,0.648,0.015,4
culane,culane_driver_100_30frame_05251910_0487.MP4_00000.jpg,0.635,0.754,0.525,0.545,0.249,1
culane,culane_driver_100_30frame_05251910_0487.MP4_00300.jpg,0.491,0.924,0.731,0.566,0.014,4
culane,culane_driver_100_30frame_05251910_0487.MP4_01200.jpg,0.757,0.661,0.576,0.587,0.016,4
culane,culane_driver_100_30frame_05251910_0487.MP4_01500.jpg,0.719,0.667,0.507,0.568,0.004,4
culane,culane_driver_100_30frame_05251910_0487.MP4_01800.jpg,0.607,0.664,0.366,0.624,0.116,3
culane,culane_driver_100_30frame_05251910_0487.MP4_03000.jpg,0.449,0.66,0.48,0.516,0.044,3
culane,culane_driver_100_30frame_05251910_0487.MP4_03300.jpg,0.472,0.779,0.485,0.486,0.087,3
culane,culane_driver_100_30frame_05251910_0487.MP4_03600.jpg,0.546,0.802,0.458,0.535,0.039,3
culane,culane_driver_100_30frame_05251910_0487.MP4_03900.jpg,0.736,0.842,0.517,0.452,0.008,3
culane,culane_driver_100_30frame_05251910_0487.MP4_04800.jpg,0.219,1,0.797,0.416,0.004,3
culane,culane_driver_100_30frame_05251910_0487.MP4_05100.jpg,0.5,1,0.43,0.541,0.004,3
culane,culane_driver_100_30frame_05251913_0488.MP4_00000.jpg,0.552,0.891,0.596,0.505,0.014,3
culane,culane_driver_100_30frame_05251913_0488.MP4_00600.jpg,0.5,0.89,0.479,0.432,0.008,3
culane,culane_driver_100_30frame_05251913_0488.MP4_00900.jpg,0.478,0.54,0.446,0.579,0.055,3
culane,culane_driver_100_30frame_05251913_0488.MP4_01200.jpg,0.557,0.575,0.344,0.54,0.015,2
culane,culane_driver_100_30frame_05251913_0488.MP4_02100.jpg,0.632,0.84,0.621,0.5,0.047,2
culane,culane_driver_100_30frame_05251913_0488.MP4_03300.jpg,0.567,0.663,0.588,0.472,0.007,4
culane,culane_driver_100_30frame_05251913_0488.MP4_04800.jpg,0.64,0.7,0.494,0.554,0.153,3
culane,culane_driver_100_30frame_05251913_0488.MP4_05100.jpg,0.698,0.617,0.604,0.494,0.129,3
culane,culane_driver_100_30frame_05251928_0493.MP4_00000.jpg,,,,,NA,
culane,culane_driver_100_30frame_05251928_0493.MP4_00600.jpg,0.48,0.744,0.681,0.667,0.005,4
culane,culane_driver_100_30frame_05251928_0493.MP4_01200.jpg,0.319,0.654,0.525,0.64,0.002,3
culane,culane_driver_100_30frame_05251928_0493.MP4_02100.jpg,0.457,0.65,0.507,0.614,0.005,3
culane,culane_driver_100_30frame_05251928_0493.MP4_02400.jpg,0.309,1,0.41,0.69,0.003,3
culane,culane_driver_100_30frame_05251928_0493.MP4_02700.jpg,0.389,0.633,0.55,0.7,0.004,4
culane,culane_driver_100_30frame_05251928_0493.MP4_03000.jpg,0.494,0.769,0.263,0.62,0.005,4
culane,culane_driver_100_30frame_05251928_0493.MP4_03600.jpg,,,,,NA,
culane,culane_driver_100_30frame_05251928_0493.MP4_04200.jpg,0.233,1,0.706,0.518,0.004,4
culane,culane_driver_100_30frame_05251928_0493.MP4_04500.jpg,0.299,1,0.679,0.64,0.004,4
culane,culane_driver_100_30frame_05251928_0493.MP4_04800.jpg,0.471,1,0.676,0.474,0.038,3
culane,culane_driver_100_30frame_05251931_0494.MP4_00600.jpg,0.31,0.947,0.38,0.698,0.003,3
culane,culane_driver_100_30frame_05251931_0494.MP4_00900.jpg,0.362,0.827,0.698,0.449,0.003,3
culane,culane_driver_100_30frame_05251931_0494.MP4_01800.jpg,0.432,0.749,0.522,0.646,0.161,2
culane,culane_driver_100_30frame_05251931_0494.MP4_02100.jpg,,,,,NA,
culane,culane_driver_100_30frame_05251931_0494.MP4_03000.jpg,0.235,0.398,0.388,0.72,0.004,4
culane,culane_driver_100_30frame_05251931_0494.MP4_03300.jpg,0.282,0.929,0.576,0.629,0.013,3
culane,culane_driver_100_30frame_05251931_0494.MP4_04500.jpg,0.355,1,0.814,0.748,0.028,2
culane,culane_driver_100_30frame_05251931_0494.MP4_04800.jpg,0.595,0.788,0.535,0.649,0.049,2
culane,culane_driver_100_30frame_05251947_0499.MP4_00000.jpg,0.316,1,0.537,0.606,0.004,4
culane,culane_driver_100_30frame_05251947_0499.MP4_00300.jpg,0.398,1,0.666,0.542,0.007,4
culane,culane_driver_100_30frame_05251947_0499.MP4_00600.jpg,0.403,1,0.606,0.543,0.016,3
culane,culane_driver_100_30frame_05251947_0499.MP4_01500.jpg,0.354,1,0.671,0.645,0.007,3
culane,culane_driver_100_30frame_05251947_0499.MP4_01800.jpg,0.336,1,0.642,0.528,0.021,3
culane,culane_driver_100_30frame_05251947_0499.MP4_02400.jpg,0.407,1,0.751,0.519,0.12,3
culane,culane_driver_100_30frame_05251947_0499.MP4_02700.jpg,0.274,1,0.752,0.636,0.005,4
culane,culane_driver_100_30frame_05251947_0499.MP4_04200.jpg,0.257,0.76,0.318,0.66,0.015,3
culane,culane_driver_100_30frame_05251950_0500.MP4_00000.jpg,0.508,1,0.56,0.547,0.143,3
culane,culane_driver_100_30frame_05251950_0500.MP4_00300.jpg,0.584,1,0.726,0.624,0.216,1
culane,culane_driver_100_30frame_05251950_0500.MP4_00600.jpg,0.363,1,0.591,0.525,0.027,4
culane,culane_driver_100_30frame_05251950_0500.MP4_01500.jpg,0.404,1,0.752,0.519,0.095,3
culane,culane_driver_100_30frame_05251950_0500.MP4_02400.jpg,,,,,NA,
culane,culane_driver_100_30frame_05251950_0500.MP4_02700.jpg,0.181,1,0.842,0.582,0.003,3
culane,culane_driver_100_30frame_05251950_0500.MP4_03000.jpg,0.333,1,0.728,0.648,0.003,3
culane,culane_driver_100_30frame_05251950_0500.MP4_03300.jpg,0.359,1,0.73,0.664,0.455,2
culane,culane_driver_100_30frame_05251950_0500.MP4_03900.jpg,0.399,1,0.752,0.589,0.004,3
culane,culane_driver_100_30frame_05251950_0500.MP4_04800.jpg,0.541,0.983,0.385,0.6,0.004,4
culane,culane_driver_100_30frame_05251950_0500.MP4_05100.jpg,0.537,1,0.57,0.642,0.005,4
culane,culane_driver_100_30frame_05252005_0505.MP4_00000.jpg,0.36,1,0.332,0.75,0.016,2
culane,culane_driver_100_30frame_05252005_0505.MP4_00600.jpg,0.265,1,0.271,0.705,0.003,2
culane,culane_driver_100_30frame_05252005_0505.MP4_01200.jpg,0.255,1,0.57,0.69,0.004,2
culane,culane_driver_100_30frame_05252005_0505.MP4_01800.jpg,0.533,0.903,0.512,0.666,0.132,2
culane,culane_driver_100_30frame_05252005_0505.MP4_02100.jpg,0.318,1,0.739,0.598,0.138,3
culane,culane_driver_100_30frame_05252005_0505.MP4_02400.jpg,0.338,1,0.382,0.631,0.003,3
culane,culane_driver_100_30frame_05252005_0505.MP4_02700.jpg,0.398,1,0.489,0.665,0.004,3
culane,culane_driver_100_30frame_05252005_0505.MP4_03000.jpg,0.342,1,0.499,0.584,0.003,3
culane,culane_driver_100_30frame_05252005_0505.MP4_03900.jpg,0.283,1,0.577,0.695,0.003,4
culane,culane_driver_100_30frame_05252005_0505.MP4_04200.jpg,0.378,1,0.47,0.611,0.004,4
culane,culane_driver_100_30frame_05252005_0505.MP4_05100.jpg,0.477,1,0.472,0.546,0.01,4
culane,culane_driver_100_30frame_05252008_0506.MP4_00300.jpg,0.258,1,0.516,0.633,0.042,2
culane,culane_driver_100_30frame_05252008_0506.MP4_00600.jpg,0.177,1,0.565,0.67,0.042,2
culane,culane_driver_100_30frame_05252008_0506.MP4_00900.jpg,0.213,1,0.561,0.744,0.042,2
culane,culane_driver_100_30frame_05252008_0506.MP4_01500.jpg,,,,,NA,
culane,culane_driver_100_30frame_05252008_0506.MP4_03000.jpg,0.265,1,0.544,0.462,0.004,4
culane,culane_driver_100_30frame_05252008_0506.MP4_03600.jpg,0.415,1,0.411,0.559,0.004,4
culane,culane_driver_100_30frame_05252008_0506.MP4_03900.jpg,0.444,1,0.565,0.578,0.005,4
culane,culane_driver_100_30frame_05252008_0506.MP4_04500.jpg,0.204,1,0.782,0.603,0.004,4
culane,culane_driver_100_30frame_05252008_0506.MP4_04800.jpg,0.326,1,0.403,0.688,0.003,4
culane,culane_driver_100_30frame_05252023_0511.MP4_00300.jpg,0.233,1,0.555,0.665,0.004,4
culane,culane_driver_100_30frame_05252023_0511.MP4_00600.jpg,0.568,1,0.381,0.533,0.003,3
culane,culane_driver_100_30frame_05252023_0511.MP4_00900.jpg,0.561,1,0.496,0.579,0.003,3
culane,culane_driver_100_30frame_05252023_0511.MP4_01500.jpg,0.387,1,0.69,0.708,0.012,4
culane,culane_driver_100_30frame_05252023_0511.MP4_01800.jpg,0.508,0.958,0.433,0.536,0.073,4
culane,culane_driver_100_30frame_05252023_0511.MP4_02100.jpg,0.569,1,0.451,0.657,0.003,4
culane,culane_driver_100_30frame_05252023_0511.MP4_02700.jpg,0.431,1,0.78,0.457,0.003,4
culane,culane_driver_100_30frame_05252023_0511.MP4_03300.jpg,0.44,1,0.756,0.416,0.003,4
culane,culane_driver_100_30frame_05252023_0511.MP4_03600.jpg,0.614,1,0.522,0.602,0.004,4
culane,culane_driver_100_30frame_05252023_0511.MP4_04200.jpg,0.414,1,0.646,0.609,0.005,4
culane,culane_driver_100_30frame_05252023_0511.MP4_04800.jpg,0.49,1,0.514,0.6,0.003,3
culane,culane_driver_100_30frame_05252023_0511.MP4_05100.jpg,0.367,0.989,0.567,0.564,0.003,3
culane,culane_driver_100_30frame_05252026_0512.MP4_00000.jpg,0.466,1,0.54,0.59,0.003,3
culane,culane_driver_100_30frame_05252026_0512.MP4_00600.jpg,0.585,0.956,0.408,0.597,0.136,3
culane,culane_driver_100_30frame_05252026_0512.MP4_01200.jpg,0.576,1,0.527,0.572,0.005,3
culane,culane_driver_100_30frame_05252026_0512.MP4_01500.jpg,0.299,1,0.817,0.621,0.004,3
culane,culane_driver_100_30frame_05252026_0512.MP4_01800.jpg,0.359,1,0.532,0.576,0.003,3
culane,culane_driver_100_30frame_05252026_0512.MP4_02400.jpg,0.447,1,0.3,0.595,0.02,3
culane,culane_driver_100_30frame_05252026_0512.MP4_02700.jpg,0.373,1,0.624,0.688,0.004,3
culane,culane_driver_100_30frame_05252026_0512.MP4_03300.jpg,0.368,1,0.706,0.72,0.008,4
culane,culane_driver_100_30frame_05252026_0512.MP4_04800.jpg,0.436,1,0.528,0.598,0.115,3
culane,culane_driver_100_30frame_05252026_0512.MP4_05100.jpg,0.299,0.936,0.393,0.683,0.004,3
culane,culane_driver_100_30frame_05252041_0517.MP4_00000.jpg,0.338,1,0.303,0.544,0.004,4
culane,culane_driver_100_30frame_05252041_0517.MP4_00300.jpg,0.393,1,0.468,0.602,0.004,4
culane,culane_driver_100_30frame_05252041_0517.MP4_02100.jpg,0.302,1,0.66,0.496,0.004,4
culane,culane_driver_100_30frame_05252041_0517.MP4_02700.jpg,0.303,1,0.739,0.563,0.004,4
culane,culane_driver_100_30frame_05252041_0517.MP4_03300.jpg,0.278,1,0.561,0.628,0.003,4
culane,culane_driver_100_30frame_05252041_0517.MP4_03600.jpg,0.332,1,0.656,0.51,0.003,4
culane,culane_driver_100_30frame_05252041_0517.MP4_03900.jpg,,,,,NA,
culane,culane_driver_100_30frame_05252041_0517.MP4_04200.jpg,0.385,1,0.51,0.598,0.005,3
culane,culane_driver_100_30frame_05252041_0517.MP4_04500.jpg,0.382,1,0.628,0.678,0.005,3
culane,culane_driver_100_30frame_05252041_0517.MP4_04800.jpg,0.342,1,0.334,0.702,0.003,4
culane,culane_driver_100_30frame_05252044_0518.MP4_00600.jpg,0.246,1,0.37,0.568,0.004,4
culane,culane_driver_100_30frame_05252044_0518.MP4_00900.jpg,0.282,1,0.713,0.582,0.003,4
culane,culane_driver_100_30frame_05252044_0518.MP4_01200.jpg,0.25,1,0.701,0.658,0.118,3
culane,culane_driver_100_30frame_05252044_0518.MP4_01500.jpg,0.322,1,0.765,0.604,0.004,4
culane,culane_driver_100_30frame_05252044_0518.MP4_01800.jpg,0.191,1,0.543,0.616,0.004,4
culane,culane_driver_100_30frame_05252044_0518.MP4_02100.jpg,,,,,NA,
culane,culane_driver_100_30frame_05252044_0518.MP4_02400.jpg,,,,,NA,
culane,culane_driver_100_30frame_05252044_0518.MP4_03600.jpg,0.379,1,0.596,0.576,0.004,3
culane,culane_driver_100_30frame_05252044_0518.MP4_03900.jpg,0.236,1,0.733,0.579,0.004,3
culane,culane_driver_100_30frame_05252044_0518.MP4_04200.jpg,0.281,1,0.451,0.603,0.089,3
culane,culane_driver_100_30frame_05252044_0518.MP4_04500.jpg,0.283,1,0.767,0.554,0.003,4
culane,culane_driver_100_30frame_05252044_0518.MP4_05100.jpg,0.326,1,0.498,0.629,0.004,3
culane,culane_driver_100_30frame_05252120_0524.MP4_00000.jpg,0.507,0.82,0.03,0.65,0.004,3
culane,culane_driver_100_30frame_05252120_0524.MP4_00600.jpg,0.582,0.727,0.146,0.664,0.004,3
culane,culane_driver_100_30frame_05252210_0529.MP4_00000.jpg,0.582,0.872,0.369,0.572,0.017,4
culane,culane_driver_100_30frame_05252210_0529.MP4_00900.jpg,0.283,1,0.687,0.497,0.004,4
culane,culane_driver_100_30frame_05252210_0529.MP4_02400.jpg,0.903,0.747,0.437,0.649,0.173,3
culane,culane_driver_100_30frame_05252210_0529.MP4_03000.jpg,0.5,1,0.404,0.56,0.014,3
culane,culane_driver_100_30frame_05252210_0529.MP4_03300.jpg,0.376,1,0.707,0.593,0.004,3
culane,culane_driver_100_30frame_05252210_0529.MP4_03600.jpg,0.322,1,0.516,0.52,0.004,3
culane,culane_driver_100_30frame_05252210_0529.MP4_04200.jpg,0.434,1,0.587,0.588,0.004,3
culane,culane_driver_100_30frame_05252213_0530.MP4_00000.jpg,0.5,1,0.499,0.598,0.003,3
culane,culane_driver_100_30frame_05252213_0530.MP4_00900.jpg,0.439,1,0.678,0.582,0.023,3
culane,culane_driver_100_30frame_05252213_0530.MP4_02400.jpg,0.535,0.998,0.433,0.628,0.232,2
culane,culane_driver_100_30frame_05252213_0530.MP4_03300.jpg,0.34,1,0.546,0.655,0.022,4
culane,culane_driver_100_30frame_05252213_0530.MP4_03600.jpg,0.47,0.952,0.617,0.629,0.012,3
culane,culane_driver_100_30frame_05252213_0530.MP4_04200.jpg,0.492,1,0.356,0.552,0.162,2
culane,culane_driver_100_30frame_05252213_0530.MP4_04500.jpg,0.468,1,0.448,0.552,0.012,3
culane,culane_driver_100_30frame_05252213_0530.MP4_04800.jpg,0.423,1,0.438,0.577,0.002,3
culane,culane_driver_100_30frame_05252213_0530.MP4_05100.jpg,0.404,1,0.756,0.55,0.136,2
culane,culane_driver_100_30frame_05252228_0535.MP4_00600.jpg,0.587,1,0.571,0.601,0.012,3
culane,culane_driver_100_30frame_05252228_0535.MP4_00900.jpg,0.432,1,0.709,0.582,0.003,3
culane,culane_driver_100_30frame_05252228_0535.MP4_02100.jpg,0.418,1,0.694,0.566,0.003,3
culane,culane_driver_100_30frame_05252228_0535.MP4_02400.jpg,0.414,1,0.698,0.435,0.109,3
culane,culane_driver_100_30frame_05252228_0535.MP4_02700.jpg,0.473,1,0.462,0.611,0.006,4
culane,culane_driver_100_30frame_05252228_0535.MP4_03000.jpg,0.429,1,0.675,0.502,0.003,3
culane,culane_driver_100_30frame_05252228_0535.MP4_04200.jpg,0.503,1,0.327,0.602,0.003,3
culane,culane_driver_100_30frame_05252228_0535.MP4_04800.jpg,0.306,1,0.569,0.635,0.026,4
culane,culane_driver_100_30frame_05252228_0535.MP4_05100.jpg,0.458,1,0.632,0.667,0.137,3
culane,culane_driver_100_30frame_05252231_0536.MP4_00000.jpg,0.463,1,0.413,0.629,0.132,3
culane,culane_driver_100_30frame_05252231_0536.MP4_00300.jpg,0.55,0.933,0.513,0.546,0.134,3
culane,culane_driver_100_30frame_05252231_0536.MP4_01200.jpg,0.543,1,0.433,0.63,0.092,2
culane,culane_driver_100_30frame_05252231_0536.MP4_01800.jpg,0.48,1,0.445,0.619,0.173,2
culane,culane_driver_100_30frame_05252231_0536.MP4_02700.jpg,0.535,0.654,0.44,0.604,0.11,2
culane,culane_driver_100_30frame_05252231_0536.MP4_03000.jpg,0.447,1,0.36,0.605,0.013,3
culane,culane_driver_100_30frame_05252231_0536.MP4_04200.jpg,0.391,1,0.493,0.661,0.013,3
culane,culane_driver_100_30frame_05252231_0536.MP4_04500.jpg,0.415,1,0.514,0.728,0.004,3
culane,culane_driver_100_30frame_05252231_0536.MP4_05100.jpg,0.405,1,0.549,0.519,0.003,3
culane,culane_driver_100_30frame_05252246_0541.MP4_00000.jpg,0.474,0.841,0.245,0.722,0.003,2
culane,culane_driver_100_30frame_05252246_0541.MP4_00600.jpg,0.409,1,0.376,0.675,0.005,1
culane,culane_driver_100_30frame_05252246_0541.MP4_00900.jpg,0.518,0.759,0.202,0.686,0.009,2
culane,culane_driver_100_30frame_05252246_0541.MP4_01800.jpg,0.321,1,0.504,0.571,0.004,4
culane,culane_driver_100_30frame_05252246_0541.MP4_03300.jpg,0.41,1,0.608,0.565,0.451,1
culane,culane_driver_100_30frame_05252246_0541.MP4_03600.jpg,0.464,1,0.345,0.507,0.004,3
culane,culane_driver_100_30frame_05252246_0541.MP4_04200.jpg,,,,,NA,
culane,culane_driver_100_30frame_05252246_0541.MP4_04500.jpg,0.321,1,0.5,0.67,0.003,3
culane,culane_driver_100_30frame_05252249_0542.MP4_00000.jpg,0.427,1,0.506,0.581,0.003,3
culane,culane_driver_100_30frame_05252249_0542.MP4_00300.jpg,0.315,1,0.751,0.563,0.346,2
culane,culane_driver_100_30frame_05252249_0542.MP4_00600.jpg,0.483,1,0.36,0.556,0.004,3
culane,culane_driver_100_30frame_05252249_0542.MP4_01200.jpg,0.369,1,0.442,0.547,0.151,2
culane,culane_driver_100_30frame_05252249_0542.MP4_01500.jpg,0.407,1,0.549,0.631,0.002,3
culane,culane_driver_100_30frame_05252249_0542.MP4_01800.jpg,0.629,0.683,0.28,0.662,0.012,3
culane,culane_driver_100_30frame_05252249_0542.MP4_02100.jpg,0.427,1,0.514,0.682,0.003,3
culane,culane_driver_100_30frame_05252249_0542.MP4_02700.jpg,0.348,1,0.659,0.58,0.035,3
culane,culane_driver_100_30frame_05252249_0542.MP4_03000.jpg,0.624,1,0.422,0.619,0.196,2
culane,culane_driver_100_30frame_05252249_0542.MP4_03300.jpg,0.43,1,0.506,0.613,0.035,3
culane,culane_driver_100_30frame_05252249_0542.MP4_03900.jpg,0.435,1,0.637,0.546,0.006,3
culane,culane_driver_100_30frame_05252249_0542.MP4_04800.jpg,0.462,1,0.384,0.602,0.016,3
culane,culane_driver_100_30frame_05252249_0542.MP4_05100.jpg,0.351,1,0.675,0.519,0.004,3
culane,culane_driver_100_30frame_05252304_0547.MP4_00000.jpg,0.456,1,0.392,0.624,0.015,3
culane,culane_driver_100_30frame_05252304_0547.MP4_00300.jpg,0.463,1,0.594,0.669,0.004,4
culane,culane_driver_100_30frame_05252304_0547.MP4_01500.jpg,0.534,1,0.511,0.587,0.008,4
culane,culane_driver_100_30frame_05252304_0547.MP4_01800.jpg,,,,,NA,
culane,culane_driver_100_30frame_05252304_0547.MP4_03600.jpg,0.533,1,0.531,0.495,0.131,3
culane,culane_driver_100_30frame_05252304_0547.MP4_03900.jpg,0.399,1,0.605,0.467,0.005,4
culane,culane_driver_100_30frame_05252304_0547.MP4_04500.jpg,,,,,NA,
culane,culane_driver_100_30frame_05252304_0547.MP4_05100.jpg,0.48,1,0.686,0.607,0.104,3
culane,culane_driver_100_30frame_05252307_0548.MP4_00300.jpg,0.175,1,0.81,0.665,0.004,4
culane,culane_driver_100_30frame_05252307_0548.MP4_00600.jpg,0.188,1,0.765,0.62,0.004,4
culane,culane_driver_100_30frame_05252307_0548.MP4_00900.jpg,0.187,1,0.793,0.64,0.004,4
culane,culane_driver_100_30frame_05252307_0548.MP4_01500.jpg,0.187,1,0.786,0.603,0.004,4
culane,culane_driver_100_30frame_05252307_0548.MP4_01800.jpg,0.18,1,0.734,0.752,0.004,4
culane,culane_driver_100_30frame_05252307_0548.MP4_02100.jpg,0.18,1,0.798,0.615,0.004,4
culane,culane_driver_100_30frame_05252307_0548.MP4_02400.jpg,0.187,1,0.734,0.684,0.004,4
culane,culane_driver_100_30frame_05252307_0548.MP4_03300.jpg,0.369,1,0.717,0.689,0.477,2
culane,culane_driver_100_30frame_05252307_0548.MP4_03600.jpg,0.447,1,0.429,0.589,0.236,2
culane,culane_driver_100_30frame_05252307_0548.MP4_03900.jpg,0.45,1,0.593,0.675,0.431,2
culane,culane_driver_100_30frame_05252322_0553.MP4_00000.jpg,0.453,1,0.427,0.646,0.241,1
culane,culane_driver_100_30frame_05252322_0553.MP4_00300.jpg,0.451,1,0.554,0.629,0.4,2
culane,culane_driver_100_30frame_05252322_0553.MP4_00600.jpg,0.419,1,0.328,0.639,0.173,1
culane,culane_driver_100_30frame_05252322_0553.MP4_00900.jpg,0.317,1,0.619,0.636,0.014,4
culane,culane_driver_100_30frame_05252322_0553.MP4_01200.jpg,0.522,1,0.417,0.61,0.137,3
culane,culane_driver_100_30frame_05252322_0553.MP4_01500.jpg,0.53,0.964,0.576,0.568,0.117,3
culane,culane_driver_100_30frame_05252322_0553.MP4_02100.jpg,0.628,0.809,0.561,0.648,0.182,1
culane,culane_driver_100_30frame_05252322_0553.MP4_02400.jpg,0.527,0.687,0.418,0.637,0.122,3
culane,culane_driver_100_30frame_05252322_0553.MP4_02700.jpg,0.447,1,0.714,0.507,0.004,2
culane,culane_driver_100_30frame_05252322_0553.MP4_03000.jpg,0.387,1,0.489,0.622,0.004,3
culane,culane_driver_100_30frame_05252322_0553.MP4_03300.jpg,0.673,0.946,0.623,0.612,0.571,1
culane,culane_driver_100_30frame_05252322_0553.MP4_04200.jpg,0.447,1,0.332,0.609,0.018,3
culane,culane_driver_100_30frame_05252322_0553.MP4_04800.jpg,0.372,1,0.498,0.569,0.004,2
culane,culane_driver_100_30frame_05252322_0553.MP4_05100.jpg,0.385,1,0.613,0.576,0.566,1
culane,culane_driver_100_30frame_05252325_0554.MP4_00300.jpg,0.358,1,0.68,0.64,0.233,1
culane,culane_driver_100_30frame_05252325_0554.MP4_00900.jpg,0.475,1,0.591,0.593,0.125,3
culane,culane_driver_100_30frame_05252325_0554.MP4_01200.jpg,0.452,1,0.498,0.653,0.009,4
culane,culane_driver_100_30frame_05252325_0554.MP4_01800.jpg,0.406,1,0.517,0.676,0.003,3
culane,culane_driver_100_30frame_05252325_0554.MP4_02100.jpg,0.549,1,0.577,0.672,0.007,3
culane,culane_driver_100_30frame_05252325_0554.MP4_02700.jpg,0.469,1,0.691,0.541,0.167,2
culane,culane_driver_100_30frame_05252325_0554.MP4_03000.jpg,0.423,1,0.438,0.602,0.007,4
culane,culane_driver_100_30frame_05252325_0554.MP4_03600.jpg,0.444,1,0.578,0.575,0.138,1
culane,culane_driver_100_30frame_05252325_0554.MP4_03900.jpg,0.38,1,0.533,0.631,0.125,3
culane,culane_driver_100_30frame_05252325_0554.MP4_04200.jpg,0.376,1,0.29,0.57,0.121,3
culane,culane_driver_100_30frame_05252325_0554.MP4_04500.jpg,0.452,1,0.54,0.518,0.156,3
culane,culane_driver_100_30frame_05252325_0554.MP4_04800.jpg,0.562,1,0.478,0.541,0.383,1
culane,culane_driver_100_30frame_05252340_0559.MP4_00300.jpg,0.457,1,0.542,0.642,0.02,4
culane,culane_driver_100_30frame_05252340_0559.MP4_00600.jpg,0.351,1,0.409,0.542,0.003,3
culane,culane_driver_100_30frame_05252340_0559.MP4_00900.jpg,0.375,1,0.573,0.546,0.006,3
culane,culane_driver_100_30frame_05252340_0559.MP4_01200.jpg,0.348,1,0.401,0.659,0.007,3
culane,culane_driver_100_30frame_05252340_0559.MP4_01500.jpg,0.372,1,0.403,0.621,0.003,3
culane,culane_driver_100_30frame_05252340_0559.MP4_03000.jpg,0.385,1,0.629,0.568,0.014,2
culane,culane_driver_100_30frame_05252340_0559.MP4_03600.jpg,0.572,1,0.356,0.634,0.004,3
culane,culane_driver_100_30frame_05252340_0559.MP4_04800.jpg,0.289,1,0.535,0.607,0.265,2
culane,culane_driver_100_30frame_05252340_0559.MP4_05100.jpg,0.389,1,0.408,0.722,0.393,1
culane,culane_driver_100_30frame_05252343_0560.MP4_00000.jpg,0.365,1,0.511,0.578,0.088,1
culane,culane_driver_100_30frame_05252343_0560.MP4_00300.jpg,0.894,1,0.724,0.717,0.446,2
culane,culane_driver_100_30frame_05252343_0560.MP4_00600.jpg,0.545,0.858,0.314,0.63,0.119,1
culane,culane_driver_100_30frame_05252343_0560.MP4_02400.jpg,0.51,1,0.562,0.561,0.518,1
culane,culane_driver_100_30frame_05252343_0560.MP4_03000.jpg,0.435,1,0.558,0.652,0.183,2
culane,culane_driver_100_30frame_05252343_0560.MP4_03600.jpg,0.543,0.924,0.277,0.653,0.022,3
culane,culane_driver_100_30frame_05252343_0560.MP4_03900.jpg,0.492,0.919,0.519,0.613,0.356,1
culane,culane_driver_100_30frame_05252343_0560.MP4_04200.jpg,0.338,1,0.266,0.671,0.05,3
culane,culane_driver_100_30frame_05252343_0560.MP4_04500.jpg,0.104,1,0.887,0.907,0.005,4
culane,culane_driver_100_30frame_05252343_0560.MP4_04800.jpg,,,,,NA,
culane,culane_driver_100_30frame_05252343_0560.MP4_05100.jpg,0.449,1,0.526,0.657,0.017,3
culane,culane_driver_100_30frame_05252358_0565.MP4_00000.jpg,0.405,1,0.627,0.525,0.003,4
culane,culane_driver_100_30frame_05252358_0565.MP4_00600.jpg,0.417,1,0.628,0.572,0.003,4
culane,culane_driver_100_30frame_05252358_0565.MP4_00900.jpg,0.279,1,0.465,0.666,0.004,4
culane,culane_driver_100_30frame_05252358_0565.MP4_01200.jpg,0.345,1,0.539,0.583,0.305,1
culane,culane_driver_100_30frame_05252358_0565.MP4_01800.jpg,0.565,1,0.564,0.585,0.003,2
culane,culane_driver_100_30frame_05252358_0565.MP4_02100.jpg,0.5,1,0.62,0.636,0.005,2
culane,culane_driver_100_30frame_05252358_0565.MP4_02400.jpg,0.29,1,0.56,0.585,0.014,3
culane,culane_driver_100_30frame_05252358_0565.MP4_02700.jpg,0.482,1,0.514,0.711,0.002,3
culane,culane_driver_100_30frame_05252358_0565.MP4_03000.jpg,0.333,1,0.511,0.755,0.002,3
culane,culane_driver_100_30frame_05252358_0565.MP4_03300.jpg,0.41,1,0.556,0.712,0.002,3
culane,culane_driver_100_30frame_05252358_0565.MP4_03600.jpg,0.298,1,0.537,0.599,0.003,3
culane,culane_driver_100_30frame_05252358_0565.MP4_03900.jpg,0.562,1,0.568,0.605,0.004,2
culane,culane_driver_100_30frame_05252358_0565.MP4_04200.jpg,0.589,1,0.54,0.51,0.002,3
culane,culane_driver_100_30frame_05252358_0565.MP4_05100.jpg,0.235,1,0.703,0.729,0.006,4
culane,culane_driver_100_30frame_05260001_0566.MP4_00000.jpg,0.455,1,0.445,0.602,0.108,2
culane,culane_driver_100_30frame_05260001_0566.MP4_00300.jpg,0.228,1,0.664,0.589,0.013,3
culane,culane_driver_100_30frame_05260001_0566.MP4_00600.jpg,0.373,1,0.37,0.619,0.235,2
culane,culane_driver_100_30frame_05260001_0566.MP4_01800.jpg,0.425,1,0.41,0.621,0.008,3
culane,culane_driver_100_30frame_05260001_0566.MP4_02100.jpg,,,,,NA,
culane,culane_driver_100_30frame_05260001_0566.MP4_02700.jpg,0.339,1,0.699,0.703,0.533,1
culane,culane_driver_100_30frame_05260001_0566.MP4_03300.jpg,0.327,1,0.705,0.674,0.007,3
culane,culane_driver_100_30frame_05260001_0566.MP4_03900.jpg,0.294,1,0.702,0.638,0.007,3
culane,culane_driver_100_30frame_05260001_0566.MP4_04800.jpg,,,,,NA,
culane,culane_driver_100_30frame_05260001_0566.MP4_05100.jpg,,,,,NA,
culane,culane_driver_100_30frame_05260016_0571.MP4_00300.jpg,0.344,1,0.472,0.644,0.007,4
culane,culane_driver_100_30frame_05260016_0571.MP4_00600.jpg,0.37,1,0.468,0.544,0.429,2
culane,culane_driver_100_30frame_05260016_0571.MP4_00900.jpg,0.5,1,0.517,0.648,0.005,2
culane,culane_driver_100_30frame_05260016_0571.MP4_02100.jpg,0.487,0.995,0.542,0.609,0.277,2
culane,culane_driver_100_30frame_05260016_0571.MP4_03300.jpg,0.283,1,0.621,0.642,0.181,2
culane,culane_driver_100_30frame_05260016_0571.MP4_03600.jpg,0.213,1,0.523,0.637,0.062,1
culane,culane_driver_100_30frame_05260016_0571.MP4_03900.jpg,0.278,1,0.677,0.578,0.111,3
culane,culane_driver_100_30frame_05260016_0571.MP4_05100.jpg,0.403,1,0.562,0.661,0.003,4
culane,culane_driver_100_30frame_05260019_0572.MP4_00300.jpg,0.512,1,0.357,0.638,0.217,2
culane,culane_driver_100_30frame_05260019_0572.MP4_01200.jpg,0.55,0.989,0.113,0.62,0.007,3
culane,culane_driver_100_30frame_05260049_0577.MP4_00000.jpg,0.52,0.691,0.16,0.65,0.052,4
culane,culane_driver_100_30frame_05260049_0577.MP4_00300.jpg,,,,,NA,
culane,culane_driver_100_30frame_05260049_0577.MP4_00600.jpg,,,,,NA,
culane,culane_driver_100_30frame_05260049_0577.MP4_01500.jpg,0.541,1,0.403,0.542,0.003,3
culane,culane_driver_100_30frame_05260049_0577.MP4_01800.jpg,0.508,1,0.364,0.537,0.003,3
culane,culane_driver_100_30frame_05260049_0577.MP4_02100.jpg,0.523,1,0.397,0.561,0.003,3
culane,culane_driver_100_30frame_05260049_0577.MP4_02400.jpg,0.519,1,0.342,0.54,0.003,3
culane,culane_driver_100_30frame_05260049_0577.MP4_02700.jpg,0.496,1,0.395,0.525,0.003,3
culane,culane_driver_100_30frame_05260049_0577.MP4_03000.jpg,0.379,1,0.287,0.636,0.004,3
culane,culane_driver_100_30frame_05260049_0577.MP4_03600.jpg,0.349,1,0.3,0.657,0.004,4
culane,culane_driver_100_30frame_05260049_0577.MP4_03900.jpg,0.514,1,0.586,0.577,0.003,3
culane,culane_driver_100_30frame_05260049_0577.MP4_05100.jpg,0.305,1,0.67,0.464,0.069,3
culane,culane_driver_100_30frame_05260052_0578.MP4_00000.jpg,0.339,1,0.413,0.6,0.004,4
culane,culane_driver_100_30frame_05260052_0578.MP4_00300.jpg,0.361,1,0.614,0.65,0.004,4
culane,culane_driver_100_30frame_05260052_0578.MP4_00600.jpg,0.379,1,0.449,0.584,0.004,4
culane,culane_driver_100_30frame_05260052_0578.MP4_00900.jpg,0.519,1,0.66,0.581,0.004,4
culane,culane_driver_100_30frame_05260052_0578.MP4_01500.jpg,,,,,NA,
culane,culane_driver_100_30frame_05260052_0578.MP4_02100.jpg,,,,,NA,
culane,culane_driver_100_30frame_05260052_0578.MP4_02400.jpg,0.432,1,0.644,0.552,0.005,3
culane,culane_driver_100_30frame_05260052_0578.MP4_03300.jpg,0.355,1,0.709,0.48,0.004,4
culane,culane_driver_100_30frame_05260052_0578.MP4_03600.jpg,0.284,1,0.624,0.427,0.004,4
culane,culane_driver_100_30frame_05260052_0578.MP4_03900.jpg,0.289,1,0.737,0.596,0.004,4
culane,culane_driver_100_30frame_05260052_0578.MP4_04500.jpg,0.274,1,0.528,0.404,0.004,4
culane,culane_driver_100_30frame_05260052_0578.MP4_04800.jpg,0.247,1,0.576,0.481,0.004,4
culane,culane_driver_100_30frame_05260107_0583.MP4_00000.jpg,0.453,1,0.258,0.697,0.002,3
culane,culane_driver_100_30frame_05260107_0583.MP4_00600.jpg,0.181,1,0.581,0.649,0.004,4
culane,culane_driver_100_30frame_05260107_0583.MP4_00900.jpg,0.389,1,0.566,0.587,0.003,4
culane,culane_driver_100_30frame_05260107_0583.MP4_01500.jpg,0.407,1,0.658,0.639,0.003,4
culane,culane_driver_100_30frame_05260107_0583.MP4_01800.jpg,,,,,NA,
culane,culane_driver_100_30frame_05260107_0583.MP4_02100.jpg,0.44,1,0.476,0.645,0.119,2
culane,culane_driver_100_30frame_05260107_0583.MP4_02700.jpg,0.389,1,0.535,0.668,0.005,4
culane,culane_driver_100_30frame_05260107_0583.MP4_03000.jpg,0.464,0.978,0.266,0.654,0.004,3
culane,culane_driver_100_30frame_05260107_0583.MP4_03900.jpg,0.648,1,0.319,0.649,0.199,2
culane,culane_driver_100_30frame_05260107_0583.MP4_04200.jpg,0.415,0.955,0.274,0.581,0.003,4
culane,culane_driver_100_30frame_05260110_0584.MP4_00000.jpg,0.436,0.991,0.342,0.716,0.003,2
culane,culane_driver_100_30frame_05260110_0584.MP4_00300.jpg,0.337,1,0.539,0.759,0.003,2
culane,culane_driver_100_30frame_05260110_0584.MP4_01200.jpg,0.695,1,0.361,0.604,0.113,3
culane,culane_driver_100_30frame_05260110_0584.MP4_02700.jpg,0.417,1,0.454,0.666,0.088,3
culane,culane_driver_100_30frame_05260110_0584.MP4_03000.jpg,0.337,1,0.424,0.586,0.089,3
culane,culane_driver_100_30frame_05260110_0584.MP4_03600.jpg,0.203,1,0.668,0.587,0.364,2
culane,culane_driver_100_30frame_05260110_0584.MP4_04500.jpg,0.51,1,0.529,0.533,0.01,4
culane,culane_driver_100_30frame_05260110_0584.MP4_04800.jpg,0.335,1,0.565,0.71,0.004,4
culane,culane_driver_100_30frame_05260110_0584.MP4_05100.jpg,0.295,1,0.688,0.625,0.007,3
culane,culane_driver_100_30frame_05260122_0589.MP4_00300.jpg,0.303,1,0.566,0.657,0.004,3
culane,culane_driver_100_30frame_05260122_0589.MP4_00600.jpg,0.574,1,0.403,0.535,0.004,3
culane,culane_driver_100_30frame_05260122_0589.MP4_00900.jpg,,,,,NA,
culane,culane_driver_100_30frame_05260122_0589.MP4_02100.jpg,,,,,NA,
culane,culane_driver_100_30frame_05260122_0589.MP4_02400.jpg,0.338,1,0.386,0.559,0.004,3
culane,culane_driver_100_30frame_05260122_0589.MP4_02700.jpg,0.364,1,0.489,0.694,0.004,3
culane,culane_driver_100_30frame_05260122_0589.MP4_03000.jpg,0.197,1,0.177,0.746,0.004,3
culane,culane_driver_100_30frame_05260122_0589.MP4_04200.jpg,0.384,1,0.215,0.645,0.004,3
culane,culane_driver_100_30frame_05260122_0589.MP4_04800.jpg,,,,,NA,
culane,culane_driver_100_30frame_05260125_0590.MP4_00000.jpg,,,,,NA,
culane,culane_driver_100_30frame_05260125_0590.MP4_00300.jpg,,,,,NA,
culane,culane_driver_100_30frame_05260125_0590.MP4_00600.jpg,0.412,0.777,0.221,0.664,0.019,2
culane,culane_driver_100_30frame_05260125_0590.MP4_00900.jpg,,,,,NA,
culane,culane_driver_100_30frame_05260125_0590.MP4_01200.jpg,0.353,1,0.377,0.674,0.046,3
culane,culane_driver_100_30frame_05260138_0595.MP4_00300.jpg,0.427,1,0.599,0.54,0.026,3
culane,culane_driver_100_30frame_05260138_0595.MP4_01200.jpg,,,,,NA,
culane,culane_driver_100_30frame_05260138_0595.MP4_01500.jpg,0.429,1,0.278,0.676,0.038,2
culane,culane_driver_100_30frame_05260138_0595.MP4_01800.jpg,0.242,1,0.465,0.662,0.003,2
culane,culane_driver_100_30frame_05260138_0595.MP4_02100.jpg,,,,,NA,
culane,culane_driver_100_30frame_05260138_0595.MP4_02400.jpg,0.2,1,0.47,0.691,0.004,2
culane,culane_driver_100_30frame_05260138_0595.MP4_02700.jpg,,,,,NA,
culane,culane_driver_100_30frame_05260138_0595.MP4_03900.jpg,,,,,NA,
culane,culane_driver_100_30frame_05260138_0595.MP4_04500.jpg,,,,,NA,
culane,culane_driver_100_30frame_05260138_0595.MP4_04800.jpg,,,,,NA,
culane,culane_driver_100_30frame_05260138_0595.MP4_05100.jpg,,,,,NA,
culane,culane_driver_193_90frame_06042010_0511.MP4_00000.jpg,0.492,1,0.567,0.6,0.128,3
culane,culane_driver_193_90frame_06042010_0511.MP4_00900.jpg,0.485,1,0.677,0.697,0.12,3
culane,culane_driver_193_90frame_06042010_0511.MP4_01800.jpg,0.686,0.831,0.513,0.629,0.236,2
culane,culane_driver_193_90frame_06042010_0511.MP4_04500.jpg,0.529,0.96,0.697,0.625,0.39,2
culane,culane_driver_193_90frame_06042013_0512.MP4_00000.jpg,0.36,1,0.499,0.589,0.181,2
culane,culane_driver_193_90frame_06042013_0512.MP4_00900.jpg,0.51,0.703,0.492,0.636,0.004,3
culane,culane_driver_193_90frame_06042013_0512.MP4_03600.jpg,0.488,0.766,0.538,0.665,0.004,3
culane,culane_driver_193_90frame_06042016_0513.MP4_00000.jpg,0.382,1,0.672,0.681,0.22,2
culane,culane_driver_193_90frame_06042016_0513.MP4_00900.jpg,0.679,0.943,0.74,0.539,0.177,2
culane,culane_driver_193_90frame_06042016_0513.MP4_01800.jpg,0.394,1,0.528,0.65,0.004,4
culane,culane_driver_193_90frame_06042016_0513.MP4_02790.jpg,0.735,0.916,0.66,0.581,0.045,3
culane,culane_driver_193_90frame_06042016_0513.MP4_04680.jpg,0.365,1,0.738,0.442,0.003,3
culane,culane_driver_193_90frame_06042019_0514.MP4_00450.jpg,0.446,1,0.846,0.423,0.112,3
culane,culane_driver_193_90frame_06042019_0514.MP4_01710.jpg,0.337,1,0.796,0.618,0.107,3
culane,culane_driver_193_90frame_06042019_0514.MP4_05130.jpg,0.523,1,0.591,0.716,0.004,4
culane,culane_driver_193_90frame_06042022_0515.MP4_00540.jpg,0.37,1,0.894,0.509,0.184,2
culane,culane_driver_193_90frame_06042022_0515.MP4_02880.jpg,0.613,1,0.759,0.537,0.189,2
culane,culane_driver_193_90frame_06042028_0517.MP4_00000.jpg,0.209,1,0.828,0.545,0.004,3
culane,culane_driver_193_90frame_06042037_0520.MP4_02160.jpg,0.449,1,0.594,0.563,0.176,2
culane,culane_driver_193_90frame_06042040_0521.MP4_04050.jpg,0.547,1,0.751,0.539,0.103,3
culane,culane_driver_193_90frame_06042040_0521.MP4_05310.jpg,0.126,1,0.736,0.509,0.005,4
culane,culane_driver_193_90frame_06042043_0522.MP4_00900.jpg,0.472,1,0.743,0.37,0.005,4
culane,culane_driver_193_90frame_06042043_0522.MP4_01800.jpg,0.556,1,0.373,0.583,0.107,3
culane,culane_driver_193_90frame_06042043_0522.MP4_02700.jpg,0.41,1,0.624,0.648,0.31,2
culane,culane_driver_193_90frame_06042043_0522.MP4_04500.jpg,0.367,1,0.724,0.584,0.004,4
culane,culane_driver_193_90frame_06042046_0523.MP4_00000.jpg,0.47,1,0.451,0.495,0.076,3
culane,culane_driver_193_90frame_06042046_0523.MP4_04050.jpg,,,,,NA,
culane,culane_driver_193_90frame_06042052_0525.MP4_00900.jpg,0.28,1,0.733,0.663,0.49,2
culane,culane_driver_193_90frame_06042052_0525.MP4_01800.jpg,0.347,1,0.209,0.584,0.159,1
culane,culane_driver_193_90frame_06042055_0526.MP4_03330.jpg,0.333,0.869,0.57,0.661,0.055,3
culane,culane_driver_193_90frame_06042058_0527.MP4_00000.jpg,0.627,1,0.616,0.593,0.003,3
culane,culane_driver_193_90frame_06042058_0527.MP4_01980.jpg,0.497,1,0.719,0.75,0.004,3
culane,culane_driver_193_90frame_06042058_0527.MP4_04140.jpg,,,,,NA,
culane,culane_driver_193_90frame_06042058_0527.MP4_05130.jpg,,,,,NA,
culane,culane_driver_193_90frame_06042104_0529.MP4_01080.jpg,,,,,NA,
culane,culane_driver_193_90frame_06042104_0529.MP4_02160.jpg,0.709,1,0.592,0.599,0.004,3
culane,culane_driver_193_90frame_06042107_0530.MP4_03330.jpg,0.396,1,0.695,0.534,0.003,3
culane,culane_driver_193_90frame_06042107_0530.MP4_04230.jpg,0.406,1,0.649,0.652,0.004,4
culane,culane_driver_193_90frame_06042110_0531.MP4_00000.jpg,0.802,0.938,0.487,0.627,0.29,2
culane,culane_driver_193_90frame_06050559_0532.MP4_00000.jpg,0.644,0.432,0.12,0.639,0.003,3
culane,culane_driver_193_90frame_06050559_0532.MP4_04050.jpg,0.509,0.852,0.687,0.481,0.003,3
culane,culane_driver_193_90frame_06050559_0532.MP4_04950.jpg,0.782,0.859,0.616,0.552,0.003,3
culane,culane_driver_193_90frame_06050602_0533.MP4_00000.jpg,,,,,NA,
culane,culane_driver_193_90frame_06050606_0534.MP4_00000.jpg,,,,,NA,
culane,culane_driver_193_90frame_06050606_0534.MP4_00900.jpg,0.821,0.928,0.614,0.518,0.002,3
culane,culane_driver_193_90frame_06050606_0534.MP4_02340.jpg,0.707,0.888,0.639,0.55,0.004,3
culane,culane_driver_193_90frame_06050606_0534.MP4_04860.jpg,,,,,NA,
culane,culane_driver_193_90frame_06050609_0535.MP4_00000.jpg,,,,,NA,
culane,culane_driver_193_90frame_06050609_0535.MP4_00900.jpg,0.79,0.754,0.597,0.541,0.003,3
culane,culane_driver_193_90frame_06050609_0535.MP4_01800.jpg,0.667,0.836,0.502,0.51,0.004,4
culane,culane_driver_193_90frame_06050609_0535.MP4_02880.jpg,0.526,1,0.674,0.53,0.257,2
culane,culane_driver_193_90frame_06050609_0535.MP4_03780.jpg,,,,,NA,
culane,culane_driver_193_90frame_06050609_0535.MP4_04680.jpg,0.803,1,0.702,0.483,0.004,3
culane,culane_driver_193_90frame_06050612_0536.MP4_00900.jpg,0.741,0.609,0.724,0.49,0.342,2
culane,culane_driver_193_90frame_06050612_0536.MP4_01800.jpg,1,0.958,0.63,0.515,0.384,2
culane,culane_driver_193_90frame_06050612_0536.MP4_02700.jpg,,,,,NA,
culane,culane_driver_193_90frame_06050627_0541.MP4_04050.jpg,0.594,1,0.603,0.433,0.225,2
culane,culane_driver_193_90frame_06050830_0582.MP4_00270.jpg,0.551,0.924,0.559,0.536,0.238,2
culane,culane_driver_193_90frame_06050830_0582.MP4_04410.jpg,0.524,0.785,0.374,0.542,0.238,2
culane,culane_driver_193_90frame_06050833_0583.MP4_00180.jpg,0.505,1,0.561,0.561,0.13,2
culane,culane_driver_193_90frame_06050833_0583.MP4_01710.jpg,0.503,0.75,0.369,0.527,0.019,3
culane,culane_driver_193_90frame_06050833_0583.MP4_04770.jpg,0.947,0.913,0.638,0.406,0.23,1
culane,culane_driver_193_90frame_06050836_0584.MP4_01800.jpg,0.777,1,0.663,0.485,0.021,3
culane,culane_driver_193_90frame_06050836_0584.MP4_02700.jpg,1,0.992,0.801,0.449,0.114,1
culane,culane_driver_193_90frame_06050836_0584.MP4_04500.jpg,0.81,1,0.746,0.473,0.003,3
culane,culane_driver_193_90frame_06050839_0585.MP4_00000.jpg,0.718,1,0.737,0.504,0.004,3
culane,culane_driver_193_90frame_06050839_0585.MP4_00900.jpg,1,1,0.793,0.452,0.602,1
culane,culane_driver_193_90frame_06050839_0585.MP4_02700.jpg,0.906,1,0.844,0.491,0.004,3
culane,culane_driver_193_90frame_06050839_0585.MP4_03600.jpg,0.525,1,0.73,0.407,0.004,3
culane,culane_driver_193_90frame_06050839_0585.MP4_04500.jpg,0.675,1,0.79,0.479,0.004,3
culane,culane_driver_193_90frame_06050842_0586.MP4_00900.jpg,0.838,1,0.79,0.466,0.204,2
culane,culane_driver_193_90frame_06050842_0586.MP4_02700.jpg,0.525,1,0.744,0.437,0.004,3
culane,culane_driver_193_90frame_06050845_0587.MP4_01800.jpg,0.564,1,0.751,0.492,0.004,3
culane,culane_driver_193_90frame_06050845_0587.MP4_02700.jpg,0.716,1,0.837,0.389,0.004,3
culane,culane_driver_193_90frame_06050845_0587.MP4_04500.jpg,0.698,1,0.879,0.448,0.004,3
culane,culane_driver_193_90frame_06050848_0588.MP4_00000.jpg,0.671,1,0.732,0.421,0.004,3
culane,culane_driver_193_90frame_06050848_0588.MP4_00900.jpg,0.669,1,0.79,0.463,0.184,2
culane,culane_driver_193_90frame_06050848_0588.MP4_03600.jpg,0.671,1,0.741,0.455,0.004,3
culane,culane_driver_193_90frame_06050851_0589.MP4_02610.jpg,,,,,NA,
culane,culane_driver_193_90frame_06050851_0589.MP4_03510.jpg,0.929,1,0.738,0.508,0.244,2
culane,culane_driver_193_90frame_06050851_0589.MP4_04410.jpg,0.61,1,0.696,0.439,0.006,4
culane,culane_driver_193_90frame_06050851_0589.MP4_05310.jpg,0.424,1,0.799,0.484,0.005,3
culane,culane_driver_193_90frame_06050854_0590.MP4_00000.jpg,0.565,1,0.725,0.45,0.005,4
culane,culane_driver_193_90frame_06050854_0590.MP4_00900.jpg,0.463,0.893,0.549,0.476,0.004,3
culane,culane_driver_193_90frame_06050854_0590.MP4_03600.jpg,0.641,1,0.76,0.406,0.004,3
culane,culane_driver_193_90frame_06050857_0591.MP4_00000.jpg,0.674,1,0.73,0.473,0.004,4
culane,culane_driver_193_90frame_06050857_0591.MP4_01800.jpg,0.944,0.88,0.731,0.466,0.058,3
culane,culane_driver_193_90frame_06050857_0591.MP4_04500.jpg,0.79,1,0.852,0.507,0.007,4
culane,culane_driver_193_90frame_06050900_0592.MP4_01350.jpg,0.453,0.946,0.783,0.543,0.067,3
culane,culane_driver_193_90frame_06050900_0592.MP4_02250.jpg,0.801,0.967,0.709,0.522,0.071,3
culane,culane_driver_193_90frame_06050900_0592.MP4_04950.jpg,0.812,1,0.777,0.394,0.005,4
culane,culane_driver_193_90frame_06050903_0593.MP4_00900.jpg,0.64,1,0.726,0.467,0.004,4
culane,culane_driver_193_90frame_06050903_0593.MP4_03600.jpg,0.8,0.609,0.481,0.58,0.002,2
culane,culane_driver_193_90frame_06050906_0594.MP4_00000.jpg,0.919,0.877,0.743,0.453,0.383,2
culane,culane_driver_193_90frame_06050906_0594.MP4_02700.jpg,0.767,0.993,0.643,0.529,0.005,4
culane,culane_driver_193_90frame_06050909_0595.MP4_00000.jpg,0.678,0.789,0.387,0.492,0.005,2
culane,culane_driver_193_90frame_06050909_0595.MP4_03150.jpg,0.718,0.507,0.378,0.553,0.028,3
culane,culane_driver_193_90frame_06050909_0595.MP4_05310.jpg,0.473,0.888,0.572,0.573,0.004,4
culane,culane_driver_193_90frame_06050912_0596.MP4_02700.jpg,0.655,0.577,0.474,0.646,0.004,4
culane,culane_driver_193_90frame_06050912_0596.MP4_04680.jpg,,,,,NA,
culane,culane_driver_193_90frame_06050915_0597.MP4_00900.jpg,0.532,0.776,0.528,0.53,0.003,3
culane,culane_driver_193_90frame_06050915_0597.MP4_02700.jpg,0.729,0.757,0.634,0.534,0.472,1
culane,culane_driver_193_90frame_06050915_0597.MP4_03600.jpg,0.573,0.623,0.399,0.53,0.003,3
culane,culane_driver_193_90frame_06050918_0598.MP4_00000.jpg,0.578,0.544,0.273,0.58,0.003,3
culane,culane_driver_193_90frame_06050918_0598.MP4_01080.jpg,0.591,0.732,0.329,0.662,0.003,2
culane,culane_driver_193_90frame_06050918_0598.MP4_03780.jpg,0.679,1,0.606,0.524,0.065,3
culane,culane_driver_193_90frame_06050918_0598.MP4_04680.jpg,0.543,0.497,0.537,0.517,0.099,3
culane,culane_driver_193_90frame_06050921_0599.MP4_01800.jpg,,,,,NA,
culane,culane_driver_193_90frame_06050921_0599.MP4_04050.jpg,0.527,0.856,0.544,0.46,0.003,3
culane,culane_driver_193_90frame_06050921_0599.MP4_04950.jpg,0.755,0.743,0.594,0.474,0.067,3
culane,culane_driver_193_90frame_06050924_0600.MP4_01980.jpg,,,,,NA,
culane,culane_driver_193_90frame_06050924_0600.MP4_04680.jpg,0.216,1,0.706,0.595,0.428,2
culane,culane_driver_193_90frame_06050927_0601.MP4_00900.jpg,0.722,0.657,0.453,0.515,0.004,3
culane,culane_driver_193_90frame_06050927_0601.MP4_02700.jpg,0.904,0.69,0.403,0.614,0.06,3
culane,culane_driver_193_90frame_06050927_0601.MP4_04500.jpg,0.761,0.639,0.478,0.559,0.354,2
culane,culane_driver_193_90frame_06050930_0602.MP4_00000.jpg,0.806,0.728,0.588,0.601,0.395,2
culane,culane_driver_193_90frame_06050930_0602.MP4_00900.jpg,0.64,0.565,0.435,0.597,0.005,4
culane,culane_driver_193_90frame_06050930_0602.MP4_04500.jpg,0.793,0.715,0.486,0.623,0.35,2
culane,culane_driver_193_90frame_06050933_0603.MP4_00000.jpg,0.707,0.665,0.44,0.544,0.353,2
culane,culane_driver_193_90frame_06050933_0603.MP4_00900.jpg,0.536,0.884,0.472,0.577,0.388,2
culane,culane_driver_193_90frame_06050933_0603.MP4_02700.jpg,0.72,0.842,0.541,0.487,0.004,4
culane,culane_driver_193_90frame_06050933_0603.MP4_04500.jpg,0.646,0.679,0.37,0.63,0.004,3
culane,culane_driver_193_90frame_06050936_0604.MP4_00000.jpg,0.644,0.649,0.459,0.479,0.372,2
culane,culane_driver_193_90frame_06050936_0604.MP4_02700.jpg,0.776,0.741,0.633,0.478,0.195,2
culane,culane_driver_193_90frame_06050939_0605.MP4_00990.jpg,0.654,0.951,0.693,0.577,0.003,3
culane,culane_driver_193_90frame_06050939_0605.MP4_03690.jpg,0.746,0.958,0.754,0.535,0.279,2
culane,culane_driver_193_90frame_06050939_0605.MP4_04590.jpg,0.543,0.927,0.291,0.625,0.002,2
culane,culane_driver_193_90frame_06050942_0606.MP4_01980.jpg,0.782,0.813,0.74,0.553,0.011,4
culane,culane_driver_193_90frame_06050945_0607.MP4_02070.jpg,0.468,0.632,0.441,0.652,0.008,4
culane,culane_driver_193_90frame_06050945_0607.MP4_02970.jpg,0.662,0.714,0.661,0.536,0.156,3
culane,culane_driver_193_90frame_06050948_0608.MP4_00900.jpg,0.909,0.84,0.755,0.578,0.076,3
culane,culane_driver_193_90frame_06050948_0608.MP4_03690.jpg,1,0.929,0.786,0.524,0.084,3
culane,culane_driver_193_90frame_06050951_0609.MP4_00900.jpg,0.76,1,0.75,0.532,0.193,2
culane,culane_driver_193_90frame_06050951_0609.MP4_02700.jpg,1,1,0.706,0.42,0.089,3
culane,culane_driver_193_90frame_06050951_0609.MP4_03600.jpg,0.827,0.787,0.585,0.476,0.389,2
culane,culane_driver_193_90frame_06050951_0609.MP4_04500.jpg,0.814,0.75,0.729,0.471,0.005,4
culane,culane_driver_193_90frame_06050954_0610.MP4_00000.jpg,1,0.896,0.746,0.455,0.35,2
culane,culane_driver_193_90frame_06050954_0610.MP4_02070.jpg,0.544,0.679,0.689,0.545,0.143,2
culane,culane_driver_193_90frame_06051003_0613.MP4_02790.jpg,0.52,0.532,0.372,0.728,0.004,2
culane,culane_driver_193_90frame_06051020_0614.MP4_01980.jpg,0.688,0.755,0.42,0.509,0.053,3
culane,culane_driver_193_90frame_06051023_0615.MP4_00720.jpg,0.745,0.682,0.412,0.47,0.053,3
culane,culane_driver_193_90frame_06051026_0616.MP4_00000.jpg,0.538,0.632,0.341,0.572,0.002,3
culane,culane_driver_193_90frame_06051026_0616.MP4_00900.jpg,0.703,0.512,0.26,0.64,0.003,3
culane,culane_driver_193_90frame_06051026_0616.MP4_01800.jpg,0.535,0.682,0.115,0.619,0.002,3
culane,culane_driver_193_90frame_06051026_0616.MP4_02700.jpg,0.608,0.635,0.481,0.505,0.003,3
culane,culane_driver_193_90frame_06051026_0616.MP4_03600.jpg,0.512,0.836,0.336,0.549,0.012,3
culane,culane_driver_193_90frame_06051026_0616.MP4_04590.jpg,0.447,0.514,0.506,0.622,0.003,3
culane,culane_driver_193_90frame_06051029_0617.MP4_00900.jpg,0.589,0.852,0.471,0.556,0.008,4
culane,culane_driver_193_90frame_06051029_0617.MP4_02700.jpg,0.577,0.761,0.458,0.441,0.004,4
culane,culane_driver_193_90frame_06051032_0618.MP4_00000.jpg,0.352,0.729,0.542,0.501,0.003,3
culane,culane_driver_193_90frame_06051032_0618.MP4_02790.jpg,0.562,0.836,0.544,0.571,0.005,4
culane,culane_driver_193_90frame_06051035_0619.MP4_00000.jpg,,,,,NA,
culane,culane_driver_193_90frame_06051038_0620.MP4_00720.jpg,,,,,NA,
culane,culane_driver_193_90frame_06051041_0621.MP4_00360.jpg,,,,,NA,
culane,culane_driver_193_90frame_06051044_0622.MP4_00090.jpg,,,,,NA,
culane,culane_driver_193_90frame_06051047_0623.MP4_05130.jpg,,,,,NA,
culane,culane_driver_193_90frame_06051050_0624.MP4_00000.jpg,0.686,0.612,0.458,0.565,0.397,2
culane,culane_driver_193_90frame_06051050_0624.MP4_00990.jpg,0.487,0.867,0.514,0.664,0.006,4
culane,culane_driver_193_90frame_06051050_0624.MP4_03690.jpg,0.5,0.492,0.41,0.63,0.101,3
culane,culane_driver_193_90frame_06051053_0625.MP4_00720.jpg,0.607,0.642,0.294,0.597,0.005,4
culane,culane_driver_193_90frame_06051053_0625.MP4_02340.jpg,0.526,0.578,0.535,0.529,0.004,4
culane,culane_driver_193_90frame_06051053_0625.MP4_03240.jpg,0.485,0.826,0.575,0.548,0.283,2
culane,culane_driver_193_90frame_06051053_0625.MP4_04140.jpg,0.693,0.566,0.342,0.623,0.162,2
culane,culane_driver_193_90frame_06051053_0625.MP4_05040.jpg,0.635,0.852,0.414,0.572,0.003,3
culane,culane_driver_193_90frame_06051056_0626.MP4_00000.jpg,0.449,1,0.595,0.511,0.112,2
culane,culane_driver_193_90frame_06051056_0626.MP4_02700.jpg,0.568,0.673,0.741,0.645,0.19,2
culane,culane_driver_193_90frame_06051059_0627.MP4_03150.jpg,0.49,0.698,0.338,0.641,0.004,2
culane,culane_driver_193_90frame_06051059_0627.MP4_04590.jpg,0.333,1,0.644,0.621,0.006,1
culane,culane_driver_193_90frame_06051102_0628.MP4_00900.jpg,0.527,0.716,0.45,0.692,0.111,2
culane,culane_driver_193_90frame_06051102_0628.MP4_01800.jpg,,,,,NA,
culane,culane_driver_193_90frame_06051102_0628.MP4_02700.jpg,0.366,0.624,0.309,0.575,0.126,3
culane,culane_driver_193_90frame_06051102_0628.MP4_03600.jpg,0.506,0.948,0.369,0.543,0.126,3
culane,culane_driver_193_90frame_06051102_0628.MP4_04500.jpg,0.459,0.643,0.394,0.581,0.004,4
culane,culane_driver_193_90frame_06051105_0629.MP4_00900.jpg,0.61,0.546,0.574,0.533,0.116,1
culane,culane_driver_193_90frame_06051105_0629.MP4_01800.jpg,,,,,NA,
culane,culane_driver_193_90frame_06051105_0629.MP4_02700.jpg,0.577,0.609,0.665,0.527,0.105,1
culane,culane_driver_193_90frame_06051108_0630.MP4_00180.jpg,,,,,NA,
culane,culane_driver_193_90frame_06051108_0630.MP4_01080.jpg,0.419,0.689,0.351,0.656,0.143,2
culane,culane_driver_193_90frame_06051108_0630.MP4_02880.jpg,0.384,0.687,0.831,0.475,0.066,3
culane,culane_driver_193_90frame_06051108_0630.MP4_03780.jpg,0.451,0.51,0.587,0.574,0.126,3
culane,culane_driver_193_90frame_06051111_0631.MP4_01800.jpg,0.723,0.412,0.361,0.59,0.09,3
culane,culane_driver_193_90frame_06051111_0631.MP4_02700.jpg,,,,,NA,
culane,culane_driver_193_90frame_06051111_0631.MP4_03600.jpg,0.552,0.928,0.502,0.514,0.003,3
culane,culane_driver_193_90frame_06051114_0632.MP4_00000.jpg,0.646,0.914,0.457,0.618,0.003,3
culane,culane_driver_193_90frame_06051114_0632.MP4_00990.jpg,0.646,1,0.562,0.264,0.25,2
culane,culane_driver_193_90frame_06051114_0632.MP4_02790.jpg,0.6,0.751,0.606,0.571,0.005,4
culane,culane_driver_193_90frame_06051114_0632.MP4_03690.jpg,0.417,0.955,0.563,0.518,0.004,3
culane,culane_driver_193_90frame_06051117_0633.MP4_00270.jpg,0.744,0.85,0.38,0.426,0.003,3
culane,culane_driver_193_90frame_06051117_0633.MP4_01170.jpg,0.829,0.644,0.511,0.459,0.298,2
culane,culane_driver_193_90frame_06051117_0633.MP4_02070.jpg,0.723,0.548,0.418,0.575,0.2,2
culane,culane_driver_193_90frame_06051120_0634.MP4_00540.jpg,0.576,0.945,0.467,0.551,0.004,4
culane,culane_driver_193_90frame_06051120_0634.MP4_01440.jpg,0.471,0.853,0.577,0.601,0.396,2
culane,culane_driver_193_90frame_06051120_0634.MP4_02340.jpg,0.694,0.541,0.655,0.566,0.005,3
culane,culane_driver_193_90frame_06051123_0635.MP4_00000.jpg,0.766,0.696,0.619,0.592,0.423,2
culane,culane_driver_193_90frame_06051123_0635.MP4_00900.jpg,0.52,0.644,0.548,0.567,0.151,3
culane,culane_driver_193_90frame_06051123_0635.MP4_02700.jpg,0.676,0.867,0.591,0.524,0.423,2
culane,culane_driver_193_90frame_06051123_0635.MP4_03600.jpg,0.761,0.545,0.636,0.482,0.004,4
culane,culane_driver_193_90frame_06051126_0636.MP4_00000.jpg,0.821,0.633,0.645,0.501,0.075,3
culane,culane_driver_193_90frame_06051126_0636.MP4_03600.jpg,,,,,NA,
culane,culane_driver_193_90frame_06051129_0637.MP4_00900.jpg,0.662,0.847,0.577,0.622,0.005,3
culane,culane_driver_193_90frame_06051132_0638.MP4_00000.jpg,0.551,0.756,0.443,0.502,0.188,2
culane,culane_driver_193_90frame_06051132_0638.MP4_00900.jpg,,,,,NA,
culane,culane_driver_193_90frame_06051132_0638.MP4_01800.jpg,0.691,0.566,0.224,0.656,0.003,3
culane,culane_driver_193_90frame_06051132_0638.MP4_02700.jpg,0.623,0.574,0.28,0.625,0.003,3
culane,culane_driver_193_90frame_06051132_0638.MP4_03600.jpg,,,,,NA,
culane,culane_driver_193_90frame_06051135_0639.MP4_00000.jpg,0.714,0.591,0.634,0.472,0.15,3
culane,culane_driver_193_90frame_06051135_0639.MP4_00900.jpg,0.593,0.584,0.608,0.592,0.112,3
culane,culane_driver_193_90frame_06051135_0639.MP4_01800.jpg,,,,,NA,
culane,culane_driver_193_90frame_06051135_0639.MP4_03600.jpg,0.805,0.595,0.503,0.547,0.069,3
culane,culane_driver_193_90frame_06051138_0640.MP4_00900.jpg,0.676,0.857,0.656,0.575,0.073,3
culane,culane_driver_193_90frame_06051138_0640.MP4_02880.jpg,0.802,0.656,0.567,0.482,0.209,3
culane,culane_driver_193_90frame_06051141_0641.MP4_03240.jpg,0.543,0.858,0.292,0.539,0.003,3
culane,culane_driver_193_90frame_06051144_0642.MP4_00180.jpg,0.514,0.682,0.242,0.51,0.003,3
culane,culane_driver_193_90frame_06051144_0642.MP4_01350.jpg,0.5,0.538,0.259,0.631,0.003,3
culane,culane_driver_193_90frame_06051144_0642.MP4_04050.jpg,0.52,0.485,0.49,0.738,0.067,3
culane,culane_driver_193_90frame_06051144_0642.MP4_04950.jpg,0.399,0.508,0.391,0.706,0.06,3
culane,culane_driver_193_90frame_06051147_0643.MP4_00900.jpg,0.591,0.771,0.524,0.645,0.066,3
culane,culane_driver_193_90frame_06051147_0643.MP4_01890.jpg,0.537,0.492,0.505,0.636,0.384,2
culane,culane_driver_193_90frame_06051147_0643.MP4_02790.jpg,0.629,0.518,0.593,0.58,0.267,2
culane,culane_driver_193_90frame_06051147_0643.MP4_03690.jpg,,,,,NA,
culane,culane_driver_193_90frame_06051147_0643.MP4_04590.jpg,0.602,0.681,0.574,0.705,0.119,3
culane,culane_driver_193_90frame_06051150_0644.MP4_00000.jpg,0.739,0.565,0.41,0.62,0.121,3
culane,culane_driver_193_90frame_06051150_0644.MP4_00900.jpg,0.62,0.698,0.533,0.542,0.409,2
culane,culane_driver_193_90frame_06051150_0644.MP4_01800.jpg,0.726,0.582,0.565,0.525,0.333,2
culane,culane_driver_193_90frame_06051150_0644.MP4_02700.jpg,0.587,0.807,0.477,0.593,0.032,3
culane,culane_driver_193_90frame_06051150_0644.MP4_04500.jpg,0.385,0.458,0.655,0.542,0.021,3
culane,culane_driver_193_90frame_06051153_0645.MP4_00000.jpg,0.597,0.735,0.507,0.544,0.432,2
culane,culane_driver_193_90frame_06051153_0645.MP4_02790.jpg,0.628,0.455,0.514,0.639,0.301,1
culane,culane_driver_193_90frame_06051153_0645.MP4_03690.jpg,0.578,0.702,0.547,0.613,0.08,3
culane,culane_driver_193_90frame_06051156_0646.MP4_00900.jpg,0.81,0.791,0.524,0.566,0.072,3
culane,culane_driver_193_90frame_06051156_0646.MP4_03600.jpg,0.444,1,0.4,0.371,0.003,3
culane,culane_driver_193_90frame_06051156_0646.MP4_04770.jpg,0.734,0.684,0.443,0.491,0.232,2
culane,culane_driver_193_90frame_06051159_0647.MP4_04230.jpg,0.66,0.659,0.477,0.466,0.003,3
culane,culane_driver_193_90frame_06051159_0647.MP4_05130.jpg,0.733,0.646,0.527,0.701,0.549,1
culane,culane_driver_193_90frame_06051202_0648.MP4_00000.jpg,0.904,0.954,0.712,0.59,0.257,2
culane,culane_driver_193_90frame_06051202_0648.MP4_00900.jpg,0.817,0.741,0.648,0.566,0.008,3
culane,culane_driver_193_90frame_06051202_0648.MP4_01800.jpg,0.725,0.885,0.634,0.453,0.004,3
culane,culane_driver_193_90frame_06051202_0648.MP4_02700.jpg,,,,,NA,
culane,culane_driver_193_90frame_06051202_0648.MP4_03600.jpg,0.471,0.574,0.531,0.623,0.08,3
culane,culane_driver_193_90frame_06051202_0648.MP4_04500.jpg,,,,,NA,
culane,culane_driver_193_90frame_06051205_0649.MP4_02430.jpg,0.415,0.635,0.546,0.631,0.147,2
culane,culane_driver_193_90frame_06051205_0649.MP4_04950.jpg,,,,,NA,
culane,culane_driver_193_90frame_06051208_0650.MP4_00000.jpg,,,,,NA,
culane,culane_driver_193_90frame_06051208_0650.MP4_00900.jpg,0.713,0.71,0.521,0.497,0.003,3
culane,culane_driver_193_90frame_06051208_0650.MP4_01800.jpg,0.843,0.908,0.569,0.458,0.309,2
culane,culane_driver_193_90frame_06051208_0650.MP4_02700.jpg,0.55,0.71,0.544,0.649,0.004,3
culane,culane_driver_193_90frame_06051208_0650.MP4_04500.jpg,0.544,0.451,0.264,0.614,0.003,3
culane,culane_driver_193_90frame_06051211_0651.MP4_00090.jpg,,,,,NA,
culane,culane_driver_193_90frame_06051211_0651.MP4_02250.jpg,,,,,NA,
culane,culane_driver_193_90frame_06051211_0651.MP4_03240.jpg,,,,,NA,
culane,culane_driver_193_90frame_06051214_0652.MP4_00000.jpg,,,,,NA,
culane,culane_driver_193_90frame_06051214_0652.MP4_00900.jpg,,,,,NA,
culane,culane_driver_193_90frame_06051214_0652.MP4_02700.jpg,0.762,0.743,0.621,0.598,0.273,2
culane,culane_driver_193_90frame_06051217_0653.MP4_00000.jpg,,,,,NA,
culane,culane_driver_193_90frame_06051217_0653.MP4_01980.jpg,,,,,NA,
culane,culane_driver_193_90frame_06051217_0653.MP4_03780.jpg,0.479,0.572,0.591,0.575,0.484,2
culane,culane_driver_193_90frame_06051217_0653.MP4_04680.jpg,,,,,NA,
culane,culane_driver_193_90frame_06051220_0654.MP4_02070.jpg,0.462,0.734,0.574,0.403,0.23,2
culane,culane_driver_193_90frame_06051220_0654.MP4_02970.jpg,,,,,NA,
culane,culane_driver_193_90frame_06051220_0654.MP4_03870.jpg,0.914,0.695,0.813,0.595,0.463,2
culane,culane_driver_193_90frame_06051223_0655.MP4_01800.jpg,0.621,0.473,0.568,0.569,0.414,2
culane,culane_driver_193_90frame_06051223_0655.MP4_02700.jpg,0.512,0.549,0.408,0.619,0.002,2
culane,culane_driver_193_90frame_06051241_0661.MP4_00900.jpg,0.545,0.633,0.314,0.66,0.003,2
culane,culane_driver_193_90frame_06051241_0661.MP4_01800.jpg,0.525,0.572,0.573,0.539,0.004,3
culane,culane_driver_193_90frame_06051241_0661.MP4_02700.jpg,0.559,0.685,0.517,0.533,0.003,4
culane,culane_driver_193_90frame_06051241_0661.MP4_03600.jpg,0.578,0.482,0.413,0.623,0.004,4
culane,culane_driver_193_90frame_06051241_0661.MP4_04500.jpg,,,,,NA,
culane,culane_driver_193_90frame_06051244_0662.MP4_00000.jpg,0.793,0.691,0.658,0.513,0.366,2
culane,culane_driver_193_90frame_06051244_0662.MP4_03420.jpg,0.811,0.734,0.688,0.517,0.083,3
culane,culane_driver_193_90frame_06051247_0663.MP4_00270.jpg,0.549,0.842,0.47,0.526,0.004,3
culane,culane_driver_193_90frame_06051247_0663.MP4_02070.jpg,0.727,0.63,0.655,0.629,0.071,3
culane,culane_driver_193_90frame_06051247_0663.MP4_02970.jpg,0.532,0.676,0.481,0.608,0.005,3
culane,culane_driver_193_90frame_06051247_0663.MP4_05040.jpg,0.682,0.672,0.669,0.482,0.076,3
culane,culane_driver_193_90frame_06051250_0664.MP4_00000.jpg,0.663,0.539,0.525,0.556,0.005,4
culane,culane_driver_193_90frame_06051250_0664.MP4_00900.jpg,0.624,0.635,0.609,0.544,0.127,1
culane,culane_driver_193_90frame_06051250_0664.MP4_01800.jpg,,,,,NA,
culane,culane_driver_193_90frame_06051250_0664.MP4_02700.jpg,,,,,NA,
culane,culane_driver_193_90frame_06051250_0664.MP4_04140.jpg,0.538,0.531,0.417,0.576,0.004,4
culane,culane_driver_193_90frame_06051253_0665.MP4_00900.jpg,0.586,0.69,0.34,0.559,0.003,3
culane,culane_driver_193_90frame_06051259_0667.MP4_02970.jpg,0.621,0.596,0.222,0.561,0.003,3
culane,culane_driver_193_90frame_06051302_0668.MP4_00000.jpg,,,,,NA,
culane,culane_driver_193_90frame_06051302_0668.MP4_02160.jpg,0.637,0.668,0.445,0.483,0.132,3
culane,culane_driver_193_90frame_06051302_0668.MP4_03060.jpg,0.542,0.612,0.553,0.574,0.004,4
culane,culane_driver_193_90frame_06051305_0669.MP4_00000.jpg,0.623,0.525,0.229,0.545,0.003,3
culane,culane_driver_193_90frame_06051305_0669.MP4_00900.jpg,0.484,0.69,0.559,0.551,0.004,4
culane,culane_driver_193_90frame_06051305_0669.MP4_02430.jpg,,,,,NA,
culane,culane_driver_193_90frame_06051308_0670.MP4_00000.jpg,0.636,0.66,0.477,0.563,0.266,2
culane,culane_driver_193_90frame_06051308_0670.MP4_04230.jpg,0.555,0.626,0.546,0.573,0.144,1
culane,culane_driver_193_90frame_06051308_0670.MP4_05130.jpg,0.513,0.617,0.567,0.582,0.183,3
culane,culane_driver_193_90frame_06051311_0671.MP4_00000.jpg,0.746,0.485,0.554,0.554,0.346,2
culane,culane_driver_193_90frame_06051311_0671.MP4_00900.jpg,0.564,0.931,0.594,0.498,0.199,2
culane,culane_driver_193_90frame_06051311_0671.MP4_01800.jpg,0.481,0.636,0.507,0.48,0.005,3
culane,culane_driver_193_90frame_06051311_0671.MP4_03510.jpg,0.76,0.67,0.453,0.488,0.004,3
culane,culane_driver_193_90frame_06051314_0672.MP4_00000.jpg,0.433,0.614,0.573,0.584,0.004,4
culane,culane_driver_193_90frame_06051314_0672.MP4_00900.jpg,0.526,0.539,0.407,0.535,0.004,3
culane,culane_driver_193_90frame_06051314_0672.MP4_01800.jpg,0.459,0.762,0.222,0.63,0.311,2
culane,culane_driver_193_90frame_06051314_0672.MP4_03600.jpg,0.552,0.612,0.398,0.541,0.003,3
culane,culane_driver_193_90frame_06051317_0673.MP4_00180.jpg,,,,,NA,
culane,culane_driver_193_90frame_06051317_0673.MP4_01080.jpg,0.485,0.516,0.277,0.628,0.003,4
culane,culane_driver_193_90frame_06051320_0674.MP4_00900.jpg,0.557,0.587,0.289,0.629,0.05,3
culane,culane_driver_193_90frame_06051320_0674.MP4_01800.jpg,0.493,1,0.431,0.58,0.088,3
culane,culane_driver_193_90frame_06051320_0674.MP4_02700.jpg,0.617,0.773,0.317,0.602,0.004,3
culane,culane_driver_193_90frame_06051323_0675.MP4_00360.jpg,,,,,NA,
culane,culane_driver_193_90frame_06051323_0675.MP4_02070.jpg,,,,,NA,
culane,culane_driver_193_90frame_06051323_0675.MP4_02970.jpg,0.619,0.62,0.505,0.544,0.07,3
culane,culane_driver_193_90frame_06051323_0675.MP4_03870.jpg,0.419,0.83,0.678,0.663,0.004,4
culane,culane_driver_193_90frame_06051323_0675.MP4_04770.jpg,0.686,0.538,0.427,0.532,0.095,3
culane,culane_driver_193_90frame_06051326_0676.MP4_00000.jpg,0.5,0.803,0.425,0.584,0.004,3
culane,culane_driver_193_90frame_06051326_0676.MP4_00900.jpg,0.5,0.611,0.48,0.608,0.018,3
culane,culane_driver_193_90frame_06051326_0676.MP4_02070.jpg,0.388,0.362,0.597,0.53,0.033,3
culane,culane_driver_193_90frame_06051326_0676.MP4_02970.jpg,0.59,0.918,0.447,0.561,0.044,4
culane,culane_driver_193_90frame_06051326_0676.MP4_03870.jpg,0.506,0.573,0.375,0.538,0.073,3
culane,culane_driver_193_90frame_06051326_0676.MP4_04770.jpg,0.576,1,0.652,0.607,0.168,2
culane,culane_driver_193_90frame_06051329_0677.MP4_00000.jpg,,,,,NA,
culane,culane_driver_193_90frame_06051329_0677.MP4_01800.jpg,0.519,0.851,0.219,0.645,0.003,3
culane,culane_driver_193_90frame_06051329_0677.MP4_04500.jpg,0.542,0.803,0.624,0.57,0.003,3
culane,culane_driver_193_90frame_06051332_0678.MP4_00360.jpg,,,,,NA,
culane,culane_driver_193_90frame_06051332_0678.MP4_02430.jpg,0.762,0.447,0.299,0.648,0.067,3
culane,culane_driver_193_90frame_06051332_0678.MP4_04590.jpg,0.477,0.852,0.402,0.592,0.006,3
culane,culane_driver_193_90frame_06051335_0679.MP4_01800.jpg,0.416,1,0.726,0.456,0.072,3
culane,culane_driver_193_90frame_06051335_0679.MP4_02700.jpg,0.512,0.853,0.439,0.544,0.047,4
culane,culane_driver_193_90frame_06051335_0679.MP4_04500.jpg,0.611,0.528,0.52,0.661,0.01,3
culane,culane_driver_193_90frame_06051338_0680.MP4_00000.jpg,,,,,NA,
culane,culane_driver_193_90frame_06051338_0680.MP4_02340.jpg,0.744,0.562,0.311,0.547,0.003,3
culane,culane_driver_193_90frame_06051341_0681.MP4_00000.jpg,0.616,0.592,0.404,0.601,0.003,3
culane,culane_driver_193_90frame_06051341_0681.MP4_04320.jpg,0.369,0.581,0.606,0.481,0.004,4
culane,culane_driver_193_90frame_06051344_0682.MP4_03510.jpg,,,,,NA,
culane,culane_driver_193_90frame_06051344_0682.MP4_04950.jpg,,,,,NA,
culane,culane_driver_193_90frame_06051347_0683.MP4_00000.jpg,,,,,NA,
culane,culane_driver_193_90frame_06051347_0683.MP4_02070.jpg,,,,,NA,
culane,culane_driver_193_90frame_06051347_0683.MP4_02970.jpg,,,,,NA,
culane,culane_driver_193_90frame_06051347_0683.MP4_04770.jpg,,,,,NA,
culane,culane_driver_193_90frame_06051350_0684.MP4_01260.jpg,0.445,0.546,0.435,0.638,0.441,2
culane,culane_driver_193_90frame_06051350_0684.MP4_02160.jpg,0.532,0.626,0.593,0.58,0.004,4
culane,culane_driver_193_90frame_06051350_0684.MP4_04860.jpg,0.572,1,0.628,0.602,0.005,4
culane,culane_driver_193_90frame_06051353_0685.MP4_00900.jpg,0.532,0.943,0.486,0.453,0.005,3
culane,culane_driver_193_90frame_06051353_0685.MP4_03060.jpg,0.445,0.84,0.615,0.528,0.004,4
culane,culane_driver_193_90frame_06051356_0686.MP4_00000.jpg,0.574,0.86,0.435,0.51,0.003,3
culane,culane_driver_193_90frame_06051356_0686.MP4_00900.jpg,0.487,1,0.657,0.478,0.013,3
culane,culane_driver_193_90frame_06051356_0686.MP4_02700.jpg,0.586,0.48,0.584,0.593,0.075,3
culane,culane_driver_193_90frame_06051356_0686.MP4_03600.jpg,0.537,0.731,0.397,0.602,0.004,3
culane,culane_driver_193_90frame_06051359_0687.MP4_00000.jpg,0.374,0.969,0.68,0.507,0.005,4
culane,culane_driver_193_90frame_06051359_0687.MP4_01260.jpg,,,,,NA,
culane,culane_driver_193_90frame_06051359_0687.MP4_02160.jpg,0.569,0.52,0.486,0.583,0.087,3
culane,culane_driver_193_90frame_06051359_0687.MP4_03060.jpg,0.469,0.525,0.496,0.625,0.004,4
culane,culane_driver_193_90frame_06051359_0687.MP4_03960.jpg,0.532,0.675,0.594,0.546,0.368,2
culane,culane_driver_193_90frame_06051402_0688.MP4_00000.jpg,0.624,0.629,0.507,0.624,0.005,4
culane,culane_driver_193_90frame_06051402_0688.MP4_00900.jpg,0.547,0.759,0.304,0.601,0.006,4
culane,culane_driver_193_90frame_06051402_0688.MP4_02790.jpg,,,,,NA,
culane,culane_driver_193_90frame_06051402_0688.MP4_04590.jpg,0.361,0.57,0.758,0.528,0.011,4
culane,culane_driver_193_90frame_06051405_0689.MP4_00900.jpg,0.585,0.608,0.617,0.568,0.004,4
culane,culane_driver_193_90frame_06051405_0689.MP4_02700.jpg,0.608,0.615,0.586,0.603,0.069,3
culane,culane_driver_193_90frame_06051405_0689.MP4_03600.jpg,0.916,0.797,0.562,0.442,0.003,3
culane,culane_driver_193_90frame_06051405_0689.MP4_04500.jpg,0.746,0.87,0.625,0.474,0.004,3
culane,culane_driver_193_90frame_06051408_0690.MP4_00000.jpg,0.502,0.73,0.556,0.598,0.018,4
culane,culane_driver_193_90frame_06051408_0690.MP4_01080.jpg,0.679,0.539,0.509,0.458,0.074,3
culane,culane_driver_193_90frame_06051408_0690.MP4_03060.jpg,0.665,0.728,0.488,0.565,0.055,3
culane,culane_driver_193_90frame_06051408_0690.MP4_04860.jpg,0.849,0.515,0.484,0.549,0.007,4
culane,culane_driver_193_90frame_06051414_0692.MP4_00360.jpg,0.639,0.774,0.396,0.513,0.004,3
culane,culane_driver_193_90frame_06051414_0692.MP4_01260.jpg,0.362,0.8,0.447,0.535,0.02,3
culane,culane_driver_193_90frame_06051414_0692.MP4_02790.jpg,,,,,NA,
culane,culane_driver_193_90frame_06051417_0693.MP4_00090.jpg,0.533,0.686,0.509,0.491,0.005,4
culane,culane_driver_193_90frame_06051417_0693.MP4_02340.jpg,0.59,0.847,0.373,0.558,0.009,2
culane,culane_driver_193_90frame_06051417_0693.MP4_03240.jpg,0.59,0.966,0.431,0.529,0.198,2
culane,culane_driver_193_90frame_06051420_0694.MP4_00000.jpg,0.484,0.881,0.437,0.582,0.054,3
culane,culane_driver_193_90frame_06051420_0694.MP4_00900.jpg,0.488,0.836,0.383,0.627,0.002,2
culane,culane_driver_193_90frame_06051420_0694.MP4_02700.jpg,0.58,0.841,0.549,0.44,0.023,3
culane,culane_driver_193_90frame_06051420_0694.MP4_04770.jpg,0.41,0.781,0.58,0.423,0.019,3
culane,culane_driver_193_90frame_06051423_0695.MP4_00900.jpg,0.772,0.516,0.615,0.587,0.004,4
culane,culane_driver_193_90frame_06051423_0695.MP4_04680.jpg,0.615,0.616,0.478,0.611,0.013,4
culane,culane_driver_193_90frame_06051426_0696.MP4_00000.jpg,0.649,0.715,0.328,0.561,0.004,4
culane,culane_driver_193_90frame_06051426_0696.MP4_03240.jpg,0.594,0.645,0.373,0.591,0.005,4
culane,culane_driver_193_90frame_06051426_0696.MP4_04140.jpg,0.913,0.519,0.509,0.488,0.009,4
culane,culane_driver_193_90frame_06051429_0697.MP4_04050.jpg,0.601,0.583,0.53,0.482,0.004,4
culane,culane_driver_193_90frame_06051432_0698.MP4_00000.jpg,0.677,0.479,0.305,0.561,0.003,4
culane,culane_driver_193_90frame_06051432_0698.MP4_00900.jpg,0.661,0.641,0.666,0.624,0.02,4
culane,culane_driver_193_90frame_06051432_0698.MP4_01800.jpg,0.749,0.587,0.405,0.529,0.004,4
culane,culane_driver_193_90frame_06051432_0698.MP4_04590.jpg,0.623,0.507,0.396,0.515,0.016,3
culane,culane_driver_193_90frame_06051435_0699.MP4_00000.jpg,0.566,0.649,0.358,0.528,0.004,3
culane,culane_driver_193_90frame_06051435_0699.MP4_01260.jpg,,,,,NA,
culane,culane_driver_193_90frame_06051438_0700.MP4_03600.jpg,0.664,0.778,0.383,0.533,0.005,4
culane,culane_driver_193_90frame_06051441_0701.MP4_00000.jpg,,,,,NA,
culane,culane_driver_193_90frame_06051441_0701.MP4_04680.jpg,0.603,1,0.487,0.606,0.089,3
culane,culane_driver_193_90frame_06051444_0702.MP4_00000.jpg,0.538,0.646,0.464,0.598,0.005,4
culane,culane_driver_193_90frame_06051444_0702.MP4_05040.jpg,,,,,NA,
culane,culane_driver_193_90frame_06051447_0703.MP4_01800.jpg,0.568,0.738,0.417,0.587,0.003,4
culane,culane_driver_193_90frame_06051447_0703.MP4_03600.jpg,0.742,0.504,0.306,0.529,0.183,2
culane,culane_driver_193_90frame_06051450_0704.MP4_00000.jpg,,,,,NA,
culane,culane_driver_193_90frame_06051450_0704.MP4_00900.jpg,0.702,0.877,0.543,0.398,0.004,3
culane,culane_driver_193_90frame_06051450_0704.MP4_01800.jpg,0.576,0.559,0.316,0.706,0.005,3
culane,culane_driver_193_90frame_06051450_0704.MP4_03600.jpg,0.612,0.776,0.55,0.541,0.008,3
culane,culane_driver_193_90frame_06051453_0705.MP4_00000.jpg,,,,,NA,
culane,culane_driver_193_90frame_06051453_0705.MP4_00900.jpg,0.592,0.771,0.617,0.576,0.004,4
culane,culane_driver_193_90frame_06051453_0705.MP4_04050.jpg,,,,,NA,
culane,culane_driver_193_90frame_06051456_0706.MP4_01260.jpg,,,,,NA,
culane,culane_driver_193_90frame_06051456_0706.MP4_02160.jpg,,,,,NA,
culane,culane_driver_193_90frame_06051459_0707.MP4_00900.jpg,0.49,0.431,0.561,0.654,0.005,4
culane,culane_driver_193_90frame_06051502_0708.MP4_00000.jpg,0.807,0.78,0.605,0.501,0.003,3
culane,culane_driver_193_90frame_06051502_0708.MP4_03420.jpg,,,,,NA,
culane,culane_driver_193_90frame_06051502_0708.MP4_04320.jpg,0.524,0.686,0.269,0.635,0.004,4
culane,culane_driver_193_90frame_06051502_0708.MP4_05220.jpg,0.667,0.666,0.627,0.547,0.004,4
culane,culane_driver_193_90frame_06051505_0709.MP4_00000.jpg,0.649,0.664,0.604,0.637,0.004,4
culane,culane_driver_193_90frame_06051505_0709.MP4_00900.jpg,0.591,0.571,0.478,0.533,0.004,4
culane,culane_driver_193_90frame_06051505_0709.MP4_03780.jpg,0.57,0.763,0.597,0.633,0.007,4
culane,culane_driver_193_90frame_06051508_0710.MP4_00000.jpg,0.753,0.804,0.459,0.619,0.068,3
culane,culane_driver_193_90frame_06051508_0710.MP4_01260.jpg,0.468,1,0.442,0.494,0.003,4
culane,culane_driver_193_90frame_06051508_0710.MP4_04050.jpg,0.8,0.75,0.465,0.633,0.043,3
culane,culane_driver_193_90frame_06051508_0710.MP4_05040.jpg,0.673,0.679,0.358,0.618,0.091,3
culane,culane_driver_193_90frame_06051511_0711.MP4_00000.jpg,0.496,0.727,0.49,0.607,0.381,2
culane,culane_driver_193_90frame_06051511_0711.MP4_00900.jpg,0.67,0.731,0.677,0.541,0.005,4
culane,culane_driver_193_90frame_06051511_0711.MP4_01800.jpg,0.619,0.882,0.404,0.514,0.172,2
culane,culane_driver_193_90frame_06051511_0711.MP4_02700.jpg,0.617,0.953,0.786,0.582,0.081,3
culane,culane_driver_193_90frame_06051511_0711.MP4_04500.jpg,0.734,0.985,0.708,0.51,0.028,4
culane,culane_driver_193_90frame_06051514_0712.MP4_00000.jpg,0.571,0.94,0.557,0.496,0.018,3
culane,culane_driver_193_90frame_06051514_0712.MP4_00900.jpg,0.783,0.879,0.779,0.499,0.025,4
culane,culane_driver_193_90frame_06051514_0712.MP4_01800.jpg,0.802,0.819,0.574,0.502,0.003,4
culane,culane_driver_193_90frame_06051514_0712.MP4_03960.jpg,0.65,0.456,0.615,0.501,0.004,4
culane,culane_driver_193_90frame_06051517_0713.MP4_00000.jpg,0.719,0.69,0.652,0.552,0.004,4
culane,culane_driver_193_90frame_06051517_0713.MP4_04410.jpg,0.526,0.914,0.612,0.548,0.006,3
culane,culane_driver_193_90frame_06051520_0714.MP4_00000.jpg,0.684,0.862,0.583,0.534,0.004,4
culane,culane_driver_193_90frame_06051520_0714.MP4_01800.jpg,0.541,0.785,0.402,0.492,0.004,3
culane,culane_driver_193_90frame_06051520_0714.MP4_02700.jpg,0.624,0.959,0.573,0.565,0.007,4
culane,culane_driver_193_90frame_06051523_0715.MP4_00000.jpg,0.563,0.82,0.367,0.666,0.015,4
culane,culane_driver_193_90frame_06051523_0715.MP4_00900.jpg,0.551,0.77,0.492,0.571,0.004,4
culane,culane_driver_193_90frame_06051523_0715.MP4_03600.jpg,0.484,0.763,0.364,0.601,0.01,4
culane,culane_driver_193_90frame_06051523_0715.MP4_04500.jpg,0.579,0.751,0.526,0.492,0.004,4
culane,culane_driver_193_90frame_06051526_0716.MP4_00900.jpg,0.443,0.807,0.476,0.5,0.064,3
culane,culane_driver_193_90frame_06051526_0716.MP4_01800.jpg,0.657,0.789,0.412,0.64,0.062,3
culane,culane_driver_193_90frame_06051526_0716.MP4_02700.jpg,0.832,0.604,0.491,0.612,0.123,2
culane,culane_driver_193_90frame_06051526_0716.MP4_04500.jpg,0.778,0.666,0.607,0.511,0.005,4
culane,culane_driver_193_90frame_06051529_0717.MP4_01800.jpg,0.576,0.67,0.431,0.509,0.003,3
culane,culane_driver_193_90frame_06051529_0717.MP4_02700.jpg,0.536,1,0.498,0.527,0.099,2
culane,culane_driver_193_90frame_06051529_0717.MP4_04500.jpg,0.662,0.735,0.652,0.477,0.004,4
culane,culane_driver_193_90frame_06051532_0718.MP4_00900.jpg,0.771,0.691,0.615,0.489,0.004,4
culane,culane_driver_193_90frame_06051532_0718.MP4_01800.jpg,0.644,0.696,0.539,0.538,0.144,3
culane,culane_driver_193_90frame_06051532_0718.MP4_02700.jpg,0.644,0.694,0.676,0.491,0.01,4
culane,culane_driver_193_90frame_06051532_0718.MP4_04500.jpg,0.616,0.918,0.514,0.534,0.011,2
culane,culane_driver_193_90frame_06051535_0719.MP4_00900.jpg,0.426,0.905,0.595,0.577,0.003,3
culane,culane_driver_193_90frame_06051535_0719.MP4_02790.jpg,0.66,0.697,0.5,0.563,0.074,3
culane,culane_driver_193_90frame_06051538_0720.MP4_00000.jpg,0.686,0.98,0.497,0.483,0.004,4
culane,culane_driver_193_90frame_06051538_0720.MP4_01080.jpg,,,,,NA,
culane,culane_driver_193_90frame_06051538_0720.MP4_01980.jpg,0.525,0.511,0.474,0.602,0.004,3
culane,culane_driver_193_90frame_06051538_0720.MP4_05310.jpg,0.607,0.88,0.376,0.703,0.089,2
culane,culane_driver_193_90frame_06051541_0721.MP4_02430.jpg,,,,,NA,
culane,culane_driver_193_90frame_06051541_0721.MP4_04590.jpg,0.718,0.633,0.515,0.561,0.094,3
culane,culane_driver_193_90frame_06051544_0722.MP4_00000.jpg,0.349,0.888,0.553,0.559,0.003,3
culane,culane_driver_193_90frame_06051551_0723.MP4_01800.jpg,,,,,NA,
culane,culane_driver_193_90frame_06051551_0723.MP4_05310.jpg,0.434,0.473,0.482,0.616,0.058,3
culane,culane_driver_193_90frame_06051554_0724.MP4_00000.jpg,0.335,0.786,0.329,0.629,0.004,4
culane,culane_driver_193_90frame_06051554_0724.MP4_01800.jpg,0.699,0.646,0.521,0.542,0.089,3
culane,culane_driver_193_90frame_06051554_0724.MP4_03600.jpg,0.599,0.851,0.467,0.574,0.004,4
culane,culane_driver_193_90frame_06051554_0724.MP4_04500.jpg,0.752,0.623,0.462,0.534,0.004,3
culane,culane_driver_193_90frame_06051557_0725.MP4_00900.jpg,0.435,0.853,0.398,0.649,0.003,3
culane,culane_driver_193_90frame_06051557_0725.MP4_02700.jpg,0.599,0.69,0.42,0.55,0.041,3
culane,culane_driver_193_90frame_06051600_0726.MP4_00900.jpg,0.571,0.735,0.581,0.627,0.004,4
culane,culane_driver_193_90frame_06051600_0726.MP4_02700.jpg,0.605,0.625,0.512,0.568,0.07,3
culane,culane_driver_193_90frame_06051603_0727.MP4_00000.jpg,0.957,0.935,0.659,0.424,0.084,3
culane,culane_driver_193_90frame_06051603_0727.MP4_03600.jpg,0.556,0.986,0.51,0.584,0.003,3
culane,culane_driver_193_90frame_06051603_0727.MP4_04500.jpg,0.554,0.909,0.53,0.504,0.009,3
culane,culane_driver_193_90frame_06051606_0728.MP4_00000.jpg,0.459,0.644,0.407,0.637,0.008,2
culane,culane_driver_193_90frame_06051606_0728.MP4_00900.jpg,0.577,0.909,0.468,0.565,0.003,3
culane,culane_driver_193_90frame_06051606_0728.MP4_02700.jpg,0.704,0.586,0.643,0.581,0.007,4
culane,culane_driver_193_90frame_06051606_0728.MP4_03600.jpg,0.777,0.75,0.65,0.554,0.004,3
culane,culane_driver_193_90frame_06051606_0728.MP4_04500.jpg,0.781,0.785,0.63,0.535,0.004,3
culane,culane_driver_193_90frame_06051609_0729.MP4_00000.jpg,0.759,0.643,0.491,0.609,0.011,3
culane,culane_driver_193_90frame_06051609_0729.MP4_00900.jpg,0.478,0.907,0.68,0.492,0.004,3
culane,culane_driver_193_90frame_06051609_0729.MP4_02700.jpg,0.669,0.724,0.583,0.481,0.003,3
culane,culane_driver_193_90frame_06051609_0729.MP4_03600.jpg,0.517,1,0.425,0.549,0.007,3
culane,culane_driver_193_90frame_06051609_0729.MP4_04500.jpg,0.607,0.613,0.437,0.656,0.016,2
culane,culane_driver_193_90frame_06051612_0730.MP4_00000.jpg,0.62,0.691,0.462,0.558,0.206,2
culane,culane_driver_193_90frame_06051612_0730.MP4_00900.jpg,0.714,0.787,0.582,0.563,0.506,2
culane,culane_driver_193_90frame_06051612_0730.MP4_01800.jpg,0.629,0.886,0.578,0.555,0.005,3
culane,culane_driver_193_90frame_06051612_0730.MP4_02700.jpg,0.669,0.863,0.514,0.596,0.053,3
culane,culane_driver_193_90frame_06051612_0730.MP4_03600.jpg,0.784,0.756,0.518,0.515,0.132,3
culane,culane_driver_193_90frame_06051612_0730.MP4_04500.jpg,0.456,0.507,0.626,0.544,0.125,3
culane,culane_driver_193_90frame_06051615_0731.MP4_01800.jpg,0.245,1,0.836,0.632,0.003,3
culane,culane_driver_193_90frame_06051615_0731.MP4_02700.jpg,0.7,0.776,0.466,0.446,0.239,2
culane,culane_driver_193_90frame_06051615_0731.MP4_04500.jpg,0.686,0.779,0.641,0.566,0.169,1
culane,culane_driver_193_90frame_06051619_0732.MP4_00900.jpg,0.615,0.956,0.454,0.498,0.003,3
culane,culane_driver_193_90frame_06051619_0732.MP4_02790.jpg,0.567,0.715,0.561,0.563,0.005,3
culane,culane_driver_193_90frame_06051619_0732.MP4_03690.jpg,0.546,0.897,0.688,0.51,0.29,2
culane,culane_driver_193_90frame_06051622_0733.MP4_00000.jpg,0.413,0.847,0.694,0.596,0.119,3
culane,culane_driver_193_90frame_06051622_0733.MP4_05310.jpg,0.357,0.993,0.697,0.513,0.019,2
culane,culane_driver_193_90frame_06051625_0734.MP4_03060.jpg,,,,,NA,
culane,culane_driver_193_90frame_06051628_0735.MP4_00900.jpg,0.75,0.667,0.476,0.389,0.503,1
culane,culane_driver_193_90frame_06051628_0735.MP4_01800.jpg,0.775,0.769,0.61,0.541,0.01,3
culane,culane_driver_193_90frame_06051628_0735.MP4_02700.jpg,0.682,0.611,0.623,0.673,0.007,3
culane,culane_driver_193_90frame_06051628_0735.MP4_05040.jpg,,,,,NA,
culane,culane_driver_193_90frame_06051631_0736.MP4_00090.jpg,,,,,NA,
culane,culane_driver_193_90frame_06051631_0736.MP4_00990.jpg,0.701,1,0.493,0.526,0.004,3
culane,culane_driver_193_90frame_06051631_0736.MP4_01890.jpg,,,,,NA,
culane,culane_driver_193_90frame_06051631_0736.MP4_04680.jpg,0.571,0.986,0.693,0.526,0.005,3
culane,culane_driver_193_90frame_06051634_0737.MP4_00000.jpg,0.752,0.842,0.608,0.552,0.399,1
culane,culane_driver_193_90frame_06051634_0737.MP4_00900.jpg,0.645,0.743,0.537,0.579,0.005,4
culane,culane_driver_193_90frame_06051634_0737.MP4_01800.jpg,0.513,1,0.562,0.577,0.005,4
culane,culane_driver_193_90frame_06051634_0737.MP4_03600.jpg,0.433,0.758,0.693,0.557,0.004,4
culane,culane_driver_193_90frame_06051634_0737.MP4_04500.jpg,0.436,0.639,0.592,0.598,0.005,4
culane,culane_driver_193_90frame_06051637_0738.MP4_00000.jpg,0.629,0.691,0.407,0.525,0.003,3
culane,culane_driver_193_90frame_06051637_0738.MP4_02700.jpg,0.552,0.775,0.447,0.564,0.005,3
culane,culane_driver_193_90frame_06051637_0738.MP4_04500.jpg,0.606,0.763,0.473,0.549,0.006,4
culane,culane_driver_193_90frame_06051640_0739.MP4_01800.jpg,0.745,0.691,0.401,0.546,0.012,2
culane,culane_driver_193_90frame_06051640_0739.MP4_02700.jpg,0.529,0.86,0.503,0.458,0.004,3
culane,culane_driver_193_90frame_06051640_0739.MP4_03600.jpg,0.607,0.637,0.455,0.656,0.008,4
culane,culane_driver_193_90frame_06051640_0739.MP4_04500.jpg,0.562,1,0.439,0.614,0.004,3
culane,culane_driver_193_90frame_06051643_0740.MP4_01980.jpg,0.461,1,0.404,0.474,0.003,3
culane,culane_driver_193_90frame_06051643_0740.MP4_02880.jpg,0.715,0.719,0.534,0.589,0.273,1
culane,culane_driver_193_90frame_06051643_0740.MP4_03780.jpg,0.545,0.943,0.776,0.554,0.059,3
culane,culane_driver_193_90frame_06051643_0740.MP4_04950.jpg,0.691,0.616,0.712,0.583,0.491,2
culane,culane_driver_193_90frame_06051646_0741.MP4_00900.jpg,0.585,0.958,0.72,0.566,0.436,2
culane,culane_driver_193_90frame_06051646_0741.MP4_02520.jpg,,,,,NA,
culane,culane_driver_193_90frame_06051649_0742.MP4_00000.jpg,0.65,0.723,0.363,0.603,0.007,3
culane,culane_driver_193_90frame_06051649_0742.MP4_01800.jpg,0.43,1,0.613,0.54,0.003,3
culane,culane_driver_193_90frame_06051649_0742.MP4_04590.jpg,0.536,0.816,0.505,0.546,0.003,3
culane,culane_driver_193_90frame_06051652_0743.MP4_00000.jpg,0.612,0.732,0.528,0.598,0.003,3
culane,culane_driver_193_90frame_06051652_0743.MP4_00900.jpg,0.589,0.643,0.414,0.598,0.111,3
culane,culane_driver_193_90frame_06051652_0743.MP4_01800.jpg,0.523,0.694,0.34,0.622,0.085,3
culane,culane_driver_193_90frame_06051652_0743.MP4_04590.jpg,0.537,0.775,0.63,0.498,0.017,3
culane,culane_driver_193_90frame_06051655_0744.MP4_00990.jpg,0.54,1,0.601,0.608,0.182,2
culane,culane_driver_193_90frame_06051655_0744.MP4_02880.jpg,0.543,0.519,0.18,0.621,0.244,2
culane,culane_driver_193_90frame_06051701_0746.MP4_00270.jpg,0.523,0.645,0.306,0.519,0.009,3
culane,culane_driver_193_90frame_06051704_0747.MP4_00900.jpg,0.395,0.723,0.665,0.599,0.004,3
culane,culane_driver_193_90frame_06051707_0748.MP4_00000.jpg,0.767,0.603,0.533,0.554,0.005,4
culane,culane_driver_193_90frame_06051707_0748.MP4_00900.jpg,0.83,0.824,0.72,0.524,0.104,3
culane,culane_driver_193_90frame_06051707_0748.MP4_01800.jpg,1,0.734,0.626,0.498,0.371,2
culane,culane_driver_193_90frame_06051707_0748.MP4_02700.jpg,0.79,0.895,0.691,0.443,0.099,3
culane,culane_driver_193_90frame_06051707_0748.MP4_03600.jpg,0.77,0.901,0.512,0.479,0.087,3
culane,culane_driver_193_90frame_06051707_0748.MP4_04500.jpg,0.71,0.66,0.554,0.423,0.004,4
culane,culane_driver_193_90frame_06051710_0749.MP4_01800.jpg,0.665,0.661,0.381,0.589,0.009,4
culane,culane_driver_193_90frame_06051710_0749.MP4_02700.jpg,0.537,0.928,0.638,0.441,0.004,3
culane,culane_driver_193_90frame_06051710_0749.MP4_04500.jpg,0.706,0.81,0.74,0.403,0.1,3
culane,culane_driver_193_90frame_06051713_0750.MP4_00000.jpg,0.712,0.702,0.558,0.509,0.38,2
culane,culane_driver_193_90frame_06051713_0750.MP4_00900.jpg,0.759,0.797,0.728,0.437,0.377,2
culane,culane_driver_193_90frame_06051713_0750.MP4_01800.jpg,0.707,0.938,0.591,0.538,0.152,2
culane,culane_driver_193_90frame_06051713_0750.MP4_03600.jpg,0.571,0.66,0.446,0.677,0.049,3
culane,culane_driver_193_90frame_06051713_0750.MP4_04500.jpg,0.539,0.667,0.679,0.52,0.015,3
culane,culane_driver_193_90frame_06051716_0751.MP4_00000.jpg,0.712,0.822,0.553,0.535,0.479,2
culane,culane_driver_193_90frame_06051716_0751.MP4_00900.jpg,0.588,0.903,0.741,0.482,0.006,3
culane,culane_driver_193_90frame_06051716_0751.MP4_03600.jpg,0.849,0.923,0.688,0.271,0.116,3
culane,culane_driver_193_90frame_06051716_0751.MP4_04770.jpg,0.942,0.866,0.753,0.596,0.096,3
culane,culane_driver_193_90frame_06051719_0752.MP4_00000.jpg,1,0.844,0.676,0.485,0.352,2
culane,culane_driver_193_90frame_06051719_0752.MP4_02790.jpg,0.911,0.817,0.684,0.56,0.071,3
culane,culane_driver_193_90frame_06051719_0752.MP4_03780.jpg,0.841,0.789,0.79,0.587,0.084,3
culane,culane_driver_193_90frame_06051719_0752.MP4_04680.jpg,1,0.799,0.703,0.522,0.372,2
culane,culane_driver_193_90frame_06051722_0753.MP4_00000.jpg,1,0.783,0.629,0.578,0.384,2
culane,culane_driver_193_90frame_06051722_0753.MP4_00900.jpg,0.848,0.864,0.735,0.487,0.084,3
culane,culane_driver_193_90frame_06051722_0753.MP4_04590.jpg,0.652,1,0.734,0.497,0.389,2
culane,culane_driver_193_90frame_06051725_0754.MP4_00000.jpg,0.735,0.896,0.623,0.526,0.371,2
culane,culane_driver_193_90frame_06051725_0754.MP4_00900.jpg,0.911,0.684,0.776,0.444,0.057,3
culane,culane_driver_193_90frame_06051725_0754.MP4_01800.jpg,1,0.722,0.731,0.5,0.115,3
culane,culane_driver_193_90frame_06051725_0754.MP4_04500.jpg,0.8,1,0.801,0.532,0.357,2
culane,culane_driver_193_90frame_06051728_0755.MP4_00000.jpg,0.888,0.914,0.82,0.424,0.071,3
culane,culane_driver_193_90frame_06051728_0755.MP4_01800.jpg,0.814,1,0.741,0.396,0.077,3
culane,culane_driver_193_90frame_06051728_0755.MP4_03600.jpg,1,1,0.778,0.567,0.362,2
culane,culane_driver_193_90frame_06051731_0756.MP4_00000.jpg,0.565,1,0.724,0.47,0.072,3
culane,culane_driver_193_90frame_06051731_0756.MP4_01800.jpg,0.758,1,0.737,0.524,0.085,3
culane,culane_driver_193_90frame_06051731_0756.MP4_02880.jpg,1,1,0.765,0.448,0.376,2
culane,culane_driver_193_90frame_06051731_0756.MP4_03780.jpg,0.872,1,0.793,0.452,0.154,1
culane,culane_driver_193_90frame_06051734_0757.MP4_01260.jpg,0.868,1,0.812,0.502,0.113,3
culane,culane_driver_193_90frame_06051734_0757.MP4_02160.jpg,0.9,1,0.792,0.424,0.087,3
culane,culane_driver_193_90frame_06051734_0757.MP4_03960.jpg,0.567,1,0.653,0.363,0.042,3
culane,culane_driver_193_90frame_06051734_0757.MP4_04860.jpg,0.917,0.766,0.686,0.422,0.004,3
culane,culane_driver_193_90frame_06051737_0758.MP4_00990.jpg,0.65,0.975,0.659,0.51,0.004,3
culane,culane_driver_193_90frame_06051737_0758.MP4_03150.jpg,0.806,0.878,0.778,0.502,0.342,2
culane,culane_driver_193_90frame_06051740_0759.MP4_00000.jpg,0.694,1,0.697,0.546,0.204,2
culane,culane_driver_193_90frame_06051740_0759.MP4_00900.jpg,0.808,0.972,0.813,0.563,0.085,3
culane,culane_driver_193_90frame_06051740_0759.MP4_04500.jpg,0.676,0.973,0.765,0.58,0.109,3
culane,culane_driver_193_90frame_06051743_0760.MP4_00000.jpg,0.912,0.778,0.703,0.621,0.132,3
culane,culane_driver_193_90frame_06051743_0760.MP4_02070.jpg,0.78,0.781,0.847,0.416,0.004,4
culane,culane_driver_193_90frame_06051743_0760.MP4_02970.jpg,0.698,0.739,0.57,0.563,0.17,3
culane,culane_driver_193_90frame_06051743_0760.MP4_03870.jpg,0.73,0.757,0.567,0.507,0.399,2
culane,culane_driver_193_90frame_06051743_0760.MP4_04770.jpg,0.723,0.79,0.571,0.453,0.413,2
culane,culane_driver_193_90frame_06051746_0761.MP4_00000.jpg,0.738,0.83,0.597,0.522,0.407,2
culane,culane_driver_193_90frame_06051746_0761.MP4_00900.jpg,0.613,0.71,0.507,0.605,0.303,2
culane,culane_driver_193_90frame_06051746_0761.MP4_01800.jpg,0.652,0.847,0.587,0.428,0.013,3
culane,culane_driver_193_90frame_06051746_0761.MP4_02700.jpg,0.667,0.848,0.714,0.502,0.212,2
culane,culane_driver_193_90frame_06051746_0761.MP4_03600.jpg,0.712,0.958,0.682,0.564,0.095,3
culane,culane_driver_193_90frame_06051749_0762.MP4_02790.jpg,0.667,0.698,0.73,0.462,0.005,4
culane,culane_driver_193_90frame_06051749_0762.MP4_03690.jpg,0.739,0.78,0.7,0.556,0.347,2
culane,culane_driver_193_90frame_06051749_0762.MP4_04590.jpg,,,,,NA,
culane,culane_driver_193_90frame_06051755_0764.MP4_00000.jpg,,,,,NA,
culane,culane_driver_193_90frame_06051755_0764.MP4_00900.jpg,0.492,1,0.603,0.476,0.174,2
culane,culane_driver_193_90frame_06051755_0764.MP4_01800.jpg,0.595,0.836,0.489,0.425,0.004,4
culane,culane_driver_193_90frame_06051755_0764.MP4_02700.jpg,,,,,NA,
culane,culane_driver_193_90frame_06051755_0764.MP4_04770.jpg,0.545,0.662,0.469,0.625,0.003,3
culane,culane_driver_193_90frame_06051758_0765.MP4_00000.jpg,0.465,0.787,0.363,0.696,0.002,3
culane,culane_driver_193_90frame_06051758_0765.MP4_00900.jpg,0.707,0.584,0.419,0.557,0.202,2
culane,culane_driver_193_90frame_06051814_0766.MP4_00000.jpg,0.5,0.624,0.177,0.616,0.004,3
culane,culane_driver_193_90frame_06051814_0766.MP4_00900.jpg,,,,,NA,
culane,culane_driver_193_90frame_06051814_0766.MP4_01800.jpg,,,,,NA,
culane,culane_driver_193_90frame_06060639_0767.MP4_00000.jpg,,,,,NA,
culane,culane_driver_193_90frame_06060639_0767.MP4_00900.jpg,0.555,0.526,0.51,0.528,0.513,1
culane,culane_driver_193_90frame_06060639_0767.MP4_01800.jpg,0.548,0.627,0.406,0.635,0.013,3
culane,culane_driver_193_90frame_06060639_0767.MP4_02700.jpg,0.684,0.745,0.715,0.549,0.24,2
culane,culane_driver_193_90frame_06060639_0767.MP4_04500.jpg,0.662,0.682,0.597,0.641,0.268,2
culane,culane_driver_193_90frame_06060642_0768.MP4_00000.jpg,0.754,0.806,0.726,0.491,0.218,2
culane,culane_driver_193_90frame_06060642_0768.MP4_02700.jpg,0.465,1,0.675,0.554,0.006,2
culane,culane_driver_193_90frame_06060642_0768.MP4_03600.jpg,0.633,0.672,0.661,0.493,0.07,3
culane,culane_driver_193_90frame_06060645_0769.MP4_00990.jpg,0.689,0.48,0.468,0.349,0.004,3
culane,culane_driver_193_90frame_06060654_0772.MP4_01800.jpg,0.632,0.583,0.3,0.603,0.006,3
culane,culane_driver_193_90frame_06060657_0773.MP4_02970.jpg,0.455,0.79,0.328,0.657,0.006,3
culane,culane_driver_193_90frame_06060706_0776.MP4_00270.jpg,0.544,0.976,0.63,0.424,0.006,2
culane,culane_driver_193_90frame_06060709_0777.MP4_00090.jpg,0.556,0.966,0.652,0.422,0.005,3
culane,culane_driver_193_90frame_06060712_0778.MP4_00180.jpg,0.53,1,0.602,0.477,0.004,3
culane,culane_driver_193_90frame_06060712_0778.MP4_03060.jpg,0.763,0.847,0.627,0.517,0.005,3
culane,culane_driver_193_90frame_06060715_0779.MP4_00000.jpg,0.568,0.888,0.57,0.5,0.259,2
culane,culane_driver_193_90frame_06060715_0779.MP4_01530.jpg,0.631,0.883,0.527,0.535,0.006,3
culane,culane_driver_193_90frame_06060715_0779.MP4_03600.jpg,0.575,0.834,0.408,0.549,0.205,2
culane,culane_driver_193_90frame_06060718_0780.MP4_01800.jpg,0.414,1,0.397,0.592,0.002,2
culane,culane_driver_193_90frame_06060718_0780.MP4_02700.jpg,0.978,1,0.466,0.523,0.495,1
culane,culane_driver_193_90frame_06060721_0781.MP4_01800.jpg,0.908,1,0.795,0.5,0.053,3
culane,culane_driver_193_90frame_06060721_0781.MP4_03600.jpg,0.467,1,0.633,0.477,0.004,3
culane,culane_driver_193_90frame_06060724_0782.MP4_02700.jpg,0.729,1,0.809,0.38,0.004,3
culane,culane_driver_193_90frame_06060724_0782.MP4_04500.jpg,0.61,1,0.806,0.495,0.004,3
culane,culane_driver_193_90frame_06060727_0783.MP4_02790.jpg,0.94,1,0.82,0.432,0.063,3
culane,culane_driver_193_90frame_06060727_0783.MP4_03780.jpg,0.643,1,0.791,0.421,0.004,3
culane,culane_driver_193_90frame_06060730_0784.MP4_01800.jpg,0.542,1,0.777,0.479,0.158,2
culane,culane_driver_193_90frame_06060730_0784.MP4_03600.jpg,0.838,0.962,0.77,0.526,0.062,3
culane,culane_driver_193_90frame_06060733_0785.MP4_02700.jpg,0.734,1,0.792,0.594,0.005,3
culane,culane_driver_193_90frame_06060733_0785.MP4_03600.jpg,0.554,1,0.693,0.585,0.004,3
culane,culane_driver_193_90frame_06060733_0785.MP4_04500.jpg,0.551,1,0.659,0.591,0.004,3
culane,culane_driver_193_90frame_06060736_0786.MP4_01800.jpg,0.716,1,0.668,0.483,0.004,3
culane,culane_driver_193_90frame_06060736_0786.MP4_02700.jpg,0.59,1,0.738,0.558,0.004,3
culane,culane_driver_193_90frame_06060736_0786.MP4_04500.jpg,0.72,1,0.64,0.529,0.005,3
culane,culane_driver_193_90frame_06060739_0787.MP4_00000.jpg,0.525,1,0.665,0.531,0.004,3
culane,culane_driver_193_90frame_06060739_0787.MP4_01800.jpg,0.477,1,0.611,0.421,0.004,3
culane,culane_driver_193_90frame_06060739_0787.MP4_02700.jpg,0.623,1,0.698,0.494,0.005,4
culane,culane_driver_193_90frame_06060739_0787.MP4_03600.jpg,0.767,0.967,0.704,0.517,0.005,4
culane,culane_driver_193_90frame_06060742_0788.MP4_00900.jpg,0.537,1,0.675,0.439,0.005,3
culane,culane_driver_193_90frame_06060745_0789.MP4_00900.jpg,0.66,1,0.752,0.502,0.004,3
culane,culane_driver_193_90frame_06060745_0789.MP4_01800.jpg,0.578,1,0.635,0.535,0.004,3
culane,culane_driver_193_90frame_06060745_0789.MP4_03600.jpg,0.476,0.846,0.751,0.568,0.005,3
culane,culane_driver_193_90frame_06060748_0790.MP4_00000.jpg,0.845,1,0.742,0.477,0.003,3
culane,culane_driver_193_90frame_06060748_0790.MP4_01800.jpg,0.582,1,0.586,0.503,0.004,4
culane,culane_driver_193_90frame_06060748_0790.MP4_03600.jpg,0.45,0.852,0.546,0.603,0.004,4
culane,culane_driver_193_90frame_06060748_0790.MP4_04500.jpg,0.379,1,0.657,0.524,0.004,4
culane,culane_driver_193_90frame_06060751_0791.MP4_00000.jpg,0.609,1,0.49,0.507,0.004,4
culane,culane_driver_193_90frame_06060751_0791.MP4_01260.jpg,0.591,0.849,0.334,0.573,0.004,2
culane,culane_driver_193_90frame_06060751_0791.MP4_02160.jpg,0.597,0.553,0.158,0.558,0.004,2
culane,culane_driver_193_90frame_06060754_0792.MP4_00000.jpg,0.342,1,0.659,0.569,0.004,4
culane,culane_driver_193_90frame_06060754_0792.MP4_00900.jpg,0.396,1,0.498,0.624,0.006,4
culane,culane_driver_193_90frame_06060754_0792.MP4_01800.jpg,0.554,1,0.583,0.465,0.006,4
culane,culane_driver_193_90frame_06060754_0792.MP4_02700.jpg,0.598,0.883,0.603,0.338,0.005,4
culane,culane_driver_193_90frame_06060754_0792.MP4_04500.jpg,0.394,0.794,0.704,0.558,0.006,4
culane,culane_driver_193_90frame_06060757_0793.MP4_00000.jpg,0.483,0.951,0.7,0.528,0.005,4
culane,culane_driver_193_90frame_06060757_0793.MP4_00900.jpg,0.734,1,0.723,0.583,0.005,4
culane,culane_driver_193_90frame_06060757_0793.MP4_02700.jpg,0.792,0.737,0.697,0.594,0.081,3
culane,culane_driver_193_90frame_06060800_0794.MP4_00000.jpg,0.994,0.957,0.521,0.477,0.08,3
culane,culane_driver_193_90frame_06060800_0794.MP4_00900.jpg,0.796,1,0.473,0.472,0.004,4
culane,culane_driver_193_90frame_06060800_0794.MP4_02700.jpg,0.489,1,0.686,0.466,0.004,4
culane,culane_driver_193_90frame_06060803_0795.MP4_00000.jpg,0.744,0.938,0.528,0.513,0.005,4
culane,culane_driver_193_90frame_06060803_0795.MP4_01800.jpg,0.694,0.983,0.594,0.542,0.006,4
culane,culane_driver_193_90frame_06060803_0795.MP4_03600.jpg,0.783,0.604,0.394,0.498,0.011,4
culane,culane_driver_193_90frame_06060806_0796.MP4_00000.jpg,0.505,0.957,0.572,0.522,0.005,4
culane,culane_driver_193_90frame_06060806_0796.MP4_00900.jpg,0.584,0.884,0.667,0.512,0.005,4
culane,culane_driver_193_90frame_06060806_0796.MP4_01800.jpg,0.515,1,0.506,0.501,0.005,4
culane,culane_driver_193_90frame_06060809_0797.MP4_00900.jpg,0.676,0.885,0.529,0.523,0.005,4
culane,culane_driver_193_90frame_06060809_0797.MP4_01800.jpg,0.626,0.92,0.413,0.531,0.004,4
culane,culane_driver_193_90frame_06060812_0798.MP4_00000.jpg,0.72,0.913,0.425,0.557,0.004,3
culane,culane_driver_193_90frame_06060812_0798.MP4_01800.jpg,0.627,1,0.585,0.601,0.083,2
culane,culane_driver_193_90frame_06060812_0798.MP4_02700.jpg,0.74,0.953,0.421,0.65,0.002,2
culane,culane_driver_193_90frame_06060812_0798.MP4_03600.jpg,0.738,0.966,0.464,0.514,0.002,2
culane,culane_driver_193_90frame_06060815_0799.MP4_00900.jpg,0.833,1,0.646,0.433,0.354,2
culane,culane_driver_193_90frame_06060815_0799.MP4_02700.jpg,0.902,0.997,0.572,0.526,0.36,2
culane,culane_driver_193_90frame_06060815_0799.MP4_03600.jpg,0.642,1,0.418,0.528,0.005,4
culane,culane_driver_193_90frame_06060815_0799.MP4_04500.jpg,0.619,0.717,0.517,0.406,0.004,4
culane,culane_driver_193_90frame_06060818_0800.MP4_00000.jpg,0.709,0.886,0.467,0.515,0.005,4
culane,culane_driver_193_90frame_06060818_0800.MP4_00900.jpg,0.607,0.93,0.541,0.475,0.005,4
culane,culane_driver_193_90frame_06060818_0800.MP4_01800.jpg,0.727,0.902,0.47,0.45,0.004,4
culane,culane_driver_193_90frame_06060818_0800.MP4_02700.jpg,0.63,0.939,0.687,0.504,0.006,4
culane,culane_driver_193_90frame_06060821_0801.MP4_00000.jpg,0.571,0.963,0.606,0.538,0.004,4
culane,culane_driver_193_90frame_06060821_0801.MP4_03600.jpg,0.656,0.919,0.698,0.505,0.005,4
culane,culane_driver_193_90frame_06060821_0801.MP4_04500.jpg,0.755,0.832,0.546,0.567,0.005,4
culane,culane_driver_193_90frame_06060824_0802.MP4_03600.jpg,0.804,0.889,0.393,0.486,0.009,2
culane,culane_driver_193_90frame_06060824_0802.MP4_04500.jpg,0.628,1,0.565,0.479,0.124,2
culane,culane_driver_193_90frame_06060827_0803.MP4_00000.jpg,0.521,1,0.63,0.469,0.004,3
culane,culane_driver_193_90frame_06060830_0804.MP4_00000.jpg,0.633,0.678,0.404,0.472,0.03,3
culane,culane_driver_193_90frame_06060830_0804.MP4_01800.jpg,0.529,0.983,0.43,0.654,0.003,2
culane,culane_driver_193_90frame_06060830_0804.MP4_03600.jpg,,,,,NA,
culane,culane_driver_193_90frame_06060830_0804.MP4_04500.jpg,0.79,0.762,0.636,0.548,0.147,2
culane,culane_driver_193_90frame_06060833_0805.MP4_00000.jpg,0.646,0.775,0.486,0.516,0.003,4
culane,culane_driver_193_90frame_06060833_0805.MP4_00900.jpg,,,,,NA,
culane,culane_driver_193_90frame_06060833_0805.MP4_02700.jpg,0.539,1,0.569,0.552,0.085,3
culane,culane_driver_193_90frame_06060833_0805.MP4_03960.jpg,0.69,0.756,0.502,0.547,0.004,4
culane,culane_driver_193_90frame_06060833_0805.MP4_04860.jpg,,,,,NA,
culane,culane_driver_193_90frame_06060836_0806.MP4_00000.jpg,0.555,0.695,0.493,0.527,0.005,4
culane,culane_driver_193_90frame_06060839_0807.MP4_00000.jpg,0.649,0.589,0.346,0.536,0.004,4
culane,culane_driver_193_90frame_06060839_0807.MP4_02700.jpg,0.536,0.668,0.544,0.531,0.004,3
culane,culane_driver_193_90frame_06060839_0807.MP4_04590.jpg,0.46,0.904,0.62,0.528,0.003,3
culane,culane_driver_193_90frame_06060842_0808.MP4_00900.jpg,,,,,NA,
culane,culane_driver_193_90frame_06060842_0808.MP4_03600.jpg,0.532,0.638,0.372,0.646,0.003,4
culane,culane_driver_193_90frame_06060842_0808.MP4_04500.jpg,,,,,NA,
culane,culane_driver_193_90frame_06060845_0809.MP4_03780.jpg,0.571,0.7,0.479,0.565,0.107,3
culane,culane_driver_193_90frame_06060845_0809.MP4_04680.jpg,0.514,0.839,0.417,0.571,0.003,3
culane,culane_driver_193_90frame_06060848_0810.MP4_04320.jpg,0.759,0.941,0.436,0.464,0.01,3
culane,culane_driver_193_90frame_06060851_0811.MP4_00000.jpg,0.782,0.965,0.435,0.493,0.003,3
culane,culane_driver_193_90frame_06060851_0811.MP4_00900.jpg,0.6,1,0.559,0.488,0.003,3
culane,culane_driver_193_90frame_06060854_0812.MP4_01980.jpg,0.409,1,0.6,0.581,0.004,4
culane,culane_driver_193_90frame_06060854_0812.MP4_02970.jpg,0.625,0.756,0.43,0.577,0.165,2
culane,culane_driver_193_90frame_06060854_0812.MP4_03870.jpg,0.593,0.862,0.44,0.506,0.166,2
culane,culane_driver_193_90frame_06060854_0812.MP4_04860.jpg,0.457,0.948,0.45,0.508,0.374,2
culane,culane_driver_193_90frame_06060857_0813.MP4_00000.jpg,,,,,NA,
culane,culane_driver_193_90frame_06060857_0813.MP4_00900.jpg,0.362,0.698,0.224,0.644,0.003,3
culane,culane_driver_193_90frame_06060857_0813.MP4_01800.jpg,0.573,0.86,0.296,0.573,0.005,4
culane,culane_driver_193_90frame_06060857_0813.MP4_02700.jpg,0.464,0.895,0.298,0.52,0.015,4
culane,culane_driver_193_90frame_06060900_0814.MP4_00000.jpg,0.508,1,0.585,0.482,0.254,2
culane,culane_driver_193_90frame_06060900_0814.MP4_00900.jpg,,,,,NA,
culane,culane_driver_193_90frame_06060903_0815.MP4_00000.jpg,0.553,0.726,0.507,0.52,0.003,4
culane,culane_driver_193_90frame_06060903_0815.MP4_00900.jpg,0.544,0.716,0.575,0.594,0.003,4
culane,culane_driver_193_90frame_06060906_0816.MP4_00180.jpg,0.481,0.931,0.321,0.493,0.005,4
culane,culane_driver_193_90frame_06060906_0816.MP4_01260.jpg,,,,,NA,
culane,culane_driver_193_90frame_06060906_0816.MP4_03420.jpg,,,,,NA,
culane,culane_driver_193_90frame_06060906_0816.MP4_04320.jpg,0.722,0.67,0.505,0.563,0.005,3
culane,culane_driver_193_90frame_06060910_0817.MP4_00000.jpg,0.534,0.858,0.441,0.519,0.003,3
culane,culane_driver_193_90frame_06060910_0817.MP4_01080.jpg,0.745,0.688,0.302,0.524,0.003,3
culane,culane_driver_193_90frame_06060910_0817.MP4_02700.jpg,0.791,0.799,0.39,0.46,0.003,3
culane,culane_driver_193_90frame_06060910_0817.MP4_04140.jpg,0.794,0.727,0.483,0.43,0.003,3
culane,culane_driver_193_90frame_06060913_0818.MP4_00900.jpg,0.49,0.956,0.382,0.441,0.159,2
culane,culane_driver_193_90frame_06060913_0818.MP4_01980.jpg,0.483,0.567,0.51,0.598,0.003,3
culane,culane_driver_193_90frame_06060913_0818.MP4_02880.jpg,0.621,0.526,0.109,0.615,0.163,2
culane,culane_driver_193_90frame_06060913_0818.MP4_03780.jpg,0.469,0.93,0.266,0.588,0.003,3
culane,culane_driver_193_90frame_06060916_0819.MP4_00000.jpg,0.96,0.772,0.555,0.517,0.282,2
culane,culane_driver_193_90frame_06060916_0819.MP4_01890.jpg,0.817,0.848,0.445,0.471,0.003,3
culane,culane_driver_193_90frame_06060916_0819.MP4_03240.jpg,0.846,0.917,0.466,0.467,0.004,3
culane,culane_driver_193_90frame_06060916_0819.MP4_05040.jpg,0.701,0.658,0.433,0.608,0.084,3
culane,culane_driver_193_90frame_06060919_0820.MP4_00000.jpg,0.688,0.594,0.438,0.593,0.062,3
culane,culane_driver_193_90frame_06060919_0820.MP4_01800.jpg,0.541,0.857,0.464,0.503,0.004,4
culane,culane_driver_193_90frame_06060919_0820.MP4_03240.jpg,0.408,1,0.555,0.577,0.002,3
culane,culane_driver_193_90frame_06060922_0821.MP4_00000.jpg,,,,,NA,
culane,culane_driver_193_90frame_06060922_0821.MP4_00990.jpg,0.548,0.521,0.672,0.575,0.014,3
culane,culane_driver_193_90frame_06060922_0821.MP4_04500.jpg,,,,,NA,
culane,culane_driver_193_90frame_06060925_0822.MP4_00000.jpg,0.693,0.689,0.247,0.445,0.003,3
culane,culane_driver_193_90frame_06060925_0822.MP4_00900.jpg,0.625,0.911,0.571,0.652,0.01,2
culane,culane_driver_193_90frame_06060925_0822.MP4_02700.jpg,0.684,0.733,0.752,0.451,0.004,4
culane,culane_driver_193_90frame_06060925_0822.MP4_03600.jpg,0.551,0.675,0.523,0.495,0.004,4
culane,culane_driver_193_90frame_06060925_0822.MP4_04500.jpg,0.611,0.895,0.677,0.457,0.004,4
culane,culane_driver_193_90frame_06060928_0823.MP4_00000.jpg,0.72,0.681,0.533,0.539,0.143,3
culane,culane_driver_193_90frame_06060928_0823.MP4_00900.jpg,0.58,0.737,0.397,0.462,0.103,3
culane,culane_driver_193_90frame_06060928_0823.MP4_02700.jpg,0.776,0.617,0.704,0.48,0.064,3
culane,culane_driver_193_90frame_06060928_0823.MP4_03600.jpg,0.701,0.64,0.405,0.561,0.151,3
culane,culane_driver_193_90frame_06060928_0823.MP4_04500.jpg,0.626,0.832,0.736,0.571,0.018,3
culane,culane_driver_193_90frame_06060931_0824.MP4_02700.jpg,0.734,0.742,0.647,0.517,0.066,3
culane,culane_driver_193_90frame_06060931_0824.MP4_04500.jpg,0.524,1,0.623,0.568,0.003,3
culane,culane_driver_193_90frame_06060934_0825.MP4_02700.jpg,0.696,0.598,0.516,0.565,0.004,4
culane,culane_driver_193_90frame_06060937_0826.MP4_00900.jpg,0.589,0.691,0.404,0.489,0.009,4
culane,culane_driver_193_90frame_06060937_0826.MP4_01800.jpg,0.436,0.975,0.448,0.58,0.004,4
culane,culane_driver_193_90frame_06060937_0826.MP4_04770.jpg,,,,,NA,
culane,culane_driver_193_90frame_06060940_0827.MP4_00900.jpg,0.656,0.713,0.658,0.532,0.11,3
culane,culane_driver_193_90frame_06060940_0827.MP4_02700.jpg,0.42,0.903,0.747,0.486,0.106,3
culane,culane_driver_193_90frame_06060943_0828.MP4_00900.jpg,0.524,1,0.38,0.398,0.003,3
culane,culane_driver_193_90frame_06060943_0828.MP4_03960.jpg,0.598,1,0.517,0.645,0.003,2
culane,culane_driver_193_90frame_06060943_0828.MP4_04860.jpg,0.266,1,0.652,0.465,0.004,3
culane,culane_driver_193_90frame_06060946_0829.MP4_04230.jpg,0.823,0.575,0.618,0.601,0.004,4
culane,culane_driver_193_90frame_06060946_0829.MP4_05130.jpg,0.588,0.71,0.653,0.592,0.025,4
culane,culane_driver_193_90frame_06060949_0830.MP4_00000.jpg,0.658,0.747,0.537,0.583,0.014,4
culane,culane_driver_193_90frame_06060949_0830.MP4_00900.jpg,0.407,1,0.558,0.645,0.012,4
culane,culane_driver_193_90frame_06060949_0830.MP4_01890.jpg,0.793,0.819,0.63,0.477,0.006,4
culane,culane_driver_193_90frame_06060949_0830.MP4_03690.jpg,0.662,0.622,0.329,0.523,0.003,3
culane,culane_driver_193_90frame_06060952_0831.MP4_02700.jpg,0.648,0.608,0.491,0.607,0.055,3
culane,culane_driver_193_90frame_06060952_0831.MP4_03600.jpg,0.571,1,0.474,0.566,0.003,3
culane,culane_driver_193_90frame_06060952_0831.MP4_04500.jpg,0.595,0.68,0.319,0.569,0.004,3
culane,culane_driver_193_90frame_06060955_0832.MP4_00900.jpg,0.599,0.566,0.475,0.563,0.012,3
culane,culane_driver_193_90frame_06060955_0832.MP4_04410.jpg,0.568,0.845,0.6,0.528,0.003,4
culane,culane_driver_193_90frame_06060958_0833.MP4_00360.jpg,0.806,0.65,0.458,0.437,0.003,4
culane,culane_driver_193_90frame_06060958_0833.MP4_01260.jpg,0.544,0.605,0.562,0.572,0.032,4
culane,culane_driver_193_90frame_06060958_0833.MP4_03240.jpg,,,,,NA,
culane,culane_driver_193_90frame_06060958_0833.MP4_04770.jpg,,,,,NA,
culane,culane_driver_193_90frame_06061001_0834.MP4_00000.jpg,0.565,0.664,0.333,0.517,0.004,3
culane,culane_driver_193_90frame_06061001_0834.MP4_01800.jpg,0.687,0.806,0.297,0.584,0.003,4
culane,culane_driver_193_90frame_06061001_0834.MP4_02700.jpg,0.543,0.947,0.237,0.53,0.003,4
culane,culane_driver_193_90frame_06061001_0834.MP4_04590.jpg,0.44,0.881,0.337,0.555,0.004,4
culane,culane_driver_193_90frame_06061004_0835.MP4_00900.jpg,0.579,0.839,0.29,0.551,0.003,4
culane,culane_driver_193_90frame_06061004_0835.MP4_03330.jpg,0.744,0.576,0.218,0.484,0.003,3
culane,culane_driver_193_90frame_06061007_0836.MP4_01890.jpg,0.72,0.617,0.362,0.616,0.003,3
culane,culane_driver_193_90frame_06061007_0836.MP4_02790.jpg,0.649,0.587,0.424,0.672,0.003,3
culane,culane_driver_193_90frame_06061007_0836.MP4_03690.jpg,0.69,0.615,0.465,0.58,0.477,1
culane,culane_driver_193_90frame_06061007_0836.MP4_05220.jpg,0.725,0.475,0.336,0.428,0.222,2
culane,culane_driver_193_90frame_06061010_0837.MP4_02610.jpg,0.5,0.815,0.374,0.402,0.004,3
culane,culane_driver_193_90frame_06061010_0837.MP4_03870.jpg,,,,,NA,
culane,culane_driver_193_90frame_06061010_0837.MP4_04770.jpg,0.564,0.819,0.328,0.558,0.003,3
culane,culane_driver_193_90frame_06061013_0838.MP4_00630.jpg,0.729,0.693,0.28,0.567,0.004,3
culane,culane_driver_193_90frame_06061013_0838.MP4_02520.jpg,0.694,0.684,0.249,0.527,0.003,3
culane,culane_driver_193_90frame_06061016_0839.MP4_01620.jpg,0.75,0.747,0.489,0.525,0.003,4
culane,culane_driver_193_90frame_06061019_0840.MP4_02160.jpg,0.693,0.969,0.342,0.548,0.005,3
culane,culane_driver_193_90frame_06061019_0840.MP4_03060.jpg,0.542,0.847,0.367,0.507,0.003,3
culane,culane_driver_193_90frame_06061022_0841.MP4_00900.jpg,0.696,0.566,0.253,0.535,0.002,2
culane,culane_driver_193_90frame_06061022_0841.MP4_01890.jpg,0.582,0.842,0.059,0.581,0.002,2
culane,culane_driver_193_90frame_06061022_0841.MP4_03150.jpg,0.655,0.616,0.246,0.52,0.026,2
culane,culane_driver_193_90frame_06061022_0841.MP4_04230.jpg,0.655,0.746,0.217,0.547,0.002,2
culane,culane_driver_193_90frame_06061022_0841.MP4_05220.jpg,0.687,0.789,0.205,0.481,0.002,2
culane,culane_driver_193_90frame_06061025_0842.MP4_00000.jpg,0.631,0.589,0.144,0.461,0.002,2
culane,culane_driver_193_90frame_06061025_0842.MP4_01350.jpg,0.534,0.558,0.192,0.531,0.002,2
culane,culane_driver_193_90frame_06061025_0842.MP4_04950.jpg,0.433,0.743,0.41,0.518,0.003,4
culane,culane_driver_193_90frame_06061031_0844.MP4_01710.jpg,0.416,0.802,0.574,0.49,0.004,4
culane,culane_driver_193_90frame_06061031_0844.MP4_04410.jpg,0.514,0.988,0.467,0.495,0.004,4
culane,culane_driver_193_90frame_06061034_0845.MP4_00000.jpg,0.532,0.927,0.507,0.425,0.003,4
culane,culane_driver_193_90frame_06061034_0845.MP4_01800.jpg,0.541,1,0.579,0.536,0.003,4
culane,culane_driver_193_90frame_06061034_0845.MP4_04230.jpg,0.481,1,0.545,0.436,0.003,4
culane,culane_driver_193_90frame_06061037_0846.MP4_00900.jpg,0.518,0.895,0.509,0.518,0.002,3
culane,culane_driver_193_90frame_06061037_0846.MP4_03780.jpg,0.558,0.49,0.501,0.582,0.006,2
culane,culane_driver_193_90frame_06061037_0846.MP4_05220.jpg,0.763,0.67,0.449,0.342,0.003,3
culane,culane_driver_193_90frame_06061040_0847.MP4_02700.jpg,0.633,0.883,0.65,0.53,0.062,3
culane,culane_driver_193_90frame_06061040_0847.MP4_03600.jpg,0.733,0.72,0.601,0.527,0.142,2
culane,culane_driver_193_90frame_06061040_0847.MP4_04500.jpg,0.541,0.565,0.354,0.475,0.004,4
culane,culane_driver_193_90frame_06061043_0848.MP4_03060.jpg,,,,,NA,
culane,culane_driver_193_90frame_06061043_0848.MP4_03960.jpg,,,,,NA,
culane,culane_driver_193_90frame_06061046_0849.MP4_01800.jpg,0.793,0.539,0.456,0.555,0.026,4
culane,culane_driver_193_90frame_06061046_0849.MP4_02700.jpg,0.648,0.565,0.39,0.569,0.005,3
culane,culane_driver_193_90frame_06061046_0849.MP4_03600.jpg,0.732,0.557,0.477,0.639,0.004,3
culane,culane_driver_193_90frame_06061049_0850.MP4_00000.jpg,0.687,0.804,0.606,0.499,0.003,3
culane,culane_driver_193_90frame_06061049_0850.MP4_01800.jpg,0.601,0.534,0.533,0.548,0.372,2
culane,culane_driver_193_90frame_06061049_0850.MP4_04500.jpg,0.897,0.575,0.372,0.606,0.041,2
culane,culane_driver_193_90frame_06061052_0851.MP4_00000.jpg,0.677,0.602,0.381,0.522,0.003,3
culane,culane_driver_37_30frame_05181432_0203.MP4_00300.jpg,0.66,0.446,0.426,0.618,0.005,3
culane,culane_driver_37_30frame_05181432_0203.MP4_00600.jpg,,,,,NA,
culane,culane_driver_37_30frame_05181432_0203.MP4_01500.jpg,0.732,0.67,0.322,0.597,0.003,3
culane,culane_driver_37_30frame_05181432_0203.MP4_01800.jpg,0.768,0.644,0.411,0.54,0.376,2
culane,culane_driver_37_30frame_05181432_0203.MP4_02100.jpg,0.575,0.651,0.426,0.589,0.004,4
culane,culane_driver_37_30frame_05181432_0203.MP4_02400.jpg,0.778,0.507,0.344,0.602,0.108,1
culane,culane_driver_37_30frame_05181432_0203.MP4_02700.jpg,0.765,0.573,0.419,0.566,0.397,2
culane,culane_driver_37_30frame_05181432_0203.MP4_03300.jpg,0.382,0.761,0.312,0.6,0.003,3
culane,culane_driver_37_30frame_05181432_0203.MP4_03900.jpg,0.556,0.902,0.4,0.583,0.039,3
culane,culane_driver_37_30frame_05181432_0203.MP4_04200.jpg,0.523,0.971,0.36,0.618,0.032,3
culane,culane_driver_37_30frame_05181432_0203.MP4_04800.jpg,0.52,0.904,0.296,0.564,0.002,3
culane,culane_driver_37_30frame_05181520_0219.MP4_00000.jpg,0.832,0.792,0.577,0.518,0.003,3
culane,culane_driver_37_30frame_05181520_0219.MP4_00300.jpg,0.639,0.965,0.565,0.517,0.003,3
culane,culane_driver_37_30frame_05181520_0219.MP4_00600.jpg,0.627,0.971,0.519,0.426,0.003,3
culane,culane_driver_37_30frame_05181520_0219.MP4_01800.jpg,0.549,0.567,0.687,0.558,0.003,3
culane,culane_driver_37_30frame_05181520_0219.MP4_02100.jpg,0.682,0.721,0.631,0.516,0.004,3
culane,culane_driver_37_30frame_05181520_0219.MP4_03000.jpg,0.6,0.735,0.439,0.532,0.004,3
culane,culane_driver_37_30frame_05181520_0219.MP4_03300.jpg,0.759,0.629,0.469,0.589,0.004,3
culane,culane_driver_37_30frame_05181520_0219.MP4_03600.jpg,0.699,0.704,0.5,0.501,0.004,3
culane,culane_driver_37_30frame_05181520_0219.MP4_05100.jpg,0.885,0.954,0.519,0.509,0.269,1
culane,culane_driver_37_30frame_05181608_0235.MP4_00600.jpg,0.539,1,0.373,0.599,0.003,2
culane,culane_driver_37_30frame_05181608_0235.MP4_01500.jpg,0.455,1,0.362,0.553,0.003,2
culane,culane_driver_37_30frame_05181608_0235.MP4_02700.jpg,0.526,1,0.373,0.639,0.003,2
culane,culane_driver_37_30frame_05181608_0235.MP4_03000.jpg,0.539,1,0.379,0.579,0.003,2
culane,culane_driver_37_30frame_05181608_0235.MP4_03600.jpg,0.411,1,0.658,0.504,0.004,4
culane,culane_driver_37_30frame_05181608_0235.MP4_03900.jpg,0.41,1,0.774,0.494,0.004,3
culane,culane_driver_37_30frame_05181608_0235.MP4_04200.jpg,0.481,1,0.636,0.572,0.003,3
culane,culane_driver_37_30frame_05181656_0251.MP4_00000.jpg,0.636,0.761,0.221,0.63,0.011,3
culane,culane_driver_37_30frame_05181656_0251.MP4_01200.jpg,0.529,0.826,0.379,0.623,0.175,3
culane,culane_driver_37_30frame_05181656_0251.MP4_01800.jpg,0.508,0.78,0.453,0.59,0.043,4
culane,culane_driver_37_30frame_05181656_0251.MP4_02700.jpg,0.903,1,0.781,0.533,0.321,2
culane,culane_driver_37_30frame_05181656_0251.MP4_03300.jpg,0.831,1,0.601,0.577,0.228,2
culane,culane_driver_37_30frame_05181656_0251.MP4_04500.jpg,0.526,0.812,0.618,0.635,0.1,3
culane,culane_driver_37_30frame_05181656_0251.MP4_05100.jpg,0.577,0.98,0.636,0.432,0.004,3
culane,culane_driver_37_30frame_05181743_0267.MP4_00000.jpg,0.549,0.727,0.537,0.553,0.003,3
culane,culane_driver_37_30frame_05181743_0267.MP4_00600.jpg,0.454,0.862,0.499,0.591,0.176,3
culane,culane_driver_37_30frame_05181743_0267.MP4_00900.jpg,0.404,0.669,0.475,0.42,0.004,4
culane,culane_driver_37_30frame_05181743_0267.MP4_01800.jpg,,,,,NA,
culane,culane_driver_37_30frame_05181743_0267.MP4_03300.jpg,0.577,0.644,0.469,0.614,0.003,3
culane,culane_driver_37_30frame_05181743_0267.MP4_03600.jpg,0.444,0.727,0.489,0.641,0.004,4
culane,culane_driver_37_30frame_05181743_0267.MP4_03900.jpg,0.466,0.653,0.516,0.72,0.357,2
culane,culane_driver_37_30frame_05181743_0267.MP4_04200.jpg,0.48,0.612,0.583,0.468,0.069,3
culane,culane_driver_37_30frame_05181743_0267.MP4_04500.jpg,0.533,0.505,0.626,0.659,0.288,2
culane,culane_driver_37_30frame_05181743_0267.MP4_04800.jpg,0.693,0.557,0.417,0.554,0.296,2
culane,culane_driver_37_30frame_05181743_0267.MP4_05100.jpg,0.642,0.558,0.574,0.559,0.101,3
culane,culane_driver_37_30frame_05181831_0283.MP4_00300.jpg,0.733,0.624,0.41,0.577,0.004,4
culane,culane_driver_37_30frame_05181831_0283.MP4_01500.jpg,0.497,1,0.556,0.499,0.005,3
culane,culane_driver_37_30frame_05181831_0283.MP4_01800.jpg,0.571,0.823,0.415,0.435,0.003,3
culane,culane_driver_37_30frame_05181831_0283.MP4_02100.jpg,0.571,0.839,0.431,0.36,0.003,3
culane,culane_driver_37_30frame_05181831_0283.MP4_02400.jpg,0.558,0.947,0.499,0.493,0.003,3
culane,culane_driver_37_30frame_05181831_0283.MP4_02700.jpg,0.444,1,0.521,0.542,0.003,3
culane,culane_driver_37_30frame_05181831_0283.MP4_03000.jpg,0.547,0.808,0.333,0.497,0.003,3
culane,culane_driver_37_30frame_05181831_0283.MP4_03900.jpg,0.575,0.851,0.37,0.497,0.003,3
culane,culane_driver_37_30frame_05181831_0283.MP4_04200.jpg,0.568,0.871,0.386,0.511,0.003,3
culane,culane_driver_37_30frame_05181831_0283.MP4_04500.jpg,0.608,0.794,0.446,0.529,0.003,3
culane,culane_driver_37_30frame_05181919_0299.MP4_00300.jpg,,,,,NA,
culane,culane_driver_37_30frame_05181919_0299.MP4_00600.jpg,,,,,NA,
culane,culane_driver_37_30frame_05181919_0299.MP4_00900.jpg,,,,,NA,
culane,culane_driver_37_30frame_05181919_0299.MP4_01200.jpg,,,,,NA,
culane,culane_driver_37_30frame_05181919_0299.MP4_01500.jpg,,,,,NA,
culane,culane_driver_37_30frame_05181919_0299.MP4_02100.jpg,,,,,NA,
culane,culane_driver_37_30frame_05181919_0299.MP4_03600.jpg,,,,,NA,
culane,culane_driver_37_30frame_05181919_0299.MP4_03900.jpg,,,,,NA,
culane,culane_driver_37_30frame_05181919_0299.MP4_04500.jpg,,,,,NA,
culane,culane_driver_37_30frame_05181919_0299.MP4_04800.jpg,,,,,NA,
culane,culane_driver_37_30frame_05181919_0299.MP4_05100.jpg,,,,,NA,
culane,culane_driver_37_30frame_05182007_0315.MP4_00000.jpg,,,,,NA,
culane,culane_driver_37_30frame_05182007_0315.MP4_00600.jpg,0.233,1,0.636,0.614,0.107,3
culane,culane_driver_37_30frame_05182007_0315.MP4_00900.jpg,0.364,1,0.573,0.574,0.108,3
culane,culane_driver_37_30frame_05182007_0315.MP4_01800.jpg,0.269,1,0.564,0.583,0.078,2
culane,culane_driver_37_30frame_05182007_0315.MP4_02100.jpg,0.182,1,0.635,0.674,0.005,3
culane,culane_driver_37_30frame_05182007_0315.MP4_02700.jpg,0.392,1,0.6,0.733,0.004,3
culane,culane_driver_37_30frame_05182007_0315.MP4_03000.jpg,0.312,1,0.526,0.612,0.004,3
culane,culane_driver_37_30frame_05182007_0315.MP4_03600.jpg,0.275,1,0.567,0.518,0.003,3
culane,culane_driver_37_30frame_05182007_0315.MP4_03900.jpg,0.348,1,0.608,0.714,0.092,2
culane,culane_driver_37_30frame_05182007_0315.MP4_04500.jpg,0.21,1,0.567,0.75,0.003,3
culane,culane_driver_37_30frame_05182007_0315.MP4_04800.jpg,0.256,1,0.408,0.58,0.004,3
culane,culane_driver_37_30frame_05190613_0331.MP4_00600.jpg,0.854,0.797,0.398,0.554,0.02,3
culane,culane_driver_37_30frame_05190613_0331.MP4_01200.jpg,0.715,0.748,0.577,0.548,0.027,3
culane,culane_driver_37_30frame_05190613_0331.MP4_01500.jpg,,,,,NA,
culane,culane_driver_37_30frame_05190613_0331.MP4_02100.jpg,,,,,NA,
culane,culane_driver_37_30frame_05190703_0347.MP4_00600.jpg,0.652,0.779,0.708,0.498,0.008,4
culane,culane_driver_37_30frame_05190703_0347.MP4_04200.jpg,0.571,0.729,0.364,0.523,0.045,4
culane,culane_driver_37_30frame_05190703_0347.MP4_05100.jpg,0.579,0.725,0.368,0.538,0.045,4
culane,culane_driver_37_30frame_05190751_0363.MP4_00000.jpg,0.443,0.995,0.348,0.569,0.003,3
culane,culane_driver_37_30frame_05190751_0363.MP4_00900.jpg,0.497,0.935,0.349,0.598,0.004,3
culane,culane_driver_37_30frame_05190751_0363.MP4_01200.jpg,0.476,1,0.334,0.598,0.004,3
culane,culane_driver_37_30frame_05190751_0363.MP4_01500.jpg,0.418,0.92,0.383,0.608,0.004,3
culane,culane_driver_37_30frame_05190751_0363.MP4_01800.jpg,0.506,0.853,0.381,0.585,0.004,3
culane,culane_driver_37_30frame_05190751_0363.MP4_02100.jpg,0.432,0.809,0.304,0.634,0.003,3
culane,culane_driver_37_30frame_05190751_0363.MP4_02400.jpg,0.405,0.919,0.326,0.568,0.003,3
culane,culane_driver_37_30frame_05190751_0363.MP4_02700.jpg,,,,,NA,
culane,culane_driver_37_30frame_05190751_0363.MP4_03000.jpg,0.59,0.867,0.706,0.574,0.06,3
culane,culane_driver_37_30frame_05190751_0363.MP4_03300.jpg,0.659,0.932,0.522,0.456,0.004,3
culane,culane_driver_37_30frame_05190751_0363.MP4_03600.jpg,0.685,0.901,0.395,0.489,0.004,3
culane,culane_driver_37_30frame_05190751_0363.MP4_03900.jpg,0.676,0.925,0.408,0.47,0.004,3
culane,culane_driver_37_30frame_05190751_0363.MP4_04200.jpg,0.685,0.917,0.397,0.472,0.004,3
culane,culane_driver_37_30frame_05190751_0363.MP4_04500.jpg,0.691,0.928,0.419,0.503,0.004,3
culane,culane_driver_37_30frame_05190751_0363.MP4_04800.jpg,,,,,NA,
culane,culane_driver_37_30frame_05190751_0363.MP4_05100.jpg,0.64,0.664,0.563,0.599,0.191,1
culane,culane_driver_37_30frame_05190839_0379.MP4_00000.jpg,0.348,1,0.61,0.442,0.17,2
culane,culane_driver_37_30frame_05190839_0379.MP4_00600.jpg,0.614,1,0.216,0.619,0.003,2
culane,culane_driver_37_30frame_05190839_0379.MP4_01200.jpg,,,,,NA,
culane,culane_driver_37_30frame_05190839_0379.MP4_01500.jpg,0.515,1,0.451,0.434,0.003,3
culane,culane_driver_37_30frame_05190839_0379.MP4_01800.jpg,,,,,NA,
culane,culane_driver_37_30frame_05190839_0379.MP4_02100.jpg,0.696,0.861,0.676,0.506,0.066,3
culane,culane_driver_37_30frame_05190839_0379.MP4_03000.jpg,0.583,0.779,0.474,0.545,0.004,4
culane,culane_driver_37_30frame_05190839_0379.MP4_04500.jpg,0.683,0.615,0.385,0.448,0.004,4
culane,culane_driver_37_30frame_05190839_0379.MP4_04800.jpg,0.637,0.992,0.502,0.476,0.004,4
culane,culane_driver_37_30frame_05190839_0379.MP4_05100.jpg,0.476,1,0.581,0.529,0.005,4
culane,culane_driver_37_30frame_05190927_0395.MP4_00900.jpg,,,,,NA,
culane,culane_driver_37_30frame_05190927_0395.MP4_01200.jpg,0.509,1,0.54,0.515,0.004,3
culane,culane_driver_37_30frame_05190927_0395.MP4_01500.jpg,0.741,1,0.462,0.462,0.004,3
culane,culane_driver_37_30frame_05190927_0395.MP4_02400.jpg,0.785,0.797,0.542,0.5,0.004,3
culane,culane_driver_37_30frame_05190927_0395.MP4_03000.jpg,,,,,NA,
culane,culane_driver_37_30frame_05190927_0395.MP4_04500.jpg,0.435,1,0.315,0.499,0.003,4
culane,culane_driver_37_30frame_05190927_0395.MP4_05100.jpg,0.561,0.932,0.325,0.556,0.003,4
culane,culane_driver_37_30frame_05191020_0411.MP4_00300.jpg,0.768,1,0.534,0.405,0.154,2
culane,culane_driver_37_30frame_05191020_0411.MP4_00900.jpg,0.62,0.925,0.558,0.592,0.003,3
culane,culane_driver_37_30frame_05191020_0411.MP4_01800.jpg,0.618,0.946,0.507,0.551,0.004,4
culane,culane_driver_37_30frame_05191020_0411.MP4_02100.jpg,0.639,0.858,0.526,0.479,0.004,4
culane,culane_driver_37_30frame_05191020_0411.MP4_02400.jpg,0.681,0.82,0.485,0.459,0.004,4
culane,culane_driver_37_30frame_05191020_0411.MP4_03300.jpg,0.628,0.868,0.528,0.462,0.004,4
culane,culane_driver_37_30frame_05191020_0411.MP4_03600.jpg,0.615,0.897,0.534,0.509,0.004,4
culane,culane_driver_37_30frame_05191020_0411.MP4_04200.jpg,0.403,0.869,0.581,0.505,0.004,3
culane,culane_driver_37_30frame_05191020_0411.MP4_04500.jpg,,,,,NA,
culane,culane_driver_37_30frame_05191020_0411.MP4_04800.jpg,0.558,1,0.313,0.586,0.003,3
culane,culane_driver_37_30frame_05191020_0411.MP4_05100.jpg,0.487,0.971,0.37,0.56,0.003,3
culane,culane_driver_37_30frame_05191310_0427.MP4_00300.jpg,0.328,0.772,0.333,0.594,0.015,4
culane,culane_driver_37_30frame_05191310_0427.MP4_01500.jpg,0.75,0.601,0.664,0.623,0.004,3
culane,culane_driver_37_30frame_05191310_0427.MP4_01800.jpg,0.612,0.664,0.427,0.502,0.003,4
culane,culane_driver_37_30frame_05191310_0427.MP4_02100.jpg,0.538,0.627,0.329,0.538,0.005,4
culane,culane_driver_37_30frame_05191310_0427.MP4_02400.jpg,0.561,0.635,0.366,0.535,0.005,4
culane,culane_driver_37_30frame_05191310_0427.MP4_02700.jpg,,,,,NA,
culane,culane_driver_37_30frame_05191310_0427.MP4_03600.jpg,0.913,0.596,0.609,0.564,0.083,3
culane,culane_driver_37_30frame_05191310_0427.MP4_03900.jpg,0.673,0.615,0.564,0.564,0.007,4
culane,culane_driver_37_30frame_05191310_0427.MP4_04200.jpg,0.529,0.666,0.432,0.514,0.003,3
culane,culane_driver_37_30frame_05191310_0427.MP4_04500.jpg,0.621,1,0.649,0.381,0.187,3
culane,culane_driver_37_30frame_05191310_0427.MP4_05100.jpg,0.985,0.871,0.702,0.48,0.366,2
culane,culane_driver_37_30frame_05191358_0443.MP4_00000.jpg,0.642,0.558,0.423,0.577,0.08,2
culane,culane_driver_37_30frame_05191358_0443.MP4_00600.jpg,,,,,NA,
culane,culane_driver_37_30frame_05191358_0443.MP4_00900.jpg,0.638,0.759,0.337,0.533,0.003,3
culane,culane_driver_37_30frame_05191358_0443.MP4_01200.jpg,0.557,0.868,0.674,0.569,0.008,4
culane,culane_driver_37_30frame_05191358_0443.MP4_01500.jpg,0.471,0.749,0.5,0.546,0.194,2
culane,culane_driver_37_30frame_05191358_0443.MP4_01800.jpg,0.474,0.729,0.401,0.594,0.194,2
culane,culane_driver_37_30frame_05191358_0443.MP4_02100.jpg,0.474,0.724,0.45,0.571,0.194,2
culane,culane_driver_37_30frame_05191358_0443.MP4_02700.jpg,0.511,0.779,0.474,0.561,0.194,2
culane,culane_driver_37_30frame_05191358_0443.MP4_03000.jpg,0.531,0.71,0.463,0.602,0.004,3
culane,culane_driver_37_30frame_05191358_0443.MP4_03600.jpg,0.756,0.648,0.602,0.514,0.007,3
culane,culane_driver_37_30frame_05191358_0443.MP4_03900.jpg,0.507,0.694,0.612,0.546,0.013,3
culane,culane_driver_37_30frame_05191358_0443.MP4_04200.jpg,0.54,1,0.507,0.573,0.003,3
culane,culane_driver_37_30frame_05191358_0443.MP4_04500.jpg,0.512,0.864,0.534,0.603,0.233,2
culane,culane_driver_37_30frame_05191358_0443.MP4_05100.jpg,0.798,0.677,0.416,0.611,0.01,4
culane,culane_driver_37_30frame_05191447_0459.MP4_00000.jpg,0.676,0.962,0.464,0.543,0.067,3
culane,culane_driver_37_30frame_05191447_0459.MP4_00300.jpg,0.506,0.91,0.504,0.484,0.004,4
culane,culane_driver_37_30frame_05191535_0475.MP4_00005.jpg,0.536,0.734,0.496,0.591,0.301,2
culane,culane_driver_37_30frame_05191535_0475.MP4_00905.jpg,0.445,0.635,0.288,0.555,0.003,3
culane,culane_driver_37_30frame_05191535_0475.MP4_01205.jpg,0.564,0.567,0.231,0.523,0.003,3
culane,culane_driver_37_30frame_05191535_0475.MP4_01505.jpg,0.424,0.821,0.408,0.67,0.004,3
culane,culane_driver_37_30frame_05191535_0475.MP4_01805.jpg,0.568,0.7,0.344,0.543,0.018,3
culane,culane_driver_37_30frame_05191535_0475.MP4_02105.jpg,0.603,0.501,0.211,0.579,0.01,4
culane,culane_driver_37_30frame_05191535_0475.MP4_02405.jpg,,,,,NA,
culane,culane_driver_37_30frame_05191535_0475.MP4_02705.jpg,0.494,0.736,0.611,0.533,0.07,3
culane,culane_driver_37_30frame_05191535_0475.MP4_03605.jpg,0.428,0.67,0.29,0.652,0.003,4
culane,culane_driver_37_30frame_05191535_0475.MP4_03905.jpg,0.43,0.675,0.348,0.606,0.003,4
culane,culane_driver_37_30frame_05191535_0475.MP4_04805.jpg,0.497,0.575,0.443,0.613,0.05,3
culane,culane_driver_37_30frame_05191535_0475.MP4_05105.jpg,0.425,0.606,0.353,0.645,0.004,4
culane,culane_driver_37_30frame_05191626_0491.MP4_00605.jpg,0.487,0.603,0.678,0.677,0.02,3
culane,culane_driver_37_30frame_05191626_0491.MP4_00905.jpg,0.578,0.481,0.416,0.643,0.009,4
culane,culane_driver_37_30frame_05191626_0491.MP4_01805.jpg,0.516,0.904,0.682,0.6,0.008,3
culane,culane_driver_37_30frame_05191626_0491.MP4_03005.jpg,0.81,0.679,0.563,0.554,0.167,3
culane,culane_driver_37_30frame_05191626_0491.MP4_03305.jpg,0.641,0.505,0.454,0.517,0.095,3
culane,culane_driver_37_30frame_05191626_0491.MP4_03905.jpg,0.667,0.613,0.48,0.446,0.01,4
culane,culane_driver_37_30frame_05191626_0491.MP4_04205.jpg,0.434,0.814,0.577,0.593,0.008,4
culane,culane_driver_37_30frame_05191626_0491.MP4_04505.jpg,0.684,0.853,0.537,0.485,0.112,3
culane,culane_driver_37_30frame_05191626_0491.MP4_04805.jpg,0.511,0.753,0.569,0.587,0.014,4
culane,culane_driver_37_30frame_05191626_0491.MP4_05105.jpg,0.631,0.687,0.513,0.491,0.012,4
culane,culane_driver_37_30frame_05191714_0507.MP4_00005.jpg,0.698,0.515,0.309,0.541,0.07,2
culane,culane_driver_37_30frame_05191714_0507.MP4_00905.jpg,0.593,1,0.356,0.562,0.002,2
culane,culane_driver_37_30frame_05191714_0507.MP4_01505.jpg,,,,,NA,
culane,culane_driver_37_30frame_05191714_0507.MP4_01805.jpg,0.379,0.549,0.609,0.679,0.003,3
culane,culane_driver_37_30frame_05191714_0507.MP4_02405.jpg,0.585,0.638,0.542,0.596,0.004,4
culane,culane_driver_37_30frame_05191714_0507.MP4_03005.jpg,,,,,NA,
culane,culane_driver_37_30frame_05191714_0507.MP4_03305.jpg,,,,,NA,
culane,culane_driver_37_30frame_05191714_0507.MP4_03905.jpg,0.915,0.588,0.512,0.566,0.003,3
culane,culane_driver_37_30frame_05191714_0507.MP4_04205.jpg,0.685,0.559,0.526,0.588,0.003,3
culane,culane_driver_37_30frame_05191714_0507.MP4_04805.jpg,0.642,0.799,0.402,0.49,0.004,3
curvelanes,curvelanes_valid_001dfca11b5687ede1277aa8c8bdb978.jpg,0.27,1,0.548,0.674,0.044,5
curvelanes,curvelanes_valid_00761b12976e88cd564d3cab812fb3e6.jpg,0.159,0.229,0.659,0.624,0.063,5
curvelanes,curvelanes_valid_00bf4dc4c2ccbff61f9b60d218431bd0.jpg,0.581,0.798,0.794,0.57,0.05,4
curvelanes,curvelanes_valid_00e9c050d336af0d49f8b6e1adda2fe7.jpg,0.106,0.223,0.659,0.755,0.042,3
curvelanes,curvelanes_valid_00ef13002c7ee7e9a1fe15a3d8ba0df9.jpg,0.465,0.623,0.703,0.638,0.046,4
curvelanes,curvelanes_valid_0100beae43e562912c46df15c7e76a9b.jpg,0.682,0.438,0.632,0.553,0.012,5
curvelanes,curvelanes_valid_01228afa2bfc613c9dd2898e617b9b02.jpg,0.833,0.439,0.638,0.667,0.022,7
curvelanes,curvelanes_valid_01a6beee8497408a5338c6b5c89048b9.jpg,0.478,0.412,0.511,0.702,0.006,3
curvelanes,curvelanes_valid_01df11df6f42f8c1350dfbeb3a262284.jpg,0.449,0.678,0.659,0.601,0.045,5
curvelanes,curvelanes_valid_01e5f4c31e482fea78fa9ad74aaca213.jpg,0.296,0.407,0.785,0.624,0.05,3
curvelanes,curvelanes_valid_0226a31b40599265381ab44a24093587.jpg,0.57,0.526,0.597,0.61,0.02,7
curvelanes,curvelanes_valid_025719ffa03770d964ea2af784972532.jpg,0.42,0.995,0.726,0.536,0.02,4
curvelanes,curvelanes_valid_0259088fa0e5c25f7a7c0908dd0aa322.jpg,0.611,0.86,0.758,0.572,0.026,5
curvelanes,curvelanes_valid_02683d04b4c912829a78a9ae0a3bfec0.jpg,0.64,0.979,0.431,0.556,0.18,4
curvelanes,curvelanes_valid_0268aa20a7cb63085ca8c4f9918fe2dd.jpg,0.263,1,0.727,0.511,0.018,4
curvelanes,curvelanes_valid_026c87a0f5c44515be7d78dac1af87b9.jpg,0.965,0.391,0.771,0.591,0.015,6
curvelanes,curvelanes_valid_026f5245842e29f1e74b30b56ebd3d5e.jpg,0.598,1,0.632,0.617,0.03,6
curvelanes,curvelanes_valid_02795812bf488fc692c94984f13d1b5a.jpg,0.676,0.681,0.642,0.651,0.03,5
curvelanes,curvelanes_valid_027bc50a925715793f8c0e075b4112e9.jpg,0.295,0.307,0.843,0.706,0.036,3
curvelanes,curvelanes_valid_028246b85971fcf9c442a897a5030bee.jpg,0.533,0.205,0.793,0.693,0.018,6
curvelanes,curvelanes_valid_0295e797b194c79f504873c8ba019bbd.jpg,0.581,0.487,0.696,0.564,0.014,6
curvelanes,curvelanes_valid_030c7dabc19c92f394030461696d27d2.jpg,0.483,0.496,0.777,0.593,0.024,5
curvelanes,curvelanes_valid_031d843107e4fdbd0dc86171bfe1f94d.jpg,0.355,0.266,0.755,0.585,0.016,3
curvelanes,curvelanes_valid_036e3b11a377edef6b9b66543a5eff59.jpg,0.432,1,0.688,0.653,0.028,5
curvelanes,curvelanes_valid_0372ccc7ee7c5ced455fa7341421f068.jpg,0.756,0.989,0.704,0.615,0.05,4
curvelanes,curvelanes_valid_03e9b7d8c0accbefaf250ca699500b6e.jpg,0.641,0.8,0.831,0.441,0.032,5
curvelanes,curvelanes_valid_03f5a05de7746a92daae2938d4f16697.jpg,0.883,0.389,0.775,0.704,0.041,7
curvelanes,curvelanes_valid_03f87c9b70d56a6182d9508174e74eb1.jpg,0.393,0.534,0.794,0.504,0.069,7
curvelanes,curvelanes_valid_041151b55ebb0e5d209ab30c1c963c21.jpg,0.48,0.432,0.671,0.645,0.025,7
curvelanes,curvelanes_valid_0415d1f1d6c108416eaa33f074286504.jpg,0.429,0.532,0.749,0.605,0.021,5
curvelanes,curvelanes_valid_0437c9fc9c97204648aa329f395600a4.jpg,0.692,0.612,0.559,0.601,0.018,3
curvelanes,curvelanes_valid_043d1e30d9e65ec29dcd76e8a49b6c75.jpg,0.505,0.829,0.729,0.513,0.036,5
curvelanes,curvelanes_valid_0440e375bf6a2e46b0c011a3facacd0d.jpg,0.543,0.308,0.765,0.645,0.022,5
curvelanes,curvelanes_valid_044ec4210fb38a566dd54f0b19b32d87.jpg,0.367,0.731,0.678,0.627,0.024,3
curvelanes,curvelanes_valid_044f2b1bd0290dcc47dc92a1d6e0291f.jpg,0.544,0.662,0.62,0.594,0.056,5
curvelanes,curvelanes_valid_04853765076c1165447c8c0daf89b4ff.jpg,0.604,0.432,0.602,0.635,0.021,4
curvelanes,curvelanes_valid_04d1570c99436445cbdc2bdbb7dcff23.jpg,0.359,0.999,0.697,0.636,0.07,5
curvelanes,curvelanes_valid_0512b3f2c202b557a9e831873f8c0982.jpg,0.726,0.721,0.663,0.638,0.022,5
curvelanes,curvelanes_valid_0540b83b8e37ed3b122b87a8f20e9972.jpg,0.841,1,0.802,0.473,0.019,5
curvelanes,curvelanes_valid_05590b996e3d7620ca77f6e01f423566.jpg,0.672,0.487,0.693,0.61,0.021,3
curvelanes,curvelanes_valid_0561f9c36b7567d28b11cb94efaa0720.jpg,0.617,0.595,0.739,0.485,0.03,6
curvelanes,curvelanes_valid_0563d67484b0d0daf4da10508e23223d.jpg,0.628,0.534,0.615,0.692,0.02,4
curvelanes,curvelanes_valid_056a3ec12604b62c35577c9244dbe0c8.jpg,0.598,0.67,0.728,0.591,0.034,5
curvelanes,curvelanes_valid_0593cbbabd5c945a5885ac9850b5967b.jpg,0.533,0.615,0.613,0.62,0.018,5
curvelanes,curvelanes_valid_05a30636f1ef6f5ea1808df3e478752d.jpg,0.477,0.389,0.771,0.687,0.022,5
curvelanes,curvelanes_valid_05a500f0f44f93edeea7faacb8c5d47a.jpg,0.261,0.381,0.607,0.719,0.017,4
curvelanes,curvelanes_valid_05ac17aaa657dee5e198857faa4857a3.jpg,0.274,0.976,0.676,0.606,0.037,4
curvelanes,curvelanes_valid_05b58f816fa69b1ae320c45c54df9002.jpg,0.121,1,0.648,0.739,0.064,2
curvelanes,curvelanes_valid_05de1d56c87a7372879bd700a6f61f29.jpg,0.318,0.306,0.714,0.62,0.016,5
curvelanes,curvelanes_valid_05e7d7bbc19ff921ad38240ac55561a6.jpg,0.665,0.753,0.518,0.615,0.025,3
curvelanes,curvelanes_valid_05fd417ba1d7d5820f7d9555c2a5f235.jpg,0.384,0.763,0.654,0.642,0.039,7
curvelanes,curvelanes_valid_060291ae4e40056fe3281f80d56e339e.jpg,0.238,1,0.721,0.599,0.017,4
curvelanes,curvelanes_valid_065dd3df19478c0b1eb3ed5661ad0d10.jpg,1,0.588,0.814,0.482,0.033,7
curvelanes,curvelanes_valid_06684e36ffe240bd0a7c29787b227ef8.jpg,0.793,0.706,0.722,0.647,0.027,7
curvelanes,curvelanes_valid_0681a7699efa1ff52de679c982d8c704.jpg,0.091,0.835,0.726,0.605,0.012,5
curvelanes,curvelanes_valid_06b25277a46ca41ae50cf0e14988233d.jpg,0.832,0.368,0.858,0.565,0.047,5
curvelanes,curvelanes_valid_06ca30d0e132a8e53979aabee1fa5567.jpg,0.707,0.654,0.626,0.585,0.009,3
curvelanes,curvelanes_valid_06f76be60f54dcb7a5fba5063cb6a249.jpg,0.738,0.845,0.723,0.47,0.047,4
curvelanes,curvelanes_valid_07189d24d1c63049cde157c9f9e8569f.jpg,0.359,1,0.647,0.612,0.018,5
curvelanes,curvelanes_valid_071940c3c0f49d6d95a2ad47a61f0cf7.jpg,0.348,0.274,0.715,0.606,0.045,3
curvelanes,curvelanes_valid_0749541fe53196a932358a3380d68be7.jpg,0.675,0.909,0.776,0.532,0.025,6
curvelanes,curvelanes_valid_079409d0d659b2b402893cd50978ef12.jpg,0.654,0.513,0.837,0.524,0.027,4
curvelanes,curvelanes_valid_07b064c3abed9ca4ed50eaffee9804f7.jpg,0.45,1,0.721,0.542,0.036,6
curvelanes,curvelanes_valid_07c882865c702f557b07951d45e858c2.jpg,0.609,0.443,0.767,0.527,0.009,6
curvelanes,curvelanes_valid_07cd7319e8624bcec5e7e974ffbeaeff.jpg,0.618,0.645,0.644,0.595,0.05,5
curvelanes,curvelanes_valid_07da16ad4b208ce02652d9afc7f8a17e.jpg,0.625,0.733,0.721,0.575,0.047,7
curvelanes,curvelanes_valid_08229baf343387d6f1849e93b7a64b4d.jpg,0.813,0.41,0.742,0.571,0.02,5
curvelanes,curvelanes_valid_082611ce157878da9a5d6292985fb1c9.jpg,0.751,0.312,0.584,0.623,0.02,8
curvelanes,curvelanes_valid_085511d7be2eb9d3c69d2a54051ac31c.jpg,0.747,0.419,0.713,0.608,0.062,5
curvelanes,curvelanes_valid_08d453bd60dce13c7b0939d4867a52c7.jpg,1,0.411,0.651,0.65,0.048,4
curvelanes,curvelanes_valid_08dd7e734d4333cce86768ecfe5115a9.jpg,0.248,1,0.711,0.566,0.057,5
curvelanes,curvelanes_valid_091ea0e8e796c44e0f76b4ccec8c4950.jpg,0.49,0.586,0.705,0.647,0.017,5
curvelanes,curvelanes_valid_0924af0684f5ec8c24e8e5428de9302a.jpg,0.532,0.568,0.671,0.601,0.009,4
curvelanes,curvelanes_valid_0938dfe43c0f3172cb2fa41843fee06d.jpg,0.474,0.738,0.802,0.636,0.026,5
curvelanes,curvelanes_valid_094f124e957db60c896d0dd9cef8399b.jpg,0.481,0.644,0.593,0.63,0.039,4
curvelanes,curvelanes_valid_09980f812935440655009bdbe74575f2.jpg,0.783,0.58,0.697,0.641,0.059,4
curvelanes,curvelanes_valid_099900bdd9a0903cd5956e23f873ae2c.jpg,0.769,0.447,0.631,0.638,0.027,3
curvelanes,curvelanes_valid_09ffda6d9461c269d3010a5c7fdcace1.jpg,0.554,0.979,0.78,0.655,0.026,5
curvelanes,curvelanes_valid_0a1a66f36fa0d61c41f26216da888e6b.jpg,0.724,0.527,0.777,0.544,0.033,3
curvelanes,curvelanes_valid_0a5d0bd0c01e1c44fe1ff798df4bb607.jpg,0.899,0.568,0.78,0.435,0.028,5
curvelanes,curvelanes_valid_0a74a79d24b281114b85e56f539fa538.jpg,0.54,0.35,0.608,0.653,0.037,6
curvelanes,curvelanes_valid_0a8eaa06a6b920fd9baa553c791f6bbd.jpg,0.512,0.665,0.696,0.519,0.024,6
curvelanes,curvelanes_valid_0abd2f36f18f658dba9e52374bcef04d.jpg,0.225,0.435,0.732,0.624,0.094,4
curvelanes,curvelanes_valid_0adc3cfb562e7f58cbc6d76ab7af2411.jpg,0.688,0.517,0.815,0.607,0.038,5
curvelanes,curvelanes_valid_0af16c4311dd7fad908c6fe2fb8bf4bb.jpg,0.417,0.4,0.701,0.675,0.004,1
curvelanes,curvelanes_valid_0af1f5d545fdc548313821b889d89f2a.jpg,0.056,0.298,0.802,0.758,0.019,5
curvelanes,curvelanes_valid_0b1fefd145a230e8b5200729ff210b3f.jpg,0.29,0.5,0.752,0.63,0.042,5
curvelanes,curvelanes_valid_0b268e02e63ee8703ab6ba3cbb6e591f.jpg,0.356,0.501,0.672,0.568,0.023,3
curvelanes,curvelanes_valid_0b46548e5235032dee4935f238f5fb82.jpg,0.797,0.482,0.568,0.583,0.022,6
curvelanes,curvelanes_valid_0b5cd8982717387e615e307b65a2e594.jpg,0.441,0.352,0.583,0.584,0.037,3
curvelanes,curvelanes_valid_0b68ad82569190933a0c2330388d31e7.jpg,0.174,0.348,0.772,0.704,0.058,3
curvelanes,curvelanes_valid_0b6ffdf22770a4fc0b6464c8f383eed7.jpg,0.333,1,0.76,0.657,0.021,5
curvelanes,curvelanes_valid_0bb31c94a8855724fa60384859228ca0.jpg,0.333,1,0.675,0.567,0.043,7
curvelanes,curvelanes_valid_0bc8a2a9de23509055345b4cd9239286.jpg,0.399,0.723,0.668,0.653,0.029,5
curvelanes,curvelanes_valid_0c12fc29b242cd6e83a91929712569e6.jpg,0.82,0.29,0.512,0.608,0.024,3
curvelanes,curvelanes_valid_0c33240ff3c16702024bd5c4dfdf80fc.jpg,0.922,0.597,0.513,0.574,0.048,6
curvelanes,curvelanes_valid_0c3404cbd52f1543c729ba619485d118.jpg,0.079,1,0.708,0.584,0.035,3
curvelanes,curvelanes_valid_0c4f944559f1756e75802f4e37360fdc.jpg,0.995,0.557,0.859,0.444,0.069,6
curvelanes,curvelanes_valid_0c71651b2258cac57793a395b690554f.jpg,0.365,0.957,0.696,0.658,0.018,5
curvelanes,curvelanes_valid_0ca6442ea6577dfbab254eea0c1630e6.jpg,0.187,0.996,0.557,0.724,0.028,4
curvelanes,curvelanes_valid_0ca6773c7968a9400b2039b78899bd4d.jpg,0.61,1,0.642,0.501,0.039,3
curvelanes,curvelanes_valid_0cb30760018a3420c579bc8a455e924c.jpg,0.34,1,0.798,0.603,0.042,7
curvelanes,curvelanes_valid_0cbc018735adda6fae4b0e7b5db38369.jpg,0.45,0.232,0.778,0.631,0.029,2
curvelanes,curvelanes_valid_0cc437db843058cfcd127726e40c4ad4.jpg,0.439,0.635,0.51,0.655,0.032,6
curvelanes,curvelanes_valid_0d0e2f627d842d02ce1da1d0519dc624.jpg,0.273,0.671,0.635,0.652,0.051,7
curvelanes,curvelanes_valid_0d199f7dfaab7a7fb5afcf57256bb27e.jpg,0.614,0.838,0.639,0.58,0.031,6
curvelanes,curvelanes_valid_0d20e2c9d5ab46c1eeec01627f7d99b7.jpg,0.656,1,0.659,0.571,0.009,6
curvelanes,curvelanes_valid_0d445ca29befb045cc2c71fb822d31c4.jpg,0.64,0.424,0.748,0.5,0.025,4
curvelanes,curvelanes_valid_0d613b20c102a87da02f6eaacb9b9482.jpg,0.635,0.506,0.777,0.538,0.016,6
curvelanes,curvelanes_valid_0d8fb86c5ac08a7061952bc19e6f4f85.jpg,0.622,0.593,0.464,0.603,0.017,5
curvelanes,curvelanes_valid_0dd9c7b0cd8f2a4be89ed6bcc7558fc8.jpg,0.555,1,0.664,0.544,0.044,6
curvelanes,curvelanes_valid_0df2245f6200ba35ccfd55a5f2d9401d.jpg,0.625,0.427,0.214,0.574,0.04,2
curvelanes,curvelanes_valid_0df469d4982587cf874dc5480eebc671.jpg,0.301,0.417,0.646,0.628,0.053,5
curvelanes,curvelanes_valid_0e38363b4bd70fbe52680336145370a2.jpg,0.829,0.518,0.605,0.458,0.041,3
curvelanes,curvelanes_valid_0e3ebdee09b36e40bcbb7bf3ba672238.jpg,0.37,0.483,0.829,0.622,0.058,3
curvelanes,curvelanes_valid_0e5d360438361e4af9d9f8162ce89074.jpg,0.966,0.551,0.658,0.576,0.023,5
curvelanes,curvelanes_valid_0e9a28d5757fc48fc4c7b56e4d8ce51e.jpg,0.835,0.49,0.669,0.587,0.024,3
curvelanes,curvelanes_valid_0ea0ea4883b488fe5d80e0350e98abb4.jpg,0.323,1,0.686,0.526,0.032,5
curvelanes,curvelanes_valid_0eaa8d88f3bb24d19b001110759cde26.jpg,0.874,0.512,0.805,0.498,0.027,3
curvelanes,curvelanes_valid_0eb0872bc4b88c3c6fc6be2c863f4d89.jpg,0.598,0.892,0.617,0.616,0.048,5
curvelanes,curvelanes_valid_0ec59ddb96d566f798b87c054d0ce23a.jpg,0.64,0.362,0.607,0.711,0.051,5
curvelanes,curvelanes_valid_0ed4087c0c5b53b22db682c5c6f48245.jpg,0.744,0.356,0.736,0.62,0.022,3
curvelanes,curvelanes_valid_0edc6085fcf82867e613d2b65ddb12c0.jpg,0.548,0.84,0.796,0.63,0.032,3
curvelanes,curvelanes_valid_0ee8c83be0d60d9052b6c3c4c4448ec5.jpg,0.76,0.406,0.531,0.67,0.022,3
curvelanes,curvelanes_valid_0f0462c358babd382858c4d2c28ad6c9.jpg,0.787,0.437,0.758,0.581,0.018,8
curvelanes,curvelanes_valid_0f0f45b0ef9895f7a9e1baf6d4fe339c.jpg,0.869,0.312,0.616,0.668,0.049,4
curvelanes,curvelanes_valid_0f1579365c6192fe111a73d7cc712f03.jpg,0.481,0.422,0.777,0.612,0.017,6
curvelanes,curvelanes_valid_0f17ba86735fe1898503d5e119cc5efe.jpg,0.227,1,0.785,0.599,0.031,5
curvelanes,curvelanes_valid_0f1cb4d95d7ddb447790bdfb63775b72.jpg,0.83,0.398,0.712,0.433,0.033,5
curvelanes,curvelanes_valid_0f3e0337a15b03b1e8287111192a0240.jpg,0.416,0.482,0.516,0.629,0.013,6
curvelanes,curvelanes_valid_0f7acc9c7f237083101029a5e27b88dd.jpg,0.878,0.444,0.668,0.558,0.025,5
curvelanes,curvelanes_valid_0fa05ef24c3a44864d568aead6ece0ee.jpg,0.173,1,0.832,0.56,0.033,3
curvelanes,curvelanes_valid_0fad5f85d1999c08633a19f947bee676.jpg,0.306,1,0.659,0.611,0.025,5
curvelanes,curvelanes_valid_0fc1b32842502047109b95d90a586b79.jpg,0.067,1,0.798,0.769,0.025,5
curvelanes,curvelanes_valid_0febfb6b675ffa8efd5ed0f9c82630d0.jpg,0.762,0.417,0.719,0.62,0.04,5
curvelanes,curvelanes_valid_1016cabea20d50150a44be1115d78b90.jpg,0.353,0.946,0.694,0.61,0.024,4
curvelanes,curvelanes_valid_104716d83dec3dac334ac12f718c5e1a.jpg,0.155,0.708,0.783,0.651,0.121,3
curvelanes,curvelanes_valid_104bc4b1daaebdf826238f02f3013fb4.jpg,0.957,0.65,0.747,0.524,0.091,6
curvelanes,curvelanes_valid_10583d60b4dfd497375a5dfcc279d5ed.jpg,0.202,1,0.684,0.567,0.109,5
curvelanes,curvelanes_valid_106399aa9caf3b7450314a7b60b75fdb.jpg,0.289,0.264,0.667,0.65,0.027,3
curvelanes,curvelanes_valid_10683e891a4763fe8833fd9ee68df3d4.jpg,0.786,0.518,0.27,0.522,0.034,4
curvelanes,curvelanes_valid_108ab8a0fb650ec52215e6987d49547c.jpg,0.462,1,0.654,0.534,0.019,5
curvelanes,curvelanes_valid_10900848a1e3fa973a730e97e1354da5.jpg,0.937,0.346,0.717,0.613,0.033,5
curvelanes,curvelanes_valid_10c0217b56023173da04ec0aa317c97d.jpg,0.303,0.644,0.653,0.667,0.021,3
curvelanes,curvelanes_valid_10d2ffafd5e5dc94c8ebae1b4a949bf7.jpg,0.787,0.436,0.484,0.618,0.024,3
curvelanes,curvelanes_valid_1116ae2dc236da8e331f7d35e832b05d.jpg,0.173,0.828,0.645,0.642,0.024,3
curvelanes,curvelanes_valid_11355675fdc49a141aad63e95c36fd27.jpg,0.185,1,0.748,0.603,0.019,4
curvelanes,curvelanes_valid_113a8a624f5d76ff17feb7d007cbc21b.jpg,0.561,1,0.593,0.586,0.01,5
curvelanes,curvelanes_valid_114990314e89e0a8e90764b394bbb3e8.jpg,0.604,0.539,0.712,0.609,0.025,6
curvelanes,curvelanes_valid_1156a7292aa70f0db19fe30c824e2b89.jpg,0.469,0.607,0.611,0.522,0.027,4
curvelanes,curvelanes_valid_115c107db524b9d2e8cb4498f91fac37.jpg,0.544,0.444,0.594,0.596,0.023,3
curvelanes,curvelanes_valid_1176e01706f8013272d7c47de0838b7f.jpg,0.426,0.792,0.721,0.508,0.02,4
curvelanes,curvelanes_valid_117d775c2691182baf7c67eec844ddc2.jpg,0.331,0.882,0.72,0.676,0.067,5
curvelanes,curvelanes_valid_1186f6ac0f8ee27793756bafc651c006.jpg,0.26,0.772,0.682,0.671,0.037,4
curvelanes,curvelanes_valid_11b8782f481d5a6d20c2d46daf44b4a0.jpg,0.69,0.331,0.684,0.642,0.025,5
curvelanes,curvelanes_valid_1209ae43d3f2cc75176539b9b6f6dd75.jpg,0.405,0.921,0.738,0.574,0.028,4
curvelanes,curvelanes_valid_120e2e894dca468755fca439746e239e.jpg,0.335,0.588,0.698,0.628,0.026,5
curvelanes,curvelanes_valid_1210b429a6d75cc3eec31c5940c9b7d7.jpg,0.962,0.715,0.667,0.562,0.051,5
curvelanes,curvelanes_valid_12351c7b3008cc557c0a8e91c205e1a2.jpg,0.483,0.904,0.512,0.662,0.029,6
curvelanes,curvelanes_valid_1245fdbe4b14f17acde4c1189cf43629.jpg,0.467,0.647,0.7,0.573,0.053,5
curvelanes,curvelanes_valid_12d3431d1575ffe8f757605d5953b659.jpg,0.553,0.341,0.695,0.675,0.036,3
curvelanes,curvelanes_valid_12f3ad90948cfc45396890c59e731caa.jpg,0.533,0.861,0.651,0.575,0.022,5
curvelanes,curvelanes_valid_132692cb673771aaf590d9f932ab6efa.jpg,0.441,0.509,0.61,0.563,0.027,5
curvelanes,curvelanes_valid_134dd1f952a5122ac032b0ccafdf09b0.jpg,0.789,0.347,0.712,0.562,0.022,5
curvelanes,curvelanes_valid_1358f716b52eef2def20890f1b22fb09.jpg,0.816,0.37,0.678,0.634,0.019,6
curvelanes,curvelanes_valid_135fcfad51f3530417ddd307739f9f76.jpg,0.925,0.491,0.627,0.574,0.039,5
curvelanes,curvelanes_valid_13680b9a39784e5a9e62a6efdd6c1426.jpg,0.94,0.846,0.657,0.469,0.03,4
curvelanes,curvelanes_valid_136bd3fd3d21cfa42c517cb4087fb117.jpg,0.799,0.3,0.705,0.563,0.021,6
curvelanes,curvelanes_valid_13c550c8ae85bee748366906e3cf9528.jpg,0.388,0.554,0.779,0.564,0.026,5
curvelanes,curvelanes_valid_13c5a21c7029e51c1993f5080c47a481.jpg,0.699,1,0.738,0.525,0.019,7
curvelanes,curvelanes_valid_13c6b9f134eac7a204a894c50631a2c9.jpg,0.805,0.537,0.702,0.534,0.052,5
curvelanes,curvelanes_valid_13dda0aa6a599479531c5d0040f40908.jpg,0.746,0.379,0.698,0.671,0.028,5
curvelanes,curvelanes_valid_13e2d8f15d09f2069e010591923f67ec.jpg,0.945,0.458,0.832,0.507,0.042,7
curvelanes,curvelanes_valid_13e599730092dfcdefe418fd21984049.jpg,0.928,0.542,0.703,0.528,0.032,5
curvelanes,curvelanes_valid_140fe0ad1cad3c0d78858c4d1f9ad86e.jpg,0.345,0.74,0.647,0.737,0.008,4
curvelanes,curvelanes_valid_1430db350e4663cc53af4ca4b82469d0.jpg,0.368,0.641,0.646,0.714,0.032,6
curvelanes,curvelanes_valid_1444671751452a31464cc96b7ecc2438.jpg,0.295,1,0.773,0.607,0.027,6
curvelanes,curvelanes_valid_147a2bbff1d53118665129a29a8f4736.jpg,0.618,0.62,0.517,0.551,0.032,6
curvelanes,curvelanes_valid_1488bad400e29e16dc44164c38e2164d.jpg,0.282,0.31,0.698,0.647,0.028,3
curvelanes,curvelanes_valid_149271bebaed5e3c36cd4000536f9e4f.jpg,0.386,1,0.708,0.607,0.019,5
curvelanes,curvelanes_valid_14b54cb34d1a668c734644b97b84ebf5.jpg,0.318,0.712,0.744,0.687,0.016,3
curvelanes,curvelanes_valid_14d7777b1dc386710d3a73deb49694a5.jpg,0.369,0.649,0.647,0.621,0.065,4
curvelanes,curvelanes_valid_14dd01b18af9e1c14a72bddb2e8aa910.jpg,0.602,0.504,0.638,0.56,0.03,3
curvelanes,curvelanes_valid_14df41468d8d48a3ab63d08feeb9b82d.jpg,0.5,0.646,0.282,0.747,0.047,4
curvelanes,curvelanes_valid_153b19111e56185282d2959603aaf1fd.jpg,0.584,0.564,0.651,0.451,0.024,5
curvelanes,curvelanes_valid_1544a9810e90d2ee7af78ad3e5d5b06f.jpg,0.391,0.485,0.685,0.726,0.014,4
curvelanes,curvelanes_valid_155fd15105cda01b9fc9604581ecfa46.jpg,0.544,0.531,0.493,0.642,0.024,5
curvelanes,curvelanes_valid_1569d7e467177e53e77b945609c9f427.jpg,0.681,0.643,0.672,0.563,0.023,5
curvelanes,curvelanes_valid_1587891c2ae415590e8102a878520be0.jpg,0.182,1,0.707,0.67,0.026,5
curvelanes,curvelanes_valid_15aa13e96afbf9676e94d25a5a13a598.jpg,0.47,0.332,0.731,0.649,0.022,3
curvelanes,curvelanes_valid_15b8863b53e640e1d59d6f8918d9fdc9.jpg,0.669,0.607,0.719,0.659,0.044,4
curvelanes,curvelanes_valid_15d8309b7bcdc73dd2d46bd7fab3bdf6.jpg,0.535,0.774,0.743,0.559,0.075,10
curvelanes,curvelanes_valid_15ec2bd96d3ca03a170093961d13076e.jpg,0.438,0.777,0.683,0.714,0.018,5
curvelanes,curvelanes_valid_16333df389e811b4fef9b1f4b3421cdf.jpg,0.406,0.884,0.644,0.661,0.033,5
curvelanes,curvelanes_valid_1639ce5ad2cd8c734ccb76d151451181.jpg,0.765,0.33,0.643,0.561,0.039,3
curvelanes,curvelanes_valid_1655f231a1eb84f1ef5b935489b309d8.jpg,0.539,0.496,0.722,0.652,0.015,5
curvelanes,curvelanes_valid_168db27106ae8f9cdace343cda2c6809.jpg,0.796,0.426,0.428,0.566,0.038,5
curvelanes,curvelanes_valid_16a21d17a595e0f1d5a4f4653b7b11f7.jpg,0.724,0.365,0.506,0.625,0.029,3
curvelanes,curvelanes_valid_16a404f061e4f2dc0e5e7efad16f145d.jpg,0.881,0.489,0.652,0.479,0.056,9
curvelanes,curvelanes_valid_16ae0759888c683c28eb0e9c4fda8002.jpg,0.418,1,0.608,0.698,0.015,5
curvelanes,curvelanes_valid_16dca4ffc84a3bd83fef3bb755fb58ac.jpg,0.151,1,0.73,0.647,0.087,4
curvelanes,curvelanes_valid_16e78cb9f65975cfac179ffbb1ce2da0.jpg,0.523,0.539,0.751,0.616,0.028,6
curvelanes,curvelanes_valid_170c2e815a30f0d5f7f3795e76e90dba.jpg,0.875,0.556,0.727,0.665,0.012,4
curvelanes,curvelanes_valid_17472d1c041e3818423e47efd3ea7727.jpg,0.73,0.51,0.664,0.596,0.021,8
curvelanes,curvelanes_valid_176d58e2eba8ac94d854791eb6a55bcd.jpg,0.419,1,0.753,0.642,0.048,4
curvelanes,curvelanes_valid_1787470381d99592272356a71e710bd8.jpg,0.471,0.575,0.575,0.617,0.026,5
curvelanes,curvelanes_valid_17aeb7bf7a56e1275914dbd5d169ef7c.jpg,0.509,0.704,0.704,0.513,0.038,4
curvelanes,curvelanes_valid_18103f89927c4826b4cc279809a02124.jpg,0.496,0.622,0.746,0.568,0.021,5
curvelanes,curvelanes_valid_1849ebc7821d35390742e2bfbe4b749e.jpg,0.385,0.382,0.726,0.678,0.025,3
curvelanes,curvelanes_valid_184a0acf94b095c2846f811f99b6e3e2.jpg,0.365,0.793,0.477,0.61,0.036,4
curvelanes,curvelanes_valid_188506876fef3198f0799a3a780e6010.jpg,0.528,0.432,0.71,0.693,0.046,4
curvelanes,curvelanes_valid_189a1e3855a474d0dcd8b5da6941019d.jpg,0.473,0.628,0.676,0.484,0.083,3
curvelanes,curvelanes_valid_189c0ee89823df7ef8ee7a180c1259af.jpg,0.24,1,0.762,0.497,0.039,4
curvelanes,curvelanes_valid_18cb4a7c98f0953d251c3e45a3c2c325.jpg,0.32,0.268,0.699,0.688,0.023,3
curvelanes,curvelanes_valid_18d26a53980bad6d0d93ffb2eb39d5cb.jpg,0.26,1,0.819,0.509,0.026,6
curvelanes,curvelanes_valid_1907e3e073ea320ae8d441c54f7f11ff.jpg,0.578,0.719,0.722,0.576,0.01,4
curvelanes,curvelanes_valid_190d57e49a2588bf29026e85981dcca3.jpg,0.468,1,0.587,0.576,0.029,6
curvelanes,curvelanes_valid_199621405d229d51ce1f0b24ef6f78d4.jpg,0.593,0.626,0.688,0.548,0.014,7
curvelanes,curvelanes_valid_19aec0720a68cbbdf388912d1d377d7c.jpg,0.525,0.482,0.557,0.707,0.043,4
curvelanes,curvelanes_valid_19bb68094894d73d211d124b0401de0f.jpg,0.681,0.451,0.679,0.602,0.054,6
curvelanes,curvelanes_valid_19d3aad69d66e95945ef49b2c6e68f66.jpg,0.76,0.436,0.604,0.639,0.033,5
curvelanes,curvelanes_valid_19ffd3b28268d4693996b0b2bbd0d026.jpg,0.739,0.583,0.765,0.519,0.04,4
curvelanes,curvelanes_valid_1a19216376772ccb2d00ffea556106b8.jpg,0.501,0.598,0.678,0.614,0.071,5
curvelanes,curvelanes_valid_1a24f6e9062fb1311e271dcf0998e9f1.jpg,0.51,0.781,0.812,0.601,0.042,5
curvelanes,curvelanes_valid_1a3ed2402a096e3999575fdd9695ab4a.jpg,0.22,0.464,0.566,0.548,0.018,3
curvelanes,curvelanes_valid_1ab0bbb43de7ba7914529aeeeca4fdc3.jpg,0.396,0.335,0.6,0.554,0.043,3
curvelanes,curvelanes_valid_1abbdaeca8d9c2b19ba63038642001af.jpg,0.535,0.413,0.754,0.629,0.014,5
curvelanes,curvelanes_valid_1adc563cd4112755f2df41f9226aa679.jpg,0.757,0.568,0.59,0.681,0.023,4
curvelanes,curvelanes_valid_1af464175d8358c8e520426f6fc176e2.jpg,0.509,0.548,0.652,0.578,0.019,3
curvelanes,curvelanes_valid_1b015c4d7515b886b9a12468d72df1d3.jpg,0.928,0.447,0.725,0.584,0.041,6
curvelanes,curvelanes_valid_1b2fbeda698aef1629f8e14f6d6b1b47.jpg,0.26,1,0.787,0.572,0.03,6
curvelanes,curvelanes_valid_1b309bb8237bb7c54722f70b7eb3f143.jpg,0.461,0.932,0.723,0.616,0.016,5
curvelanes,curvelanes_valid_1b6d9739097f75e26262c9811b964012.jpg,0.494,0.404,0.875,0.577,0.048,6
curvelanes,curvelanes_valid_1b824e805475ecb7d202ffc18febfe86.jpg,0.949,0.565,0.819,0.529,0.032,7
curvelanes,curvelanes_valid_1b9daf9da5cf71cc656ab4de34af8e0d.jpg,0.75,0.378,0.845,0.626,0.053,6
curvelanes,curvelanes_valid_1bb6b53ead2d6991318f7efaf445cb44.jpg,0.235,0.893,0.773,0.546,0.012,6
curvelanes,curvelanes_valid_1bde8b4f24f1c733f53709706f472a4c.jpg,0.216,0.36,0.728,0.461,0.046,3
curvelanes,curvelanes_valid_1beb2194233dced545cc65057c90e526.jpg,0.5,0.346,0.831,0.594,0.022,6
curvelanes,curvelanes_valid_1bfcf218215baec94e68cd53383dda32.jpg,0.972,0.481,0.744,0.536,0.017,7
curvelanes,curvelanes_valid_1c21859c38869f50e5b08cde32780117.jpg,0.686,0.659,0.657,0.56,0.029,5
curvelanes,curvelanes_valid_1c41fb10ab4971bf8172cb27200f901f.jpg,0.302,0.815,0.688,0.588,0.026,4
curvelanes,curvelanes_valid_1c53103962e93fc64fc3151a909d3e11.jpg,0.933,0.593,0.759,0.605,0.014,4
curvelanes,curvelanes_valid_1c699818a6248aa79a71c273019e2100.jpg,0.689,0.552,0.592,0.659,0.008,5
curvelanes,curvelanes_valid_1c89850b11f16d702bfb0ccd439ec4af.jpg,0.561,0.323,0.718,0.642,0.02,5
curvelanes,curvelanes_valid_1c963aadb3e25579d4158b9dadc51ee0.jpg,0.53,1,0.607,0.459,0.048,4
curvelanes,curvelanes_valid_1c9ab97270ca84abeeac956d4cdad8f7.jpg,0.857,0.671,0.712,0.508,0.032,6
curvelanes,curvelanes_valid_1ca084c2f233d5696b75b6de740146da.jpg,0.586,0.377,0.661,0.667,0.032,6
curvelanes,curvelanes_valid_1ca172f8fba85d9c4c36d228e24dd348.jpg,0.453,0.622,0.662,0.571,0.052,6
curvelanes,curvelanes_valid_1cca7cb0d77bc8f3195401c5819556c1.jpg,0.622,0.469,0.606,0.591,0.036,5
curvelanes,curvelanes_valid_1cd2da517ed508be27e6e419f88712d8.jpg,0.523,0.678,0.621,0.617,0.014,3
curvelanes,curvelanes_valid_1cd6bd67698ab44ce8a93f7ffbe4fe45.jpg,0.498,1,0.731,0.536,0.015,4
curvelanes,curvelanes_valid_1cdc75f67654b6dc234d72374af7437e.jpg,0.753,0.499,0.503,0.513,0.03,4
curvelanes,curvelanes_valid_1cef831d4832b0b432acc1320837bab4.jpg,0.465,0.656,0.813,0.621,0.043,3
curvelanes,curvelanes_valid_1d06e8727d8eeacc3f4e797a42a3999e.jpg,0.273,0.515,0.693,0.727,0.023,4
curvelanes,curvelanes_valid_1d71506b6ad5b06ea0dbbf434c64f21c.jpg,0.653,0.501,0.798,0.595,0.029,5
curvelanes,curvelanes_valid_1db3e8971af2bd78fd2c98705c846633.jpg,0.481,0.259,0.808,0.596,0.027,6
curvelanes,curvelanes_valid_1dbbdfd7829e12bcc60604ce183f5252.jpg,0.922,0.574,0.624,0.671,0.027,4
curvelanes,curvelanes_valid_1de0a86d2b8c415c5381cc8f59f7013d.jpg,0.584,0.562,0.376,0.597,0.087,6
curvelanes,curvelanes_valid_1de0f4b2a28eb7d9426f82d7c3d656b8.jpg,0.742,0.469,0.856,0.573,0.013,4
curvelanes,curvelanes_valid_1de55395470c156750e7ff7956b64833.jpg,0.135,1,0.658,0.656,0.021,2
curvelanes,curvelanes_valid_1e42bdaca7a3b3537c1aab454051652a.jpg,0.44,0.59,0.742,0.613,0.018,5
curvelanes,curvelanes_valid_1e45532a8d86fde3fc08a90f43183fe3.jpg,0.568,0.377,0.797,0.654,0.025,6
curvelanes,curvelanes_valid_1e45c799751c65b4f641a6106f0d644c.jpg,0.37,0.874,0.58,0.639,0.033,4
curvelanes,curvelanes_valid_1e4810ae5c7a7104f5c77a386c828266.jpg,0.117,1,0.752,0.641,0.048,4
curvelanes,curvelanes_valid_1ea7edd879b2f5c0d64c56f00108084a.jpg,0.437,1,0.683,0.447,0.007,6
curvelanes,curvelanes_valid_1ea8ad6060e08064bd488cf64d4fc4e2.jpg,0.983,0.28,0.76,0.585,0.002,3
curvelanes,curvelanes_valid_1eb1b6ae53eac04e4590514e79550178.jpg,0.621,0.935,0.721,0.543,0.022,4
curvelanes,curvelanes_valid_1ebb5262e84a29af0f4a20fe89d05652.jpg,0.389,0.799,0.686,0.624,0.045,4
curvelanes,curvelanes_valid_1f0743f4056c7adc4357226c2562d1be.jpg,0.577,0.537,0.659,0.448,0.036,4
curvelanes,curvelanes_valid_1f08f7828f7c5db0c7c02d0256d1f97c.jpg,0.095,1,0.839,0.736,0.023,6
curvelanes,curvelanes_valid_1f46d864c700fc22b9a1f1c4c25995c4.jpg,0.621,0.766,0.617,0.599,0.008,7
curvelanes,curvelanes_valid_1f5cd1183837f0bdf58f8efa636b24bf.jpg,0.189,1,0.763,0.544,0.08,3
curvelanes,curvelanes_valid_1f5e8ffb1b817e181adb3cd669608435.jpg,0.313,1,0.765,0.551,0.025,5
curvelanes,curvelanes_valid_1f6e8ef94365ddfdfd6897c22dc5f11d.jpg,0.437,0.928,0.691,0.541,0.017,5
curvelanes,curvelanes_valid_1f7e8b13af885ddfdbdeafe90eeed8e4.jpg,0.382,1,0.721,0.659,0.017,4
curvelanes,curvelanes_valid_1fa365f12f121582e9b3e21635581255.jpg,0.281,0.98,0.81,0.602,0.013,5
curvelanes,curvelanes_valid_1fb837f0d907da237f15a16458e6dbd3.jpg,0.983,0.213,0.753,0.658,0.04,3
curvelanes,curvelanes_valid_1fc19500d28f1ddcdb9c115eeeefb1ca.jpg,0.733,0.445,0.52,0.662,0.067,3
curvelanes,curvelanes_valid_1fe04e20c763bc661d652b1858804659.jpg,1,0.403,0.723,0.565,0.037,8
curvelanes,curvelanes_valid_1fe67641913970dca50cd9eddac87f8f.jpg,0.65,0.306,0.659,0.565,0.009,5
curvelanes,curvelanes_valid_1fec81bbcbdd004f006f8c0e303ad018.jpg,0.896,0.55,0.297,0.663,0.027,5
curvelanes,curvelanes_valid_1ff7595d7ef46bbb60ae4ba3f564ab23.jpg,0.469,0.837,0.604,0.474,0.081,6
curvelanes,curvelanes_valid_20137ea2ee612ded7272eeae90981f0d.jpg,0.557,0.909,0.637,0.58,0.063,4
curvelanes,curvelanes_valid_201933b6f9868d4e0ff76632626dece0.jpg,0.199,0.924,0.665,0.726,0.042,4
curvelanes,curvelanes_valid_20207ecc88aa835e5353a41cf9b0176c.jpg,0.612,0.301,0.346,0.688,0.042,2
curvelanes,curvelanes_valid_2026acf3b334218a40ae625612d72bbc.jpg,0.869,0.407,0.725,0.352,0.012,7
curvelanes,curvelanes_valid_202bc29274d6aa8c3632d21360726c70.jpg,0.576,0.438,0.612,0.709,0.02,4
curvelanes,curvelanes_valid_2034b72074004f115a10495d4a3f2384.jpg,0.551,0.634,0.372,0.71,0.041,5
curvelanes,curvelanes_valid_20606cf7654e7f68e871cef1284a6ea4.jpg,0.292,0.64,0.65,0.565,0.146,5
curvelanes,curvelanes_valid_2063a05a71cf51abe877f8ac99f6c4f9.jpg,0.13,1,0.74,0.638,0.029,4
curvelanes,curvelanes_valid_207126b5ebeb8a5d80c277dca9f7f0ad.jpg,0.672,0.869,0.722,0.48,0.061,5
curvelanes,curvelanes_valid_2077b411323f992a7a03594a5279d5a0.jpg,0.504,0.846,0.664,0.55,0.047,4
curvelanes,curvelanes_valid_2099c98c2481bd5037fe960167a5833d.jpg,0.867,0.437,0.795,0.522,0.011,3
curvelanes,curvelanes_valid_20a183b2519bc9668ce50195ee455d51.jpg,0.855,0.875,0.676,0.592,0.022,6
curvelanes,curvelanes_valid_20b753f1f95bbd28053e7d44a3e95254.jpg,0.878,0.633,0.742,0.467,0.028,4
curvelanes,curvelanes_valid_21119aa1080956f791f0e2e36cbd6f8c.jpg,0.752,0.71,0.566,0.637,0.021,4
curvelanes,curvelanes_valid_2115ba5daeda200cc314a39755bf637a.jpg,0.346,0.882,0.637,0.568,0.013,4
curvelanes,curvelanes_valid_213674c69bda09fe557764d83c8bc42c.jpg,0.846,0.591,0.628,0.545,0.047,5
curvelanes,curvelanes_valid_21703a6548818a4ce8056d70fa08f4d0.jpg,0.876,0.635,0.657,0.695,0.053,6
curvelanes,curvelanes_valid_2173ec207ae7c396d450b3534335a4bb.jpg,0.548,0.47,0.565,0.709,0.038,5
curvelanes,curvelanes_valid_218135c06799f61fa4393683a6dcfed2.jpg,0.427,0.475,0.646,0.636,0.031,5
curvelanes,curvelanes_valid_2185b41780aab6ddfcfeadf50e846bd5.jpg,0.557,0.603,0.648,0.641,0.021,5
curvelanes,curvelanes_valid_21a5a564712444e7e30097db123ff4df.jpg,0.401,0.643,0.73,0.608,0.027,4
curvelanes,curvelanes_valid_21ccb6753b173b3b4076c99f5b2048d2.jpg,0.73,0.305,0.571,0.572,0.014,4
curvelanes,curvelanes_valid_21d3dbee0df2a4c348383bc50247b495.jpg,0.498,0.313,0.692,0.667,0.02,4
curvelanes,curvelanes_valid_21d7cde248c8c24ef6dd98b3d5011c42.jpg,0.262,0.986,0.56,0.597,0.075,4
curvelanes,curvelanes_valid_21e9a034a1ded2b6987343accdd6a39b.jpg,0.265,1,0.685,0.567,0.075,4
curvelanes,curvelanes_valid_21e9eb101bf4e3bae3a058bf8bb90f9d.jpg,0.194,0.485,0.628,0.635,0.021,5
curvelanes,curvelanes_valid_2214c224aabd6b0107d496f204c369d5.jpg,0.729,0.449,0.747,0.657,0.01,6
curvelanes,curvelanes_valid_2241ad0cc7e2d11ea254109d203d7128.jpg,0.367,0.69,0.703,0.624,0.068,4
curvelanes,curvelanes_valid_22515e6c6d1116a3b5b82387bf73edfe.jpg,0.16,1,0.82,0.547,0.032,6
curvelanes,curvelanes_valid_22815b4a84d971a4dec0626b21abb4e2.jpg,0.774,0.538,0.754,0.677,0.014,4
curvelanes,curvelanes_valid_22900c07f810b06cc7b2053491a9b5ad.jpg,0.239,1,0.695,0.65,0.046,4
curvelanes,curvelanes_valid_22bf7e26eaf5b6c209cbb34753379c7b.jpg,0.564,0.918,0.635,0.728,0.018,4
curvelanes,curvelanes_valid_22fa4651dc642f4c63ee32fc7ad31da2.jpg,0.683,0.398,0.641,0.63,0.018,4
curvelanes,curvelanes_valid_2332679c91caa0eb8b4495c06939bfdc.jpg,0.747,0.483,0.59,0.548,0.033,3
curvelanes,curvelanes_valid_23567ac44c10d29cf01335e5cda2a9a9.jpg,0.524,0.531,0.687,0.706,0.023,6
curvelanes,curvelanes_valid_2364de8a99c054265db6ea098b26b188.jpg,0.667,0.954,0.785,0.544,0.028,6
curvelanes,curvelanes_valid_237b5a83f521fb0d6fb5d1819cc60df9.jpg,0.32,0.814,0.615,0.648,0.088,5
curvelanes,curvelanes_valid_23b3f9bff9a31934f1094f775bb13581.jpg,0.29,0.796,0.707,0.547,0.059,5
curvelanes,curvelanes_valid_23fdec894b096ba8841f2e5ff6ae9759.jpg,0.655,0.514,0.749,0.58,0.02,6
curvelanes,curvelanes_valid_240da00325c47f4026ffa83e376b3677.jpg,0.127,0.927,0.573,0.761,0.017,4
curvelanes,curvelanes_valid_24195f90b90e55722c7177bb7c4d79a5.jpg,0.67,0.508,0.726,0.607,0.045,4
curvelanes,curvelanes_valid_24445c2f79276cd0980be3f2cf4b9720.jpg,0.363,0.452,0.589,0.67,0.026,6
curvelanes,curvelanes_valid_2497c746ef57c9280d322b604e1075a5.jpg,0.601,0.692,0.549,0.641,0.056,4
curvelanes,curvelanes_valid_249f6b21c19caa9386731aabd50e00eb.jpg,0.41,0.921,0.674,0.62,0.026,5
curvelanes,curvelanes_valid_24b6086edc759e37e4f09a1a88fe9b47.jpg,0.493,0.389,0.699,0.624,0.011,5
curvelanes,curvelanes_valid_24d2519f41a5169ec53f0e8041b221b7.jpg,0.852,0.425,0.588,0.66,0.019,4
curvelanes,curvelanes_valid_24ea1ab73712191b7983d572cde4de64.jpg,0.625,0.836,0.734,0.589,0.009,8
curvelanes,curvelanes_valid_24fdac041222d37955c9abc4c1721189.jpg,0.377,0.904,0.601,0.519,0.028,4
curvelanes,curvelanes_valid_2505a60d3b9a61ff79e0c1666ca61a02.jpg,0.962,0.606,0.644,0.671,0.051,3
curvelanes,curvelanes_valid_2528b58c03516470549b6681077767d2.jpg,0.302,0.822,0.646,0.675,0.122,6
curvelanes,curvelanes_valid_256e3ca348489d36f6c61a00b1385d30.jpg,0.468,0.915,0.727,0.571,0.054,5
curvelanes,curvelanes_valid_25772c0eac6d50c3132b6060ad7b22c2.jpg,0.539,0.436,0.647,0.634,0.026,3
curvelanes,curvelanes_valid_25bb6042377bc00f35113eec914e0d0c.jpg,0.16,1,0.742,0.621,0.025,5
curvelanes,curvelanes_valid_25d7b66f98d59ff4fdcf0a7482cbbdaf.jpg,0.318,0.887,0.796,0.65,0.095,5
curvelanes,curvelanes_valid_25e04401b337bf07773f37e7814ff6b2.jpg,0.612,0.872,0.609,0.484,0.029,4
curvelanes,curvelanes_valid_261c5423ef8eada6150f7dcba39ec013.jpg,0.684,0.597,0.772,0.638,0.021,6
curvelanes,curvelanes_valid_2621f1cdda7360bbc05fd74fd3fe90e4.jpg,0.271,1,0.83,0.62,0.04,4
curvelanes,curvelanes_valid_2670105194142a587d9dea8dd4425063.jpg,0.902,0.43,0.484,0.506,0.017,4
curvelanes,curvelanes_valid_269afeda22e60084dee54cab0eb678c6.jpg,0.41,1,0.691,0.584,0.034,3
curvelanes,curvelanes_valid_269f676c4a7c5c65de184696631cba14.jpg,0.472,0.582,0.724,0.595,0.038,6
curvelanes,curvelanes_valid_26a382412741982d0f04efcc1dd50798.jpg,0.306,0.818,0.624,0.665,0.063,2
curvelanes,curvelanes_valid_26b7704642e5ac956fbad4ffd25a0c6a.jpg,0.917,0.475,0.683,0.638,0.025,6
curvelanes,curvelanes_valid_270b6e2271be9b60aa24f16fbb09ac57.jpg,0.391,1,0.76,0.507,0.035,6
curvelanes,curvelanes_valid_2722e9208263addff939b583712c481d.jpg,0.421,0.813,0.622,0.574,0.015,5
curvelanes,curvelanes_valid_2731da637650bf5c4d0950b12200d40f.jpg,0.791,0.778,0.543,0.597,0.034,3
curvelanes,curvelanes_valid_276b7e4855535238cf306f1c437935d2.jpg,0.961,0.521,0.763,0.544,0.035,4
curvelanes,curvelanes_valid_278629d2d25e349bd008d417e7301765.jpg,0.376,0.483,0.695,0.555,0.022,3
curvelanes,curvelanes_valid_2786d73d70a021869358b48bccedad2b.jpg,0.298,1,0.714,0.418,0.061,4
curvelanes,curvelanes_valid_279537614156ab746316dc1228460784.jpg,0.72,0.347,0.776,0.605,0.034,4
curvelanes,curvelanes_valid_27ff34ba52864cec69ebefff28f8dc40.jpg,0.558,0.419,0.57,0.528,0.045,3
curvelanes,curvelanes_valid_2827330b1648748867d67763bcdcd9ca.jpg,0.43,0.698,0.637,0.64,0.014,5
curvelanes,curvelanes_valid_28549b4ffbb0c81e784040afa8e868e4.jpg,0.834,0.367,0.561,0.606,0.028,5
curvelanes,curvelanes_valid_285808cd05b16f07e1a22f2d59617b97.jpg,0.674,1,0.55,0.511,0.023,4
curvelanes,curvelanes_valid_289ad3bc0b8fb781519d275b760231aa.jpg,0.901,0.703,0.633,0.599,0.035,3
curvelanes,curvelanes_valid_28b7fe9107f2f80c33df9f92d7bc338d.jpg,0.505,0.494,0.714,0.651,0.022,3
curvelanes,curvelanes_valid_28b989254a71a82676ce5de42dd636a0.jpg,0.355,0.622,0.703,0.684,0.033,3
curvelanes,curvelanes_valid_28bcb3f07a5198e12622101c642112ae.jpg,0.282,0.578,0.571,0.529,0.036,2
curvelanes,curvelanes_valid_28f3599fe9ef88a15c8e66a92dcdb3ec.jpg,0.448,0.456,0.831,0.621,0.028,6
curvelanes,curvelanes_valid_28f3e2d9434181271a5832a48583d1fe.jpg,0.909,0.373,0.732,0.651,0.022,6
curvelanes,curvelanes_valid_295d0525f7c4da91610cafdb5669fbda.jpg,0.174,1,0.799,0.582,0.038,5
curvelanes,curvelanes_valid_298b1bd2ca8121d36da176b3b1548f86.jpg,0.702,0.451,0.833,0.546,0.044,7
curvelanes,curvelanes_valid_298ca2fe585e800b7efe7669dbf8934b.jpg,0.171,0.596,0.653,0.662,0.041,3
curvelanes,curvelanes_valid_2990c789be74644d96daebb8f2f6a07c.jpg,0.661,0.863,0.788,0.483,0.057,7
curvelanes,curvelanes_valid_29f00ca1b4789e457d0534426a29e857.jpg,0.701,0.633,0.653,0.534,0.012,4
curvelanes,curvelanes_valid_2a0947c0f41d54f797f9ec3f8a26ba5d.jpg,0.659,0.693,0.713,0.634,0.029,5
curvelanes,curvelanes_valid_2a6247be36925a51f6736e955a2c1e89.jpg,0.54,0.832,0.736,0.517,0.027,4
curvelanes,curvelanes_valid_2a699091c7f4284cdbf99b0958845dca.jpg,0.762,0.646,0.662,0.543,0.021,5
curvelanes,curvelanes_valid_2a7e2c4e5486430dd3abfbd24585cb3c.jpg,0.454,0.723,0.679,0.624,0.03,5
curvelanes,curvelanes_valid_2a9171c4670213e0be3b8f128831c706.jpg,0.718,0.425,0.682,0.601,0.044,6
curvelanes,curvelanes_valid_2ae1b06bd89e86c4a9412d5d0dc67ee6.jpg,0.826,0.512,0.569,0.572,0.054,7
curvelanes,curvelanes_valid_2af586a96d7761be5611f2795db42d49.jpg,0.543,0.509,0.66,0.655,0.024,5
curvelanes,curvelanes_valid_2af6c8fe1a89ada66c1f468a53f0e25e.jpg,0.51,0.286,0.815,0.44,0.033,8
curvelanes,curvelanes_valid_2b055be51d88e8f95f35a3317851b116.jpg,0.382,0.607,0.731,0.64,0.032,6
curvelanes,curvelanes_valid_2b341fc1d7fb35b6b038e1f2a373a445.jpg,0.664,0.314,0.577,0.649,0.034,5
curvelanes,curvelanes_valid_2b54d542a259cd92a0e40be96b6aac18.jpg,0.396,0.77,0.676,0.601,0.102,5
curvelanes,curvelanes_valid_2b56497f18fa619b405dc827cff2244b.jpg,0.845,0.434,0.704,0.627,0.037,6
curvelanes,curvelanes_valid_2b946ba534c268633bf1740244e74d0d.jpg,0.53,0.456,0.638,0.566,0.016,5
curvelanes,curvelanes_valid_2b9adf151e2c59b2d2d98a7df35849ca.jpg,0.916,0.452,0.465,0.575,0.037,3
curvelanes,curvelanes_valid_2ba6e7b2eee0e543c593e4904bbc8c32.jpg,0.827,0.468,0.322,0.598,0.045,6
curvelanes,curvelanes_valid_2bac45b6608ffb142995033be14b5df1.jpg,0.422,1,0.779,0.492,0.086,5
curvelanes,curvelanes_valid_2c2c85e7d1148bb91103bb5209d8ddaa.jpg,0.382,0.509,0.719,0.577,0.015,3
curvelanes,curvelanes_valid_2c2cd8a578109ddee8173a5b1ecb652d.jpg,0.751,0.467,0.68,0.613,0.037,5
curvelanes,curvelanes_valid_2c36415bdd4bc28153a3eeb495f6bd9e.jpg,0.57,0.858,0.658,0.565,0.029,4
curvelanes,curvelanes_valid_2c6cb78a58870b18c37df4924c2d46c3.jpg,0.64,0.506,0.549,0.625,0.037,4
curvelanes,curvelanes_valid_2caed58727e649276949d300dbb4cbe4.jpg,0.667,1,0.734,0.522,0.024,6
curvelanes,curvelanes_valid_2caeefc98693c77ea339fd42b22827b5.jpg,0.945,0.529,0.765,0.635,0.011,6
curvelanes,curvelanes_valid_2cc3d17aa49b99897822030e420b1330.jpg,0.408,0.372,0.629,0.679,0.065,4
curvelanes,curvelanes_valid_2ce04a7ee5c622bde756747f9542163e.jpg,0.229,1,0.807,0.634,0.022,4
curvelanes,curvelanes_valid_2cf18d69f4f1177c2bc0d6da178ebead.jpg,0.845,0.446,0.488,0.683,0.031,3
curvelanes,curvelanes_valid_2cf41a5ec57d4e5675b2619f2da0d81f.jpg,0.184,1,0.82,0.669,0.113,4
curvelanes,curvelanes_valid_2d27709caf5c65d160354de81f744f04.jpg,0.308,0.531,0.629,0.617,0.025,5
curvelanes,curvelanes_valid_2da8f9e6fd482c8b7a55a01316b36494.jpg,0.557,0.594,0.692,0.631,0.031,5
curvelanes,curvelanes_valid_2dbf29482d5aa9e8475796198ffd06d4.jpg,0.503,0.396,0.702,0.625,0.025,6
curvelanes,curvelanes_valid_2dd9bf8a3c4297eb84dbba86f947b732.jpg,0.767,0.705,0.831,0.632,0.043,4
curvelanes,curvelanes_valid_2e00ee327b834df3cb1d9433843edea7.jpg,0.218,0.549,0.739,0.631,0.027,3
curvelanes,curvelanes_valid_2e1f4effbe8b1698e8aa3790bb2b1b13.jpg,1,0.617,0.557,0.438,0.046,3
curvelanes,curvelanes_valid_2e637cb96bb2672826807f57ed887070.jpg,0.479,0.595,0.776,0.458,0.024,5
curvelanes,curvelanes_valid_2e8cb2c2f7cdfb94d39c98a186b8d55a.jpg,0.157,1,0.81,0.676,0.035,4
curvelanes,curvelanes_valid_2e9cf3fdcd77c997fcd27a8c0eb33c92.jpg,0.722,0.802,0.78,0.494,0.022,5
curvelanes,curvelanes_valid_2ea21f077f5ed1ed7fe2b10f8cb10d44.jpg,0.322,0.524,0.605,0.591,0.028,3
curvelanes,curvelanes_valid_2ea54f80154ff62a1bc67e56166ada6f.jpg,0.551,0.723,0.741,0.56,0.025,4
curvelanes,curvelanes_valid_2ec1efdff688d9403e44d1b6b71b4bc2.jpg,0.312,1,0.729,0.618,0.014,3
curvelanes,curvelanes_valid_2ec3d6092d28af540b4687f7870f6a25.jpg,0.704,0.516,0.793,0.674,0.016,6
curvelanes,curvelanes_valid_2ece7990a6d3a72ff043972801d2de54.jpg,0.415,0.647,0.573,0.634,0.066,6
curvelanes,curvelanes_valid_2ecfaf5971318c9313c1e34e50507f76.jpg,0.772,0.332,0.753,0.64,0.053,4
curvelanes,curvelanes_valid_2ed3ec0da4185a2375e173f2c40b6e29.jpg,0.404,0.329,0.715,0.709,0.01,5
curvelanes,curvelanes_valid_2ef4b81812618034dc896689b7dce14d.jpg,0.572,0.619,0.718,0.671,0.052,6
curvelanes,curvelanes_valid_2efbb6f2abbba0b4394648c177b8fa86.jpg,0.209,0.797,0.635,0.68,0.029,3
curvelanes,curvelanes_valid_2efe1f6ed81b531bce3ea052d63fb5b3.jpg,0.284,0.667,0.628,0.761,0.006,4
curvelanes,curvelanes_valid_2f00d90031754656398a60eeee434c66.jpg,0.584,0.43,0.706,0.605,0.041,7
curvelanes,curvelanes_valid_2f05d518cf486d517ccc0b604cdd47d1.jpg,0.616,0.837,0.637,0.638,0.029,4
curvelanes,curvelanes_valid_2f26939890f54c4d323ee65bd5016b87.jpg,0.111,0.697,0.644,0.613,0.029,4
curvelanes,curvelanes_valid_2f32ca1f94cffb9485a5ba50cc991871.jpg,0.271,0.377,0.539,0.683,0.014,6
curvelanes,curvelanes_valid_2f82da90df55c173b5caa1e00d7ab19f.jpg,0.68,0.431,0.702,0.588,0.014,5
curvelanes,curvelanes_valid_2f84b4047d69dc7b6194208453abb2ed.jpg,0.704,0.563,0.624,0.59,0.051,5
curvelanes,curvelanes_valid_2fa877b338a9907367b8930d50e19ec9.jpg,0.708,0.418,0.754,0.539,0.021,8
curvelanes,curvelanes_valid_2fe54f7cac25ef0ebc28fd8da82cc0a5.jpg,0.396,0.869,0.606,0.599,0.014,5
curvelanes,curvelanes_valid_2feb5d0bcbee96a5650c230e5237f7c3.jpg,0.024,0.53,0.696,0.76,0.04,4
curvelanes,curvelanes_valid_2fece3f691c3166118fbf22f17fc43eb.jpg,0.722,0.301,0.61,0.625,0.019,3
curvelanes,curvelanes_valid_302912c09a1ca6b6adc476ae0c61873b.jpg,0.428,0.933,0.688,0.583,0.032,4
curvelanes,curvelanes_valid_302a08d4fcb25acac0c6dba24f369fcc.jpg,0.088,0.498,0.497,0.687,0.025,2
curvelanes,curvelanes_valid_303c484e877a3e0b0c4032434ebf2503.jpg,0.382,0.416,0.635,0.673,0.023,5
curvelanes,curvelanes_valid_3040c8e3f235329a586b8d3e1a2ceb34.jpg,0.86,0.393,0.749,0.654,0.017,5
curvelanes,curvelanes_valid_30482d7d519047a5d919b8dcafb43bbc.jpg,0.67,0.314,0.685,0.63,0.026,7
curvelanes,curvelanes_valid_3051873343d173d925e3f2acb6906bd7.jpg,0.232,0.71,0.629,0.662,0.012,5
curvelanes,curvelanes_valid_309686d7c8578e2f0c73cf07fe7845d5.jpg,0.406,1,0.63,0.681,0.024,5
curvelanes,curvelanes_valid_30b34182fe1a13d418977bce983b7cb4.jpg,0.273,0.535,0.62,0.64,0.03,3
curvelanes,curvelanes_valid_30b93cbff18203852263f1088016368c.jpg,0.799,0.229,0.536,0.645,0.039,2
curvelanes,curvelanes_valid_30c2cc21e4163c28fdbbbc114a596a34.jpg,0.529,0.458,0.756,0.556,0.026,3
curvelanes,curvelanes_valid_30d0d4ada1b0699d4fc767ae90121e99.jpg,0.98,0.48,0.56,0.499,0.044,5
curvelanes,curvelanes_valid_314034adbe6529845fc8ae7f151d6f38.jpg,0.781,0.496,0.724,0.536,0.036,5
curvelanes,curvelanes_valid_318d49ae41d24d99ed45d03638f6e873.jpg,0.829,0.277,0.839,0.586,0.039,7
curvelanes,curvelanes_valid_31bc7e8537a013af5ecb5af9ff867615.jpg,0.684,0.493,0.75,0.516,0.01,3
curvelanes,curvelanes_valid_31d2f06289b15fbb79b35eb31eeb9849.jpg,0.937,0.478,0.864,0.551,0.03,6
curvelanes,curvelanes_valid_31e0bddf30742307553494c5c16b85e8.jpg,0.672,0.262,0.863,0.642,0.035,5
curvelanes,curvelanes_valid_31e4e0029b779cfa66e173f2c4c16c27.jpg,0.65,0.781,0.68,0.615,0.017,4
curvelanes,curvelanes_valid_31eef6efc3220b6fd828c06353933c2b.jpg,0.63,0.463,0.798,0.694,0.035,5
curvelanes,curvelanes_valid_31f0cea8f87ff9c3573aabe4c8593e48.jpg,0.535,0.635,0.532,0.624,0.043,3
curvelanes,curvelanes_valid_31f5e46206af34137a7ef60109d6d458.jpg,0.427,0.462,0.688,0.638,0.023,4
curvelanes,curvelanes_valid_31f6be4e43f201661f6ae660247c0226.jpg,0.542,0.707,0.556,0.607,0.045,5
curvelanes,curvelanes_valid_32379c803212052e50a4a6369072f6e8.jpg,0.633,0.653,0.808,0.514,0.031,6
curvelanes,curvelanes_valid_32411cb17c26cce4174e2abc9ee23102.jpg,0.19,0.248,0.816,0.747,0.027,5
curvelanes,curvelanes_valid_3256d91d7ad176b24eaa5deca5b8febb.jpg,0.561,0.688,0.698,0.636,0.037,5
curvelanes,curvelanes_valid_326e27acd3c8ba7725c6fc4465d0de4d.jpg,0.43,0.818,0.603,0.7,0.023,5
curvelanes,curvelanes_valid_3286a1e6928fff0037793bef68bb28f9.jpg,0.469,0.707,0.571,0.657,0.028,3
curvelanes,curvelanes_valid_328ae39b111591adca3c04c447184682.jpg,0.559,0.651,0.873,0.408,0.036,7
curvelanes,curvelanes_valid_32dd1a28651919127862312a8a62bb55.jpg,0.569,0.864,0.847,0.485,0.022,4
curvelanes,curvelanes_valid_32e374bfd48515ee0b2b6cd00f23ffc0.jpg,0.476,1,0.76,0.483,0.038,6
curvelanes,curvelanes_valid_32eb9df7ec254a76d70a1bd9c4293c36.jpg,0.768,0.374,0.595,0.599,0.057,6
curvelanes,curvelanes_valid_32ebbbabf558cd10f490d4965ff24f8a.jpg,0.796,0.955,0.738,0.405,0.037,5
curvelanes,curvelanes_valid_33155bf27eaf6a7daae64e6dc9f773fa.jpg,0.695,0.432,0.679,0.609,0.018,6
curvelanes,curvelanes_valid_331cde2ccc10674c9045e3f041984362.jpg,0.554,0.665,0.57,0.654,0.022,5
curvelanes,curvelanes_valid_332144b158ab14e3ab0f65aad3f86ae7.jpg,0.311,0.554,0.634,0.608,0.03,4
curvelanes,curvelanes_valid_335593f7b8e41fd58556e9c359cee85e.jpg,0.171,0.453,0.561,0.671,0.012,3
curvelanes,curvelanes_valid_336406266e3e676ac1d11de86514ab9d.jpg,0.178,0.413,0.508,0.726,0.028,3
curvelanes,curvelanes_valid_3374d68615f632d4611a951f7e049434.jpg,0.596,0.767,0.716,0.443,0.033,4
curvelanes,curvelanes_valid_34174570b30e0a2a617057701e5b1aae.jpg,0.784,0.297,0.664,0.661,0.039,7
curvelanes,curvelanes_valid_342940f554c080edcf6d99d586f5d2a4.jpg,0.733,0.5,0.782,0.535,0.029,7
curvelanes,curvelanes_valid_344a66467661d5caae1454f7d4e5f459.jpg,0.351,1,0.612,0.702,0.039,4
curvelanes,curvelanes_valid_345254d642560214fb319d7cd8833fde.jpg,0.415,0.522,0.569,0.645,0.044,3
curvelanes,curvelanes_valid_3466bc1964a180c9d6464c6958b22ec2.jpg,0.459,0.516,0.712,0.561,0.02,5
curvelanes,curvelanes_valid_3495e94c2c599910afb7390d6ec8345d.jpg,0.792,0.466,0.535,0.63,0.012,3
curvelanes,curvelanes_valid_34a7e2ce9a340da8afe06376219e5aac.jpg,0.505,0.432,0.573,0.587,0.053,4
curvelanes,curvelanes_valid_34c4c7f2295069eba0add56a0daf08f6.jpg,0.387,0.999,0.652,0.588,0.018,5
curvelanes,curvelanes_valid_34dce4bd961b2a50f00e65ba90077b7e.jpg,0.046,0.716,0.55,0.829,0.05,3
curvelanes,curvelanes_valid_34eb1bb80054e8d2bdcd25d5b856fe10.jpg,0.499,0.41,0.595,0.641,0.012,4
curvelanes,curvelanes_valid_351609e677c44e09c357e49e9aec78c8.jpg,0.773,0.882,0.527,0.593,0.066,4
curvelanes,curvelanes_valid_3528b869e0e18e2400c41e9a742ef8ca.jpg,0.786,0.404,0.582,0.679,0.027,5
curvelanes,curvelanes_valid_3533897cab385fbf501272d00a0e273d.jpg,0.316,0.345,0.566,0.731,0.015,6
curvelanes,curvelanes_valid_35369618d12c6697bff2bb92da0d0b16.jpg,0.432,0.227,0.652,0.723,0.079,2
curvelanes,curvelanes_valid_3550964d3fcccc8cae808039d7073b9c.jpg,0.396,0.796,0.698,0.636,0.033,6
curvelanes,curvelanes_valid_35515fe702c847b2895f5a0fbcd0b21a.jpg,0.901,0.295,0.508,0.59,0.033,5
curvelanes,curvelanes_valid_35d5b02af236aa5d5fefe446edf03d6b.jpg,0.11,0.247,0.519,0.788,0.026,2
curvelanes,curvelanes_valid_3648db26c0b7283917da339f61f383ba.jpg,0.307,0.598,0.607,0.68,0.023,3
curvelanes,curvelanes_valid_3652387b88d767249e24369539436641.jpg,0.542,0.353,0.67,0.691,0.016,6
curvelanes,curvelanes_valid_366575c01f56f28511ecb9e2ae6702e3.jpg,0.789,0.363,0.714,0.645,0.022,5
curvelanes,curvelanes_valid_367a6913f6827f1aa9d94088842f462a.jpg,0.852,0.691,0.714,0.589,0.026,7
curvelanes,curvelanes_valid_367bc6d3df9d0f4d300fe4d4fc4b3e45.jpg,0.668,0.428,0.727,0.576,0.024,6
curvelanes,curvelanes_valid_36874266db092e8196a70ee0aa9d431d.jpg,0.373,1,0.686,0.595,0.057,5
curvelanes,curvelanes_valid_3690e1754acaacc5c5140d26d3f06ddc.jpg,0.863,0.537,0.77,0.563,0.029,4
curvelanes,curvelanes_valid_369e29ba7f3c5fb1a39b5a299cb738df.jpg,0.687,0.444,0.665,0.52,0.053,5
curvelanes,curvelanes_valid_36dd3a239b820e5715d7dd80f99ff196.jpg,0.647,0.597,0.756,0.454,0.015,5
curvelanes,curvelanes_valid_36ecf995ced24569a65a0bd214dfe3b2.jpg,0.266,1,0.684,0.601,0.059,6
curvelanes,curvelanes_valid_36efdb5c48dea6652be4af4874cc10ac.jpg,0.276,0.514,0.826,0.555,0.031,3
curvelanes,curvelanes_valid_36fa52525958e6cd8d0f6849ee6e33b9.jpg,0.17,1,0.78,0.619,0.027,6
curvelanes,curvelanes_valid_37090bd5df3bec214d1627e86f5e7f45.jpg,0.433,0.603,0.645,0.659,0.021,5
curvelanes,curvelanes_valid_370ade9e54015fa25a6954d13c6c4e5e.jpg,0.315,1,0.729,0.674,0.027,3
curvelanes,curvelanes_valid_3722a3f8fc1218c7c2011b404b838924.jpg,0.531,0.676,0.643,0.549,0.054,4
curvelanes,curvelanes_valid_375c14f8ab3e0aad247df2be63fbaf2c.jpg,0.525,0.37,0.7,0.532,0.015,4
curvelanes,curvelanes_valid_375eaa456d1f9d2b12e3e2cc747d9a33.jpg,0.598,0.542,0.53,0.635,0.022,4
curvelanes,curvelanes_valid_3793d458afde0bb99a18fb210855571f.jpg,0.702,0.613,0.7,0.655,0.025,6
curvelanes,curvelanes_valid_380ae2d8ae5261cdccc0e9515d60d0ab.jpg,0.522,0.571,0.733,0.598,0.013,2
curvelanes,curvelanes_valid_38498e8425acca407e3a075dd2cade1b.jpg,0.904,0.583,0.602,0.643,0.017,6
curvelanes,curvelanes_valid_385ee15653275acbadfcb1d4d31ffa5e.jpg,0.935,0.657,0.634,0.582,0.029,3
curvelanes,curvelanes_valid_388ac302ded2f20ca7694ed3ef3c4861.jpg,0.554,0.344,0.686,0.655,0.021,6
curvelanes,curvelanes_valid_38afe33cf99381f4a0a66af3e5fe40f1.jpg,0.35,1,0.755,0.647,0.039,4
curvelanes,curvelanes_valid_38b95fb2f467b6274d03edb702f8b22a.jpg,0.288,0.545,0.553,0.667,0.041,5
curvelanes,curvelanes_valid_38fe4a1e0a1b8c3394d35687c2a30288.jpg,0.468,0.268,0.721,0.625,0.025,5
curvelanes,curvelanes_valid_39005bfea76f5d49847eb3934132ee35.jpg,0.467,0.309,0.694,0.674,0.038,7
curvelanes,curvelanes_valid_3931ea13ecca4bd1e7eed2ca71e43118.jpg,0.456,0.571,0.73,0.483,0.057,5
curvelanes,curvelanes_valid_39652b58ce9252486b73c5ac2ee3011b.jpg,0.62,0.426,0.629,0.63,0.019,4
curvelanes,curvelanes_valid_396c819f6ccedf0fd914e6d3fdca6896.jpg,0.807,0.412,0.775,0.553,0.032,3
curvelanes,curvelanes_valid_3989ada3c3aa76eec088ac4315547ec9.jpg,1,0.69,0.761,0.496,0.027,6
curvelanes,curvelanes_valid_39e3d5f22a0cbaa10effd0351c16723a.jpg,0.556,0.655,0.589,0.649,0.001,3
curvelanes,curvelanes_valid_3a0b61baaaed47b8eaad0906164eed25.jpg,0.681,0.429,0.632,0.638,0.014,5
curvelanes,curvelanes_valid_3a2a2f5b902000747bae2db9a4934666.jpg,0.573,0.498,0.749,0.636,0.026,5
curvelanes,curvelanes_valid_3a547b482f6bf02b1ead4f4de0bb92a1.jpg,0.625,0.33,0.593,0.624,0.014,3
curvelanes,curvelanes_valid_3a64fed0bc95271296c15ecc48adaffe.jpg,0.45,0.248,0.537,0.727,0.026,4
curvelanes,curvelanes_valid_3a792201d461599498d26fe5d920c6d5.jpg,0.367,1,0.654,0.594,0.013,5
curvelanes,curvelanes_valid_3a7dcd7ffe5824110a99778278731dd6.jpg,0.519,0.436,0.716,0.617,0.044,4
curvelanes,curvelanes_valid_3aa0529e913bf02d5f01e230ca1d7581.jpg,0.776,0.238,0.745,0.672,0.018,5
curvelanes,curvelanes_valid_3aa4988697eb6b96c824c1e75df6760b.jpg,0.647,0.422,0.736,0.631,0.038,5
curvelanes,curvelanes_valid_3ad0596084bf247061a8a6b2acdee0e0.jpg,0.187,0.879,0.536,0.704,0.013,3
curvelanes,curvelanes_valid_3ada7e026778068c4f5c0d50e10f6420.jpg,0.901,0.488,0.758,0.526,0.035,4
curvelanes,curvelanes_valid_3b21e4a52767f2b43660483a7dd66888.jpg,0.235,0.791,0.557,0.653,0.055,4
curvelanes,curvelanes_valid_3b2c2545d278f64da8633241db20c0b9.jpg,0.709,1,0.613,0.519,0.024,5
curvelanes,curvelanes_valid_3b3a406a716cbd55c6f5a7230c65dbbb.jpg,0.709,0.616,0.746,0.627,0.018,5
curvelanes,curvelanes_valid_3b3afed0eedfc4d3916ace985c438bbd.jpg,0.845,0.404,0.818,0.633,0.037,5
curvelanes,curvelanes_valid_3b778e228c572a3dd61d8685e1d4a8e7.jpg,0.554,0.792,0.669,0.596,0.026,6
curvelanes,curvelanes_valid_3b9e0cce684fae84742516285390d2e1.jpg,0.425,0.549,0.666,0.763,0.02,4
curvelanes,curvelanes_valid_3ba11ae74df04a29dd08c7c6d0b03771.jpg,0.958,0.381,0.74,0.598,0.066,6
curvelanes,curvelanes_valid_3bb2e31c28fd4c46d2285957ec6b9a6d.jpg,0.585,0.913,0.624,0.677,0.084,2
curvelanes,curvelanes_valid_3bbebae14a623e78fb560fe59bcab412.jpg,0.67,0.259,0.79,0.66,0.082,7
curvelanes,curvelanes_valid_3bcdbc10ef49595282a534d186718e1e.jpg,0.477,0.84,0.662,0.585,0.015,5
curvelanes,curvelanes_valid_3bf33ea7aa16665bc89e8110d7a0cc03.jpg,0.809,0.552,0.598,0.528,0.032,5
curvelanes,curvelanes_valid_3c3b088166585ce3611d216d2f8529ed.jpg,0.389,1,0.601,0.65,0.075,5
curvelanes,curvelanes_valid_3c5c760270aafe5bd1232ba201ef914b.jpg,0.418,0.469,0.63,0.645,0.025,3
curvelanes,curvelanes_valid_3c793ad326d984628efb3d9547b0098d.jpg,0.456,0.524,0.493,0.707,0.052,3
curvelanes,curvelanes_valid_3c866389f3a0283aee1bcee286627fad.jpg,0.459,1,0.537,0.544,0.03,8
curvelanes,curvelanes_valid_3c8fcd8d12515a7153779b6e82cb8d4e.jpg,0.328,1,0.727,0.564,0.025,5
curvelanes,curvelanes_valid_3c92dbe536529ca2d4fb5900fa8c9134.jpg,0.944,0.492,0.609,0.625,0.015,3
curvelanes,curvelanes_valid_3cc802773228f2e2c0fcb35a872ef3e3.jpg,0.735,0.433,0.745,0.629,0.031,6
curvelanes,curvelanes_valid_3cda64f81308721417886770ba25e09b.jpg,0.537,0.83,0.668,0.598,0.023,7
curvelanes,curvelanes_valid_3cf0eb6cbc50baf27d460f50eaaecc8e.jpg,0.611,1,0.657,0.521,0.033,5
curvelanes,curvelanes_valid_3cf5b0aeebbe48c179b3be9e99b6dd0b.jpg,0.794,0.473,0.676,0.481,0.029,3
curvelanes,curvelanes_valid_3d14bee08a25c544316d491cf8893a96.jpg,0.29,0.638,0.632,0.463,0.029,3
curvelanes,curvelanes_valid_3d30a8103cdf9edb0de5dd81169b791c.jpg,0.34,0.906,0.795,0.528,0.02,6
curvelanes,curvelanes_valid_3d7fe40de83fc30351e3add8688fee83.jpg,0.507,0.361,0.648,0.7,0.034,6
curvelanes,curvelanes_valid_3d8e4cd32d4cda5110b187935aeebea0.jpg,0.408,0.623,0.75,0.531,0.007,5
curvelanes,curvelanes_valid_3dabd6da18368dabd54157dcf431079d.jpg,0.655,0.874,0.734,0.58,0.1,8
curvelanes,curvelanes_valid_3dad692a6820a6a5e4f87000685cacba.jpg,0.831,0.425,0.7,0.529,0.076,5
curvelanes,curvelanes_valid_3dbf711834b880b729231acf85510cae.jpg,0.28,0.9,0.688,0.611,0.015,4
curvelanes,curvelanes_valid_3dcc20b4c3d1e5903acb1da589409d21.jpg,0.591,0.929,0.615,0.609,0.014,6
curvelanes,curvelanes_valid_3dce53b9eecc017bce304826f8a25bc8.jpg,0.481,1,0.662,0.512,0.009,3
curvelanes,curvelanes_valid_3de046676f4ffdfe36e3840070b0ec69.jpg,0.496,0.344,0.724,0.726,0.027,6
curvelanes,curvelanes_valid_3e00a42a46ce34789d85969dd3753a6c.jpg,0.338,1,0.737,0.585,0.011,7
curvelanes,curvelanes_valid_3e15bd097062ec23a6a54b80fe6e71e4.jpg,0.205,1,0.693,0.597,0.035,4
curvelanes,curvelanes_valid_3e1f26bd5f1251c30a7d581e5a5ce9ba.jpg,0.129,1,0.876,0.682,0.05,2
curvelanes,curvelanes_valid_3e4b107baa0011b48dc36605df733596.jpg,0.638,0.966,0.668,0.594,0.042,4
curvelanes,curvelanes_valid_3e5b1e5df9406708fcfd7445b95390cb.jpg,0.87,0.577,0.695,0.612,0.022,5
curvelanes,curvelanes_valid_3e6f5e6f10f2f302043b8a3e3b82e6e8.jpg,0.314,0.948,0.616,0.606,0.057,5
curvelanes,curvelanes_valid_3e88fb82fcc797ebebc3700340504df9.jpg,0.475,0.39,0.699,0.639,0.011,5
curvelanes,curvelanes_valid_3ecd73709fa4fa7f4c7991436aed12c7.jpg,0.362,0.783,0.848,0.538,0.025,4
curvelanes,curvelanes_valid_3ed69ac946e7f562f878512feab5e79c.jpg,0.722,0.722,0.608,0.579,0.017,5
curvelanes,curvelanes_valid_3ed944823691ed479e6216062b59c57b.jpg,0.473,0.645,0.781,0.572,0.022,5
curvelanes,curvelanes_valid_3f01acb3935e2e81ffdae13f9685bb2b.jpg,0.585,0.493,0.714,0.6,0.038,7
curvelanes,curvelanes_valid_3f11d7be559130d444a01a686fcf74ee.jpg,0.209,1,0.58,0.55,0.067,4
curvelanes,curvelanes_valid_3f35e5c1d79359d03b0bcdb7ed143373.jpg,0.495,0.499,0.598,0.615,0.012,6
curvelanes,curvelanes_valid_3f5724fbb37d2a98b5b57697509095cf.jpg,0.651,0.434,0.633,0.585,0.02,3
curvelanes,curvelanes_valid_3f6af5bd3a46d8bd3b89e9b8615ff737.jpg,0.342,1,0.599,0.569,0.052,8
curvelanes,curvelanes_valid_3f7f14918d3708a495cf505d520c42e5.jpg,0.107,1,0.727,0.529,0.031,4
curvelanes,curvelanes_valid_3f8d0137591bf85ac1f144a1e8e2dd71.jpg,0.614,0.683,0.665,0.558,0.043,5
curvelanes,curvelanes_valid_3fce0fd2fb7bc857ace18ea2d46f20aa.jpg,0.295,1,0.693,0.6,0.024,4
curvelanes,curvelanes_valid_40215d444cbd4a46dd8e366dd7f8af82.jpg,0.743,0.609,0.63,0.53,0.012,6
curvelanes,curvelanes_valid_40455baa0acc331d4854b9e682a56c8c.jpg,0.918,0.551,0.797,0.464,0.037,6
curvelanes,curvelanes_valid_404eedf608784cd4ef10dcb212731cad.jpg,0.944,0.46,0.623,0.451,0.052,5
curvelanes,curvelanes_valid_40c167e1771d5b771c451e0fae0b21ee.jpg,0.243,1,0.758,0.555,0.02,4
curvelanes,curvelanes_valid_410cb6d82c5e24fe2934d473475408fa.jpg,0.321,0.959,0.696,0.493,0.036,4
curvelanes,curvelanes_valid_411320bf9f8f6b778e2c16644969ddbe.jpg,0.789,0.518,0.853,0.56,0.014,6
curvelanes,curvelanes_valid_419841022d099a1103655d9a5615b193.jpg,0.517,0.577,0.695,0.655,0.018,5
curvelanes,curvelanes_valid_419d69e0f446d1ce54b61321381a3ba2.jpg,0.867,0.26,0.592,0.624,0.022,4
curvelanes,curvelanes_valid_41b74d5f4a3fec1a050a82848dfa9f94.jpg,0.6,0.428,0.731,0.583,0.031,5
curvelanes,curvelanes_valid_41c8cb8aae4c1a5ab3706b4bdbe82e23.jpg,0.612,0.432,0.801,0.636,0.014,4
curvelanes,curvelanes_valid_41f980cf75240acebd0da20362ba898a.jpg,0.427,0.411,0.54,0.634,0.021,5
curvelanes,curvelanes_valid_4240ebed8a96ca1e90ff41a49d1dcccc.jpg,0.59,0.598,0.823,0.578,0.029,7
curvelanes,curvelanes_valid_42551537326296b29fdbb79406bb14cd.jpg,0.156,0.623,0.714,0.644,0.023,3
curvelanes,curvelanes_valid_42841307b34b62920545358e9b3c93e5.jpg,0.577,0.372,0.781,0.663,0.018,7
curvelanes,curvelanes_valid_4287de94c406b8eb0db5dc030e8d8e09.jpg,0.595,0.331,0.787,0.662,0.037,6
curvelanes,curvelanes_valid_429531d3689c15dc2ed5fb94a1779a1e.jpg,0.185,0.685,0.756,0.615,0.016,5
curvelanes,curvelanes_valid_429e674e855a1acf3b9a41fee0421f31.jpg,0.727,0.284,0.618,0.662,0.034,8
curvelanes,curvelanes_valid_42b1a67a19ba7a897e7948dee7717d88.jpg,0.253,1,0.712,0.554,0.026,7
curvelanes,curvelanes_valid_42bc1203e57cc02220eb62a90f115a4e.jpg,0.039,0.625,0.678,0.784,0.029,3
curvelanes,curvelanes_valid_4310a31fbb7705107f79ccd8a5b6106b.jpg,0.947,0.428,0.65,0.543,0.022,8
curvelanes,curvelanes_valid_433187780dd7653c440f221a638bf470.jpg,0.541,0.382,0.831,0.6,0.026,6
curvelanes,curvelanes_valid_4340537c627f88092b70918b3e395555.jpg,0.234,0.542,0.584,0.618,0.025,4
curvelanes,curvelanes_valid_43534f4c289b5a58feb54c12b6e7eb1f.jpg,0.926,0.367,0.484,0.589,0.033,3
curvelanes,curvelanes_valid_4358e68c7596dd2190d29238cae99621.jpg,0.653,0.357,0.69,0.68,0.011,4
curvelanes,curvelanes_valid_4391f5d64f7c5cffb331975900a3729b.jpg,0.056,1,0.806,0.46,0.033,4
curvelanes,curvelanes_valid_43c23e5c46f960979c37aa072145c4e6.jpg,0.197,0.634,0.679,0.506,0.113,5
curvelanes,curvelanes_valid_43e06399b3ae7e13c4b699c9594599aa.jpg,0.326,1,0.681,0.51,0.034,5
curvelanes,curvelanes_valid_43f27268a667154ca0fb3a21a5156a9f.jpg,0.271,0.229,0.722,0.564,0.049,2
curvelanes,curvelanes_valid_44240f366f1896e8b5b593cb5e1bdba8.jpg,0.302,0.831,0.656,0.593,0.028,5
curvelanes,curvelanes_valid_446de04f545ee5626120c4084ba8bb32.jpg,0.861,0.588,0.472,0.517,0.048,7
curvelanes,curvelanes_valid_4473aa7ae8cd416c3d754c030659e1b4.jpg,0.644,0.508,0.651,0.575,0.024,5
curvelanes,curvelanes_valid_449b9b09bd2752e73803370d7a1ad65c.jpg,0.287,0.671,0.64,0.653,0.028,6
curvelanes,curvelanes_valid_44bebbe52049f3dcc2acf418bcde37a9.jpg,0.748,0.78,0.783,0.355,0.011,6
curvelanes,curvelanes_valid_44c0dc6ad03d5c24f52a9d401ab30af5.jpg,0.44,0.456,0.714,0.658,0.028,7
curvelanes,curvelanes_valid_44f158efe903d807a30eaed1b0f3ed19.jpg,0.587,0.366,0.638,0.589,0.007,7
curvelanes,curvelanes_valid_453653828160c0fba6982cca5ef18a38.jpg,0.798,0.501,0.795,0.618,0.017,5
curvelanes,curvelanes_valid_455b9e0f8e8832f554bf2eab827b946d.jpg,0.701,0.543,0.733,0.636,0.01,5
curvelanes,curvelanes_valid_458aa68d890b8a3e9aeed48860aef0b7.jpg,0.665,0.625,0.608,0.565,0.023,5
curvelanes,curvelanes_valid_459291febacc91fb7d8f344c14a49154.jpg,0.995,0.416,0.832,0.532,0.019,5
curvelanes,curvelanes_valid_459ba645e23078f7cbb26b663829c32f.jpg,0.763,0.797,0.778,0.482,0.028,4
curvelanes,curvelanes_valid_460fcd092b3482f472fba592d66a9fc2.jpg,0.728,0.606,0.665,0.652,0.032,6
curvelanes,curvelanes_valid_461a3a9f9f1fc107877e57f529a59d00.jpg,0.52,0.592,0.648,0.645,0.01,5
curvelanes,curvelanes_valid_463575675f48aad6614e6a08adc78813.jpg,0.713,0.431,0.668,0.635,0.029,4
curvelanes,curvelanes_valid_464927fa49a3a1f5e7311498cb28fcef.jpg,0.147,0.414,0.702,0.75,0.045,5
curvelanes,curvelanes_valid_465070ced764fc784b153dfca78e4837.jpg,0.646,0.553,0.675,0.494,0.006,4
curvelanes,curvelanes_valid_46546dbaa77b550be57ab90c7a4357aa.jpg,0.367,1,0.679,0.557,0.015,4
curvelanes,curvelanes_valid_465d4ab74d05c7b12cabb788570512db.jpg,0.654,0.638,0.784,0.555,0.023,4
curvelanes,curvelanes_valid_46769c06d6de71bcfbcb9641d9641687.jpg,0.368,1,0.693,0.58,0.041,6
curvelanes,curvelanes_valid_46792e48c64d89a3f4a94199392077cb.jpg,0.373,1,0.574,0.671,0.06,3
curvelanes,curvelanes_valid_4696097b80bdb349855ba3da3a55d24c.jpg,0.955,0.568,0.677,0.62,0.018,3
curvelanes,curvelanes_valid_4698e6c73e500bae9ada2291859e43c6.jpg,0.583,0.545,0.679,0.618,0.046,7
curvelanes,curvelanes_valid_472194f4ad7d1ad50a84cb9b49e387b7.jpg,0.483,0.839,0.761,0.577,0.031,6
curvelanes,curvelanes_valid_472dc1438c2242e1bdd200f70b6a7dde.jpg,0.35,1,0.827,0.503,0.025,6
curvelanes,curvelanes_valid_4748cede66c1e23b471269558544072b.jpg,0.823,0.549,0.717,0.576,0.033,4
curvelanes,curvelanes_valid_475706cd3f11d3533d72189902024451.jpg,0.462,0.633,0.746,0.667,0.021,5
curvelanes,curvelanes_valid_477dc6d3261dfb43be18acf0ffa15e80.jpg,0.549,0.476,0.599,0.626,0.033,4
curvelanes,curvelanes_valid_479d2753b6f8caba2506476f52e7d888.jpg,0.349,0.998,0.706,0.581,0.022,5
curvelanes,curvelanes_valid_47d51f14a99bfa81559291b14b6c3bd5.jpg,0.713,0.457,0.704,0.52,0.023,4
curvelanes,curvelanes_valid_4810210c98d6ff84f0ca1a3a37835472.jpg,0.538,0.511,0.633,0.646,0.052,3
curvelanes,curvelanes_valid_4815393a6cd3b19d9e0931db88a50d00.jpg,0.412,0.9,0.678,0.57,0.04,3
curvelanes,curvelanes_valid_481f7ddf1d0b69a569955f8d282ed1dd.jpg,0.888,0.331,0.744,0.619,0.054,5
curvelanes,curvelanes_valid_482d4b47aa066fb8908035dc8df00185.jpg,0.872,0.676,0.8,0.529,0.03,3
curvelanes,curvelanes_valid_484bef497d5c4970d5563e460cbb966e.jpg,0.203,1,0.779,0.583,0.03,2
curvelanes,curvelanes_valid_48512623d4937d8d18e3528dfae5aacb.jpg,0.862,0.314,0.668,0.672,0.016,6
curvelanes,curvelanes_valid_4851582ce34eeedd26a59977b028ae19.jpg,0.6,0.684,0.546,0.56,0.022,5
curvelanes,curvelanes_valid_485f7dcb24e718cc7882ab2b923a1bc4.jpg,0.162,0.705,0.785,0.624,0.018,6
curvelanes,curvelanes_valid_48c209a5d98be82cde66f146afdaec3a.jpg,0.794,0.57,0.685,0.576,0.021,4
curvelanes,curvelanes_valid_48dfb838d53d6998c3613614fb1eb72a.jpg,0.512,0.551,0.869,0.527,0.028,7
curvelanes,curvelanes_valid_48f68513d5cc1a0671ae6d5ffc0f0f53.jpg,0.418,0.93,0.748,0.587,0.03,5
curvelanes,curvelanes_valid_49013514b2e66ee87c48f0c1f3bc547f.jpg,0.556,0.717,0.811,0.586,0.02,5
curvelanes,curvelanes_valid_4933806c2d30aea5ec1832c04b75b8e5.jpg,0.294,1,0.708,0.489,0.025,6
curvelanes,curvelanes_valid_493838cce81cb360cb890ee36032eb01.jpg,0.433,0.364,0.696,0.698,0.033,5
curvelanes,curvelanes_valid_4951c96781ad769ba5ac1854cd4f4c73.jpg,0.232,1,0.741,0.532,0.018,5
curvelanes,curvelanes_valid_498d1c836a699ba57352dcee662ee5c0.jpg,0.605,0.284,0.643,0.528,0.019,5
curvelanes,curvelanes_valid_49b1aac440aa66e0ceaf2b5e114bd420.jpg,0.789,0.797,0.678,0.629,0.038,6
curvelanes,curvelanes_valid_49ceeaffce7917e94a1c7946899c670e.jpg,0.661,0.56,0.62,0.612,0.004,3
curvelanes,curvelanes_valid_4a16fbc7dae3bedf8301397627f83d72.jpg,0.589,0.512,0.658,0.622,0.019,5
curvelanes,curvelanes_valid_4ab1959bb9249e4393cec1ea29648d82.jpg,0.718,0.362,0.617,0.619,0.012,3
curvelanes,curvelanes_valid_4ab6b201a959d00135cdbb1ff429c565.jpg,0.568,0.621,0.487,0.615,0.027,3
curvelanes,curvelanes_valid_4ad9aa318d55a489b6a3e10e64e14631.jpg,0.453,0.929,0.56,0.61,0.028,2
curvelanes,curvelanes_valid_4ae9d889b6648e29d82c8d4f18dad6fa.jpg,0.637,1,0.506,0.626,0.017,6
curvelanes,curvelanes_valid_4af6a4f3aadf1d605b2dfe264995d585.jpg,0.755,0.436,0.596,0.612,0.037,6
curvelanes,curvelanes_valid_4b007605745a5aa5d872a53a9f9b68f1.jpg,0.607,0.541,0.671,0.459,0.048,7
curvelanes,curvelanes_valid_4b0bea8fd8c402aae8929fa157db8c13.jpg,0.617,0.797,0.688,0.628,0.045,5
curvelanes,curvelanes_valid_4b2ad29f599b25bb7a1c62e3d5f49223.jpg,0.072,1,0.728,0.654,0.036,5
curvelanes,curvelanes_valid_4b4090e1a3f8f4177373112a2251306e.jpg,0.392,0.416,0.389,0.643,0.008,3
curvelanes,curvelanes_valid_4b40cec05fdc9816368ac0734c9cc98c.jpg,0.544,0.653,0.725,0.639,0.036,5
curvelanes,curvelanes_valid_4b51a8d875090bf54859e5016f88e267.jpg,0.445,1,0.71,0.492,0.023,5
curvelanes,curvelanes_valid_4b6ca9c50bd18bdf4d38c3a8fabd2fa3.jpg,0.314,0.876,0.724,0.62,0.064,4
curvelanes,curvelanes_valid_4b76e40d32a7fe48ebbd56d7cac44be0.jpg,0.218,1,0.653,0.667,0.01,3
curvelanes,curvelanes_valid_4b9c31e86a1b954e2c282dfff3fa9b1d.jpg,0.648,0.696,0.72,0.497,0.06,7
curvelanes,curvelanes_valid_4c0e86211ca8cd2ebd6cc5b67b1b3747.jpg,0.422,0.526,0.628,0.706,0.021,4
curvelanes,curvelanes_valid_4c212f41b73d961a38f4c326f0a691a9.jpg,0.609,0.886,0.717,0.59,0.024,6
curvelanes,curvelanes_valid_4c258f0dcb05bc0eab1802d829c83819.jpg,0.458,0.577,0.667,0.545,0.017,4
curvelanes,curvelanes_valid_4c41144e9e340091dbbeed87d8b9d5f7.jpg,0.506,1,0.586,0.528,0.063,3
curvelanes,curvelanes_valid_4c8a5206d3106781aac41d8f0b99af73.jpg,0.41,0.289,0.642,0.71,0.019,3
curvelanes,curvelanes_valid_4ca717cdeb046c9a440ecb9cc0b1af4d.jpg,0.724,0.562,0.752,0.601,0.024,6
curvelanes,curvelanes_valid_4cb4d3cf7f9ca50fea11d2fcb2617b79.jpg,0.506,0.53,0.688,0.625,0.023,5
curvelanes,curvelanes_valid_4cc153f6a8a8795c3acceed56fd84be2.jpg,0.398,0.447,0.764,0.675,0.022,6
curvelanes,curvelanes_valid_4cc6f312b0e57172864500c00b4db57d.jpg,0.671,0.662,0.501,0.651,0.031,5
curvelanes,curvelanes_valid_4cd106b43cd5b93ab4922438dcb2c78f.jpg,0.423,1,0.668,0.69,0.016,7
curvelanes,curvelanes_valid_4cd8011f7b54a4a4b3df797a2742bd7e.jpg,0.541,0.413,0.646,0.595,0.021,6
curvelanes,curvelanes_valid_4cdf903ae7cb9c05d931deb9613f651e.jpg,0.573,0.474,0.744,0.693,0.032,4
curvelanes,curvelanes_valid_4d0143753e8a245dada9d9043eb0b2b4.jpg,0.18,1,0.567,0.588,0.036,4
curvelanes,curvelanes_valid_4d3163e52c6409c4e410e43bdd134330.jpg,0.831,0.457,0.788,0.442,0.058,4
curvelanes,curvelanes_valid_4d4609b027a05388a64344c64a7ec666.jpg,0.51,0.357,0.835,0.499,0.027,5
curvelanes,curvelanes_valid_4d4c5334362407fc73a60454b5c9a1e2.jpg,0.87,0.32,0.469,0.643,0.024,3
curvelanes,curvelanes_valid_4d53ef70d00adf010a090e51f5be7729.jpg,0.539,1,0.72,0.553,0.048,4
curvelanes,curvelanes_valid_4d916323c45f469fe207c10b452643ee.jpg,0.622,1,0.679,0.544,0.029,5
curvelanes,curvelanes_valid_4d9bf54a22ee0b92367eda5fd5901d99.jpg,0.941,0.41,0.789,0.579,0.019,5
curvelanes,curvelanes_valid_4dab2f6b3c3b56b3af3df4eb2e77b397.jpg,0.825,0.619,0.709,0.523,0.027,3
curvelanes,curvelanes_valid_4dc2e7ee4e9aba91592c243d4f8b95ca.jpg,0.4,1,0.715,0.71,0.012,4
curvelanes,curvelanes_valid_4dc8754e6f8bf9c1692cb7e6f88e1636.jpg,0.828,0.379,0.76,0.568,0.025,6
curvelanes,curvelanes_valid_4dfa420e58ae9a767947d44ab030564e.jpg,0.633,0.718,0.696,0.498,0.037,5
curvelanes,curvelanes_valid_4e0722c0434a1ec29bb78053f10bf1b9.jpg,0.492,0.58,0.726,0.619,0.044,4
curvelanes,curvelanes_valid_4e0f518764282cfd1641877f59121187.jpg,0.961,0.614,0.734,0.644,0.043,4
curvelanes,curvelanes_valid_4e38283ebd11f20f8aa7f2af13cdbfc8.jpg,0.305,1,0.73,0.531,0.031,7
curvelanes,curvelanes_valid_4e4e72c24a07c07aa2e4f1c2edb20c25.jpg,0.309,1,0.618,0.67,0.051,4
curvelanes,curvelanes_valid_4e54e52e886087748143f2a7d987fd24.jpg,0.768,0.381,0.538,0.637,0.024,6
curvelanes,curvelanes_valid_4e723931f8d473922b9a955e8f864123.jpg,0.559,0.303,0.702,0.689,0.026,7
curvelanes,curvelanes_valid_4e72f11286c536cebb5bbc8b00e3dca1.jpg,0.337,1,0.681,0.592,0.062,7
curvelanes,curvelanes_valid_4e9366c91d32bf417892471152bc398c.jpg,0.468,0.564,0.72,0.6,0.03,3
curvelanes,curvelanes_valid_4e9612e5544d047bb6a2083ac44d8d9c.jpg,0.275,1,0.644,0.61,0.022,5
curvelanes,curvelanes_valid_4e976c5897460d0eddeb9bc451d75fe2.jpg,0.649,0.821,0.734,0.519,0.007,6
curvelanes,curvelanes_valid_4ec5d9a06f9ec1799d3889dc02d84d86.jpg,0.533,0.483,0.808,0.585,0.023,4
curvelanes,curvelanes_valid_4eed543a17b06a90b5305265ff58547d.jpg,0.682,0.533,0.589,0.594,0.04,4
curvelanes,curvelanes_valid_4f04672c99c070231d6e29171996ce04.jpg,0.794,0.342,0.605,0.667,0.021,6
curvelanes,curvelanes_valid_4f0ae66343b3733ce771daad6d0fa303.jpg,0.419,0.679,0.552,0.627,0.036,5
curvelanes,curvelanes_valid_4f25a24535528b03bdfb28498fe64b62.jpg,0.701,0.595,0.69,0.59,0.018,3
curvelanes,curvelanes_valid_4f26cac9fb1ac179b1eb6fcd46255c93.jpg,0.408,0.409,0.734,0.655,0.028,6
curvelanes,curvelanes_valid_4f27295f82935c343bbd19df7803eb99.jpg,0.752,0.494,0.708,0.624,0.022,6
curvelanes,curvelanes_valid_4f320cbf9c8705a3dce11cf2db312be4.jpg,0.297,1,0.768,0.55,0.02,5
curvelanes,curvelanes_valid_4f53b07086254ac7604903ee11cce174.jpg,0.423,0.439,0.525,0.71,0.026,5
curvelanes,curvelanes_valid_4f63f5c7718505d12132090af469114e.jpg,0.66,0.834,0.388,0.546,0.029,5
curvelanes,curvelanes_valid_4fa4bf6f46887f121eef168fe3849f77.jpg,0.901,0.488,0.887,0.454,0.018,8
curvelanes,curvelanes_valid_4fb759dd4c058f175f6f43dcee797003.jpg,0.498,0.478,0.622,0.621,0.027,5
curvelanes,curvelanes_valid_4fd5a947aee3ed47f945e16f7e44f459.jpg,0.247,0.286,0.725,0.521,0.028,3
curvelanes,curvelanes_valid_4fec4637642cdd1511997d4c18e95283.jpg,0.712,0.544,0.746,0.538,0.027,5
curvelanes,curvelanes_valid_5003100d4f2e9714cc31e164c89abdfb.jpg,0.203,1,0.862,0.52,0.052,6
curvelanes,curvelanes_valid_502be8607a28624f2beaa438aca9de08.jpg,0.83,0.604,0.567,0.577,0.153,4
curvelanes,curvelanes_valid_50342aad2bff39158d6fdf19f6b8338d.jpg,0.638,0.297,0.675,0.615,0.029,6
curvelanes,curvelanes_valid_5069ce761844375639c004aa95e726d0.jpg,0.304,1,0.689,0.575,0.015,4
curvelanes,curvelanes_valid_508e916f296233450e0978c466b8a45b.jpg,0.551,0.46,0.575,0.635,0.028,4
curvelanes,curvelanes_valid_50b2cfebbb273c710fd7a175fe83f377.jpg,0.438,1,0.646,0.537,0.027,6
curvelanes,curvelanes_valid_50e5762148127f0f582895a20a16497c.jpg,0.644,0.892,0.758,0.557,0.045,5
curvelanes,curvelanes_valid_5112611fb28a74542b8ce2ee878c6638.jpg,0.271,0.9,0.774,0.542,0.02,4
curvelanes,curvelanes_valid_511a1e62068a6fddeebeebcd1a193020.jpg,0.126,1,0.835,0.727,0.022,2
curvelanes,curvelanes_valid_513967d9e31ffe8fc971b5ac8aabe7d7.jpg,0.646,0.631,0.842,0.517,0.022,5
curvelanes,curvelanes_valid_515719002aff54ae94b7ff7414c35687.jpg,0.647,1,0.695,0.526,0.05,6
curvelanes,curvelanes_valid_515b8b8c251615c9118236524a35d2cb.jpg,0.713,0.33,0.673,0.569,0.102,6
curvelanes,curvelanes_valid_51a3cd9299669ebd290c7f39c719b24d.jpg,0.435,0.791,0.765,0.571,0.022,3
curvelanes,curvelanes_valid_51ae9f2fcbf931d63afc9890a77dbb0f.jpg,0.982,0.679,0.778,0.406,0.012,5
curvelanes,curvelanes_valid_51c02addd515b8a4e769cb46bdad958c.jpg,0.583,0.712,0.623,0.681,0.041,4
curvelanes,curvelanes_valid_51c681ddadc35451e3818908f9ad55ad.jpg,0.692,0.464,0.583,0.652,0.009,5
curvelanes,curvelanes_valid_51fa90b51447a08700c6395b1bbd6f93.jpg,0.551,0.755,0.692,0.587,0.027,5
curvelanes,curvelanes_valid_5215b30f52f3c3465d3737cb770e6a1b.jpg,0.508,0.409,0.614,0.607,0.024,3
curvelanes,curvelanes_valid_52285fdb100b730b0710ec330782c374.jpg,0.955,0.442,0.705,0.605,0.024,7
curvelanes,curvelanes_valid_52288200df0a39bd5d75e76711edb2ac.jpg,0.243,1,0.814,0.576,0.064,6
curvelanes,curvelanes_valid_5241ab0e6e5bd72f5d743a52681eaa61.jpg,0.571,0.87,0.678,0.588,0.022,6
curvelanes,curvelanes_valid_526a77a3047ca7f140a9d7c9aa16c0e2.jpg,0.583,1,0.721,0.492,0.061,4
curvelanes,curvelanes_valid_5283cdf021e0255df7b594ab1eaea592.jpg,0.65,0.28,0.762,0.674,0.038,6
curvelanes,curvelanes_valid_52ba37484b96224ac4816205a1b17872.jpg,0.76,0.525,0.724,0.477,0.016,6
curvelanes,curvelanes_valid_52c4fcdbeb80bb9d66a0ba2b78243632.jpg,0.415,0.598,0.627,0.631,0.019,3
curvelanes,curvelanes_valid_52c755eb51ae63c13900c06faaee0da9.jpg,0.549,0.34,0.325,0.671,0.124,3
curvelanes,curvelanes_valid_52ce3e0c36a8dd56ae65dde66c147281.jpg,0.851,0.749,0.525,0.518,0.027,6
curvelanes,curvelanes_valid_52d660a7c18b858f9e9b1fc3df74862e.jpg,0.359,0.573,0.693,0.564,0.033,5
curvelanes,curvelanes_valid_52e5d432f256c93ee709a27399602ced.jpg,0.821,0.607,0.646,0.609,0.025,6
curvelanes,curvelanes_valid_52edfefbf573f06f65946e71e1680caa.jpg,0.729,0.503,0.701,0.601,0.019,5
curvelanes,curvelanes_valid_530337a7c57d8feeddd577beb879ae59.jpg,0.587,0.462,0.728,0.616,0.022,5
curvelanes,curvelanes_valid_53358ffb7764e8969144c0993781f8da.jpg,0.748,0.53,0.82,0.638,0.041,6
curvelanes,curvelanes_valid_5336e2ef44ddb3804625401131d5181f.jpg,0.995,0.45,0.75,0.372,0.019,3
curvelanes,curvelanes_valid_533b0ed4ca4ba35a1f2c5513ea2ba2ec.jpg,0.452,0.941,0.757,0.528,0.025,4
curvelanes,curvelanes_valid_536bc3af5f25ab467df1c973fa4b66e3.jpg,0.573,0.415,0.546,0.636,0.026,4
curvelanes,curvelanes_valid_5372818fa3908b7795f3d151955ca23f.jpg,0.684,0.78,0.812,0.485,0.011,6
curvelanes,curvelanes_valid_53a8053e9e0be34e71bf2c40b81a8621.jpg,0.517,0.607,0.699,0.544,0.011,4
curvelanes,curvelanes_valid_53ab39cd8535c5860a186fc5bb7e02ff.jpg,0.24,0.2,0.708,0.738,0.034,3
curvelanes,curvelanes_valid_53b6bd3b962c0443777318fd4223b4a5.jpg,0.465,0.258,0.715,0.663,0.042,5
curvelanes,curvelanes_valid_53da16a559dc26dd5a899178a369f193.jpg,0.723,1,0.521,0.563,0.058,4
curvelanes,curvelanes_valid_5400af7d8d7379dea476f974a334a260.jpg,0.431,1,0.735,0.631,0.007,4
curvelanes,curvelanes_valid_543b1354caa9306e58fa2e8a5c00da46.jpg,0.459,0.301,0.742,0.669,0.011,5
curvelanes,curvelanes_valid_5459929a5ac99b2175c096fd282c29e2.jpg,0.605,0.608,0.728,0.492,0.047,5
curvelanes,curvelanes_valid_54aa60276a43f1f12333defcdfeace8d.jpg,0.192,0.419,0.736,0.684,0.018,4
curvelanes,curvelanes_valid_54aef5535b870d8fb5d6e4794fa7981e.jpg,0.69,0.556,0.826,0.491,0.011,5
curvelanes,curvelanes_valid_55238dc7f651cc6687bf5faddc5fa11b.jpg,0.759,0.429,0.755,0.561,0.022,4
curvelanes,curvelanes_valid_5525bc85dc976268e389b62bdf068f95.jpg,0.558,0.697,0.672,0.658,0.042,4
curvelanes,curvelanes_valid_5532a6e061804e059bd4ea588526603d.jpg,0.692,0.694,0.818,0.541,0.027,9
curvelanes,curvelanes_valid_556b6bb089d98fd9a821f9ff5f9502c4.jpg,0.279,1,0.795,0.534,0.026,4
curvelanes,curvelanes_valid_5577608cdd8668c1a8939c1a818247c3.jpg,0.713,0.651,0.781,0.556,0.032,4
curvelanes,curvelanes_valid_557ade99eac563296499b0fe5e10c6d2.jpg,0.459,0.515,0.564,0.766,0.061,5
curvelanes,curvelanes_valid_55812db8c6e6bf1f9edcc7e412579a5e.jpg,0.985,0.775,0.807,0.444,0.024,6
curvelanes,curvelanes_valid_55d427db24115e647a60bae47c27f7b3.jpg,0.354,0.809,0.635,0.753,0.04,4
curvelanes,curvelanes_valid_55f8730f727a16fdd80a048b5a70db73.jpg,0.555,0.68,0.733,0.518,0.023,5
curvelanes,curvelanes_valid_5600c8d7cd12781454e1509da99f1a80.jpg,0.225,1,0.628,0.605,0.026,5
curvelanes,curvelanes_valid_562c0320f713098e3e6bc72feef8c76e.jpg,0.418,1,0.821,0.573,0.026,4
curvelanes,curvelanes_valid_5638af6dfc98587bcfacc0def29682a1.jpg,0.841,0.686,0.755,0.432,0.019,3
curvelanes,curvelanes_valid_563f7915662aa1b3adac53a3bba18b84.jpg,0.586,0.454,0.776,0.532,0.039,8
curvelanes,curvelanes_valid_566b4fad1c957a53bbd2e78a8fd01ec9.jpg,0.594,0.654,0.696,0.574,0.005,6
curvelanes,curvelanes_valid_5678dd2bc1fe849a89a0bd0acb71f382.jpg,0.601,0.364,0.813,0.643,0.015,6
curvelanes,curvelanes_valid_5681ed7b63322373998a2fcab3006c9f.jpg,0.638,0.44,0.781,0.654,0.024,5
curvelanes,curvelanes_valid_5684525faf6311eec3a9a80dc8009849.jpg,0.346,0.712,0.618,0.613,0.029,5
curvelanes,curvelanes_valid_5687fb806187c487d45a7fa7a51bd724.jpg,0.626,0.509,0.542,0.598,0.016,5
curvelanes,curvelanes_valid_56893a3252e2e4fa137ead9839ad9897.jpg,0.534,0.423,0.739,0.657,0.068,6
curvelanes,curvelanes_valid_568dc1227963aee23a03ebd0be66947e.jpg,0.573,0.492,0.731,0.682,0.035,4
curvelanes,curvelanes_valid_56d8f0c6a4d35351dafa45c731a47862.jpg,0.488,1,0.683,0.534,0.059,4
curvelanes,curvelanes_valid_5729ecba7dd78062b12b9d53f4d2ed92.jpg,0.197,1,0.593,0.67,0.013,4
curvelanes,curvelanes_valid_5767e2c400874039078ae39678c67ea0.jpg,0.685,0.301,0.586,0.564,0.011,4
curvelanes,curvelanes_valid_576d85604928c9aba10b8da36eac60f6.jpg,0.208,0.423,0.665,0.671,0.015,4
curvelanes,curvelanes_valid_57a4860dafb03fb5774efec2cd39e9c7.jpg,0.747,0.406,0.776,0.64,0.022,5
curvelanes,curvelanes_valid_57a70dfc7d82133e2c8e43a5ea827106.jpg,0.426,1,0.804,0.624,0.031,5
curvelanes,curvelanes_valid_57b4a2c185f7b850ab3824c37c82544b.jpg,0.525,0.388,0.855,0.515,0.029,4
curvelanes,curvelanes_valid_57d67aefbd6bf4b2977f1ecb0fd3e8e0.jpg,0.859,0.58,0.851,0.35,0.038,6
curvelanes,curvelanes_valid_5803538ce60981de84aacf9c48c359c5.jpg,0.617,0.544,0.582,0.592,0.029,4
curvelanes,curvelanes_valid_581febef2805019b0950d2408a9839e1.jpg,0.523,0.874,0.725,0.594,0.045,7
curvelanes,curvelanes_valid_58594a737f122f429b4d897d6a7ff0b1.jpg,0.329,0.408,0.695,0.585,0.017,5
curvelanes,curvelanes_valid_58694d8ec6891728384dd81cd62dfc2e.jpg,0.538,0.481,0.678,0.699,0.024,3
curvelanes,curvelanes_valid_5879b91a6080fdc66fe800e0de5cece6.jpg,0.399,0.9,0.604,0.551,0.032,4
curvelanes,curvelanes_valid_58cfda09390cf40fa3d64a9575bd1695.jpg,0.49,0.495,0.591,0.644,0.028,6
curvelanes,curvelanes_valid_58eafed54066752ce94fcfb08a178b4d.jpg,0.895,0.542,0.564,0.583,0.048,6
curvelanes,curvelanes_valid_5915d39b274efabcff8e4d9ffb4db608.jpg,0.412,0.569,0.648,0.613,0.014,4
curvelanes,curvelanes_valid_593e02f757893507958de1883a2e84ca.jpg,0.47,1,0.765,0.492,0.019,5
curvelanes,curvelanes_valid_5949348e91fd8d61a260cd1c9009779f.jpg,0.706,1,0.715,0.504,0.021,5
curvelanes,curvelanes_valid_595a2df80a276a5f0192411b35c165f9.jpg,0.615,0.281,0.787,0.582,0.031,5
curvelanes,curvelanes_valid_5968cc68f50909cdb287fc1886a74497.jpg,0.164,1,0.7,0.457,0.014,3
curvelanes,curvelanes_valid_5982d8871cff43e485af4c58d388e5d9.jpg,0.49,0.812,0.706,0.607,0.025,5
curvelanes,curvelanes_valid_59a87eaf844f61781d4e353c235ca338.jpg,0.136,0.768,0.626,0.757,0.024,4
curvelanes,curvelanes_valid_59da818a0b74a2cf5e8b389a0adae172.jpg,0.382,0.449,0.572,0.7,0.038,4
curvelanes,curvelanes_valid_5a2944c406b10e13656bdd1561f7c484.jpg,0.5,0.345,0.394,0.633,0.024,2
curvelanes,curvelanes_valid_5a4e00b99fab955f0242dad79790798e.jpg,0.816,0.557,0.74,0.525,0.026,5
curvelanes,curvelanes_valid_5a5ebe77513e84865c9a4bc334de026b.jpg,0.319,0.571,0.74,0.77,0.036,4
curvelanes,curvelanes_valid_5ad617aefe4ae940a71d17883d5421f1.jpg,0.692,0.362,0.758,0.679,0.038,5
curvelanes,curvelanes_valid_5ade939b5210249d224292092ebf71fb.jpg,0.628,0.27,0.723,0.669,0.052,5
curvelanes,curvelanes_valid_5aea0da93fa00f3925c13c38fc1e2ab6.jpg,0.759,0.693,0.583,0.54,0.035,7
curvelanes,curvelanes_valid_5afba498475810aded21082084a9abea.jpg,0.514,0.852,0.475,0.71,0.024,1
curvelanes,curvelanes_valid_5b508bbf9a51f86b9116898dca50c04c.jpg,0.219,0.233,0.675,0.717,0.037,8
curvelanes,curvelanes_valid_5b7aff351b6ab58d1b86d82fcd2abbfd.jpg,0.52,0.835,0.561,0.584,0.027,5
curvelanes,curvelanes_valid_5b9f0f257617937028d43cbef36fe995.jpg,0.622,0.528,0.696,0.508,0.029,3
curvelanes,curvelanes_valid_5bacbbf7c146bbeb1947988685354be2.jpg,0.778,0.439,0.505,0.588,0.016,5
curvelanes,curvelanes_valid_5bc97f4b3a25218bb060460550239d78.jpg,0.514,0.328,0.736,0.664,0.019,6
curvelanes,curvelanes_valid_5bf93bb17c6a3fc4377ea3e8036bc796.jpg,0.599,0.539,0.742,0.672,0.034,4
curvelanes,curvelanes_valid_5c2f0b424dbe1c6a6daedd39c0fe3462.jpg,0.606,0.451,0.741,0.495,0.027,4
curvelanes,curvelanes_valid_5c4f9fa8688e9f7841af480ff2707076.jpg,0.347,1,0.781,0.522,0.02,6
curvelanes,curvelanes_valid_5c4fe3beaef1426d5af8c152d9fbd85b.jpg,0.832,0.318,0.763,0.615,0.021,6
curvelanes,curvelanes_valid_5c6f64ba66993a2c76097cb652d69843.jpg,0.504,0.509,0.641,0.609,0.027,3
curvelanes,curvelanes_valid_5c74d563fcaa6498e88b7e227a1fee3c.jpg,1,0.674,0.814,0.544,0.024,5
curvelanes,curvelanes_valid_5c7b59e4b442d32e4a07cd78317b5efb.jpg,0.382,1,0.722,0.594,0.01,6
curvelanes,curvelanes_valid_5c91912f746534532fe8572c2f0e7db4.jpg,0.506,0.672,0.713,0.614,0.021,3
curvelanes,curvelanes_valid_5c95118d0a38f448990b98f863022be7.jpg,0.497,0.494,0.57,0.637,0.022,4
curvelanes,curvelanes_valid_5ca068d963b312387a3e4d85561f053a.jpg,0.471,0.284,0.665,0.594,0.04,7
curvelanes,curvelanes_valid_5cb14dc9cc6085cd11fe5c0f1ea8caed.jpg,0.342,0.999,0.824,0.554,0.031,6
curvelanes,curvelanes_valid_5cdc1cec71dee760ec73e0042d344e34.jpg,0.744,0.69,0.522,0.593,0.022,2
curvelanes,curvelanes_valid_5d023e6cbefebe8f1aa8405cbf2951d7.jpg,0.573,0.748,0.663,0.641,0.04,6
curvelanes,curvelanes_valid_5d3ce9b39bfd13a75b5340ff616342ad.jpg,0.248,1,0.758,0.566,0.036,5
curvelanes,curvelanes_valid_5d4400fe7099d3fb4311af929a586aa8.jpg,0.519,0.437,0.788,0.729,0.039,4
curvelanes,curvelanes_valid_5d445507cd0c67218590be19f24ebef4.jpg,0.416,1,0.675,0.58,0.054,5
curvelanes,curvelanes_valid_5d4932742ef27d5005b822f287519083.jpg,0.253,1,0.719,0.632,0.031,5
curvelanes,curvelanes_valid_5d73f6c831e80141ee692f2a9021ecb7.jpg,0.38,0.474,0.681,0.605,0.01,3
curvelanes,curvelanes_valid_5d784bc46c5313f984742b9092f17871.jpg,0.388,0.361,0.44,0.667,0.087,4
curvelanes,curvelanes_valid_5d788c0ea204680a475c2cb073238f3b.jpg,0.665,0.562,0.605,0.594,0.018,5
curvelanes,curvelanes_valid_5d7a068fff89a52e73802da44cfd2af7.jpg,0.497,0.535,0.608,0.664,0.025,5
curvelanes,curvelanes_valid_5dbfc3bd58dd1e3d4a571f5886d469b6.jpg,0.225,1,0.738,0.605,0.036,4
curvelanes,curvelanes_valid_5ddebe73e5b00c11dc7d431a822feb4c.jpg,0.853,0.533,0.758,0.67,0.019,5
curvelanes,curvelanes_valid_5de4d266721ed5c4db8421620e4d6bc6.jpg,0.526,1,0.702,0.526,0.049,5
curvelanes,curvelanes_valid_5ded924b3bd93e40ef038efd8653e937.jpg,0.881,0.689,0.747,0.538,0.029,8
curvelanes,curvelanes_valid_5e17ca646a68eab7f93d8045497b9dd4.jpg,0.879,1,0.675,0.438,0.051,5
curvelanes,curvelanes_valid_5e37c8b55ccf09f7a2588178e09f51db.jpg,0.813,0.378,0.728,0.62,0.039,6
curvelanes,curvelanes_valid_5e72c674743ff1094c988b4923fe20c3.jpg,0.279,0.966,0.591,0.718,0.029,6
curvelanes,curvelanes_valid_5e74ac641635ddc0930587c61b0debc3.jpg,0.489,0.538,0.765,0.58,0.013,5
curvelanes,curvelanes_valid_5ead232b07dedba2496f232d661c12bd.jpg,0.652,0.513,0.708,0.647,0.067,7
curvelanes,curvelanes_valid_5ef36e6d051360c034eeba047c9fe12a.jpg,0.146,1,0.77,0.579,0.028,4
curvelanes,curvelanes_valid_5ef8bca699605fb01ea23c32c04894b2.jpg,0.989,0.773,0.78,0.56,0.022,5
curvelanes,curvelanes_valid_5f5a25ee13c1bd6a407bae189f0b6944.jpg,0.208,1,0.725,0.689,0.024,5
curvelanes,curvelanes_valid_5f748cb53ad631cbc6ffc716081b691f.jpg,0.376,0.323,0.605,0.603,0.026,4
curvelanes,curvelanes_valid_5f83b630402fe64a7b994c3abd2ccfbe.jpg,0.464,1,0.746,0.573,0.027,4
curvelanes,curvelanes_valid_5f94afcb1c73fbdc3a417920896f6297.jpg,0.744,0.599,0.513,0.549,0.02,6
curvelanes,curvelanes_valid_5f9802af051d37e694e4ea8493f0ab35.jpg,0.981,0.433,0.593,0.538,0.036,6
curvelanes,curvelanes_valid_5fcec57971b2fe79f926ac714cd3d36a.jpg,0.103,1,0.714,0.673,0.015,5
curvelanes,curvelanes_valid_5fe5732ec13bdf56f9b75089372a265f.jpg,0.223,0.449,0.545,0.715,0.046,4
curvelanes,curvelanes_valid_5feceb52a774c896735726a42ae3fb4f.jpg,0.732,0.467,0.808,0.44,0.013,5
curvelanes,curvelanes_valid_600b8615eef9ca3f2c3ece985625908c.jpg,0.35,0.302,0.728,0.623,0.036,3
curvelanes,curvelanes_valid_6016222931b08d3b97834f8c2a043b52.jpg,0.29,0.742,0.699,0.558,0.047,2
curvelanes,curvelanes_valid_605f6e50f4e83d7b111377245fcaac88.jpg,0.702,0.267,0.572,0.695,0.041,5
curvelanes,curvelanes_valid_6077f284cf230927f96aee66fff4bb92.jpg,0.464,0.794,0.77,0.578,0.034,4
curvelanes,curvelanes_valid_6082d3719b2a58d6f43318c1f194079a.jpg,0.644,0.506,0.582,0.611,0.019,3
curvelanes,curvelanes_valid_60883f089bc8b3f4d38e2c65807bec0d.jpg,0.551,1,0.737,0.52,0.033,5
curvelanes,curvelanes_valid_608af9eda38c3521988051aab21d1bd7.jpg,0.521,0.693,0.777,0.487,0.035,4
curvelanes,curvelanes_valid_608fc0a738d9069ae8f2f9719a3529ed.jpg,0.444,1,0.808,0.534,0.014,7
curvelanes,curvelanes_valid_60a1fcd4f8e25195e3a4ad153ef17e1c.jpg,0.698,0.731,0.546,0.649,0.026,8
curvelanes,curvelanes_valid_60b4bc9124d7c9a4197e49d4cfd61da2.jpg,0.741,0.278,0.702,0.676,0.034,3
curvelanes,curvelanes_valid_60c570ddc547aa0579b3f4c7bf2c7650.jpg,0.738,0.315,0.772,0.677,0.025,4
curvelanes,curvelanes_valid_60e06719728adda972fe84d93da414d0.jpg,0.194,1,0.776,0.502,0.033,8
curvelanes,curvelanes_valid_610526808d2e272e76214c354fc8a7e8.jpg,0.773,0.495,0.603,0.494,0.069,7
curvelanes,curvelanes_valid_61162f2c3f41f3e7c9cdab5c8440925b.jpg,0.472,0.578,0.665,0.573,0.024,3
curvelanes,curvelanes_valid_6126dcaacdacb4efba8f731cd89235c1.jpg,0.105,0.736,0.713,0.715,0.133,5
curvelanes,curvelanes_valid_61548f3612bb8e0da639ed18b2139255.jpg,0.716,0.602,0.69,0.681,0.124,5
curvelanes,curvelanes_valid_6169b18f6957aeba45bc8ae78d91cbf3.jpg,0.709,0.551,0.736,0.555,0.012,4
curvelanes,curvelanes_valid_61c15bec99701eebcfca25a6f674da49.jpg,0.781,0.636,0.766,0.482,0.041,5
curvelanes,curvelanes_valid_61d2c580b550e5db322df2a9d1b6fded.jpg,0.638,0.688,0.684,0.574,0.039,4
curvelanes,curvelanes_valid_61e47f2a2b3dcb39e40cfe49578fef5e.jpg,0.572,0.77,0.683,0.536,0.046,6
curvelanes,curvelanes_valid_61e67a8d7b804c865221f3ab60edf015.jpg,0.335,1,0.702,0.683,0.039,5
curvelanes,curvelanes_valid_61eca3d6b18a777e714de2a9319ca59c.jpg,0.309,0.517,0.777,0.65,0.024,4
curvelanes,curvelanes_valid_6232ad863f1f3c53ba3eff3c2df382ff.jpg,0.422,1,0.731,0.353,0.02,4
curvelanes,curvelanes_valid_625e0003892fad3b0d1e2bc15c3a1874.jpg,0.405,1,0.78,0.501,0.022,5
curvelanes,curvelanes_valid_628be917fbe9415da23931feeef3ce32.jpg,0.69,0.489,0.73,0.544,0.017,4
curvelanes,curvelanes_valid_62a33b7dd14dbf9a823bf08233c4ac93.jpg,0.338,1,0.67,0.548,0.068,5
curvelanes,curvelanes_valid_62b2086c8843d4354a8e85ee246205b7.jpg,0.716,0.517,0.604,0.608,0.019,6
curvelanes,curvelanes_valid_62cb8fa62b7d34830358d31d558f684c.jpg,0.649,0.614,0.771,0.612,0.022,5
curvelanes,curvelanes_valid_62d56972c66a9d7ea1adf16bb8514cd7.jpg,0.157,1,0.76,0.706,0.039,3
curvelanes,curvelanes_valid_62f17bdb52e90a7172b056a79c85363f.jpg,0.568,0.179,0.18,0.306,0.047,2
curvelanes,curvelanes_valid_630d7fceca080346f86dbb70a6f2229f.jpg,0.597,0.52,0.701,0.481,0.03,5
curvelanes,curvelanes_valid_6339f99d0ce2cb1dc03425d1ca8b02ac.jpg,0.887,0.442,0.716,0.631,0.02,6
curvelanes,curvelanes_valid_634c7151adaa976a66dc1eabd37db0f5.jpg,0.239,0.792,0.769,0.673,0.04,4
curvelanes,curvelanes_valid_636e3b6d17c612e1591440755ab73e47.jpg,0.851,0.494,0.708,0.613,0.022,4
curvelanes,curvelanes_valid_638ba0d6edfc3d90e572872d67b1e3ba.jpg,0.51,0.456,0.648,0.593,0.019,6
curvelanes,curvelanes_valid_63ca7cfe92838d8820e7dfe55a381ec3.jpg,0.633,0.699,0.698,0.603,0.022,5
curvelanes,curvelanes_valid_63d6de3f21fc03978ae0819ead7e74a8.jpg,0.25,1,0.641,0.669,0.013,4
curvelanes,curvelanes_valid_63e38623b0e0c0a1d6206410a989c958.jpg,0.687,0.395,0.663,0.688,0.026,6
curvelanes,curvelanes_valid_64447a70fb56628d3f046d4f8f93e4a5.jpg,0.57,0.737,0.66,0.638,0.05,3
curvelanes,curvelanes_valid_6468ff33f28790f1224f613b39fe66d4.jpg,0.52,1,0.796,0.568,0.048,6
curvelanes,curvelanes_valid_64716276f50039345e8e57489375f4f3.jpg,0.845,1,0.724,0.608,0.012,6
curvelanes,curvelanes_valid_64d11b4504cc94b56aed6c0dc4078338.jpg,0.346,0.48,0.467,0.775,0.011,4
curvelanes,curvelanes_valid_64f1290eda7078a56f69105246d4a8a8.jpg,0.188,1,0.723,0.396,0.115,3
curvelanes,curvelanes_valid_6537792036e8e68494c91bae091c6e4d.jpg,0.846,0.503,0.705,0.538,0.026,4
curvelanes,curvelanes_valid_6542b76734af6773a999744a5e2bf69e.jpg,0.239,1,0.587,0.722,0.072,5
curvelanes,curvelanes_valid_6546229e8fdd7d63f5d3cf97fa5518ab.jpg,0.457,0.92,0.57,0.44,0.04,4
curvelanes,curvelanes_valid_65595dcd5c138701dffbbd01c0deefd9.jpg,0.218,1,0.848,0.648,0.037,2
curvelanes,curvelanes_valid_65dd13d39801dd680f2b176d5e20f936.jpg,0.77,0.434,0.643,0.6,0.019,4
curvelanes,curvelanes_valid_65fea124d2493b5c1dcd6212090580e2.jpg,0.601,0.355,0.715,0.6,0.029,7
curvelanes,curvelanes_valid_66031168a0ed330ed1083f98c1ebc3ba.jpg,0.706,0.545,0.687,0.651,0.03,5
curvelanes,curvelanes_valid_66097dd7899f6912b74b1de616a88d64.jpg,0.643,0.359,0.372,0.681,0.042,3
curvelanes,curvelanes_valid_66290c9dfd5c4d9108406db2b6d2a3b0.jpg,0.788,0.398,0.702,0.612,0.038,5
curvelanes,curvelanes_valid_6673d3786137d691f301df2598ad21e5.jpg,0.635,0.518,0.818,0.529,0.014,5
curvelanes,curvelanes_valid_66908edb0b24d87ef2c4ac4e63d1a29c.jpg,0.69,0.466,0.673,0.568,0.022,6
curvelanes,curvelanes_valid_669cf6807e0d98fe8637abe1896b5e29.jpg,0.268,0.397,0.556,0.666,0.046,5
curvelanes,curvelanes_valid_66deae5f5ca1f8217e38514fb80e918d.jpg,0.273,1,0.788,0.563,0.024,5
curvelanes,curvelanes_valid_66ea74c83289681801d64b0b43d5d73c.jpg,0.254,0.778,0.762,0.601,0.018,4
curvelanes,curvelanes_valid_66ee285ef88acbd712a51562aeba1cae.jpg,0.94,0.698,0.825,0.615,0.064,5
curvelanes,curvelanes_valid_6706f084f12a52820e84274751d70784.jpg,0.558,0.384,0.603,0.59,0.043,7
curvelanes,curvelanes_valid_671a5b3792a1bd6c07a0ff94528a22c5.jpg,0.228,0.376,0.675,0.673,0.059,5
curvelanes,curvelanes_valid_671c745c2542134df0015f413673220f.jpg,0.524,0.455,0.283,0.706,0.025,3
curvelanes,curvelanes_valid_6730efc855747ba6ce346a6d40cc7489.jpg,0.328,0.362,0.606,0.673,0.031,3
curvelanes,curvelanes_valid_67754a7211a74f39a5c22f7d18d59253.jpg,0.362,0.55,0.64,0.716,0.018,4
curvelanes,curvelanes_valid_67b4658d29141e9ebcfed1e99c0e4d9d.jpg,0.663,0.5,0.757,0.613,0.029,6
curvelanes,curvelanes_valid_67be2a58e68a77642b8ccb06add52546.jpg,0.619,0.285,0.673,0.731,0.045,5
curvelanes,curvelanes_valid_67c03f849c21588f978739cd5c36e4fa.jpg,0.532,0.287,0.556,0.658,0.011,3
curvelanes,curvelanes_valid_67f8c18253c5026f58993741e0b39ab4.jpg,0.239,0.771,0.68,0.659,0.032,3
curvelanes,curvelanes_valid_680005daee9c2476f5ff52b5f3f2a3ac.jpg,0.745,0.632,0.708,0.554,0.016,6
curvelanes,curvelanes_valid_680174de4c6ac0fb586ecf27d843a637.jpg,0.425,0.424,0.663,0.669,0.083,3
curvelanes,curvelanes_valid_683bd37b7f73d6f06b35ce9ec2fbddaf.jpg,0.411,1,0.77,0.56,0.033,5
curvelanes,curvelanes_valid_684c0d348a551dd6d850c9126884a13e.jpg,0.296,0.565,0.69,0.631,0.031,3
curvelanes,curvelanes_valid_6876133b5874abc338bd1ea426b06ac2.jpg,0.737,0.501,0.64,0.583,0.018,6
curvelanes,curvelanes_valid_68aae52d6431d3f8251edd44b1db7e67.jpg,0.612,0.431,0.648,0.598,0.009,3
curvelanes,curvelanes_valid_68bcae16856f343f64c1f5edcce1dd61.jpg,0.614,0.628,0.757,0.625,0.022,4
curvelanes,curvelanes_valid_68e081fef4844e97fea900b60f55249b.jpg,0.405,0.383,0.734,0.681,0.012,3
curvelanes,curvelanes_valid_68e7e29fb63f56ae7b6cc2bb9aa28382.jpg,0.535,0.95,0.613,0.573,0.023,6
curvelanes,curvelanes_valid_696e0d1e825e67afd33b572c999f92f2.jpg,0.712,0.582,0.775,0.398,0.024,4
curvelanes,curvelanes_valid_6983f433571bf0b24bcdfdb175f3149b.jpg,0.505,0.314,0.686,0.665,0.038,5
curvelanes,curvelanes_valid_69ab5f9718e702111369247104c79fed.jpg,0.994,0.528,0.827,0.507,0.037,4
curvelanes,curvelanes_valid_69cd6dd21f5f48d6c0330a878ac48342.jpg,0.756,0.314,0.517,0.648,0.031,3
curvelanes,curvelanes_valid_69e2a3c2d1d0d95cbef1f795edfadc00.jpg,0.489,0.517,0.77,0.503,0.015,4
curvelanes,curvelanes_valid_6a336d69bd78b6b4ea9cac60e88b7521.jpg,0.514,0.651,0.781,0.589,0.044,4
curvelanes,curvelanes_valid_6a388d254379a364af3bfe79708196f5.jpg,0.464,0.404,0.564,0.633,0.029,6
curvelanes,curvelanes_valid_6a741c745d1ba0ffcea104986a1cf2aa.jpg,0.395,0.556,0.576,0.659,0.078,3
curvelanes,curvelanes_valid_6a7cfa8f7509e8daaf23ad170d10313b.jpg,0.771,0.678,0.559,0.58,0.033,4
curvelanes,curvelanes_valid_6a8823942c183caa597270eb3eb4b059.jpg,0.409,0.223,0.617,0.694,0.023,2
curvelanes,curvelanes_valid_6a8be512c0d1f3fde0f567469ddd2994.jpg,0.293,1,0.837,0.541,0.031,7
curvelanes,curvelanes_valid_6aa363173d07e5b739ca7a291785d8cb.jpg,0.584,0.411,0.769,0.59,0.028,7
curvelanes,curvelanes_valid_6ab43d2f65c844b5c215d8dd01dbc934.jpg,0.252,0.912,0.537,0.614,0.023,3
curvelanes,curvelanes_valid_6ae3a05eaaad5a30831d9036e7ea9586.jpg,0.812,0.455,0.355,0.516,0.064,2
curvelanes,curvelanes_valid_6ae9f4c11333c00b47c7095c7432c536.jpg,0.492,0.901,0.788,0.528,0.013,6
curvelanes,curvelanes_valid_6b105f4d809e9c8323b6ee4fb977e64e.jpg,0.886,0.447,0.753,0.602,0.022,6
curvelanes,curvelanes_valid_6b114b69459aadc123dcf92c16251390.jpg,0.291,0.978,0.718,0.497,0.016,5
curvelanes,curvelanes_valid_6b37f6b077d3190d5f521e0d4a0b343c.jpg,0.231,1,0.809,0.646,0.033,4
curvelanes,curvelanes_valid_6b4d702e21c79f473464522636cb0164.jpg,0.287,1,0.698,0.418,0.014,6
curvelanes,curvelanes_valid_6b63a34486eff22740bc86c04b2a9e5f.jpg,0.684,0.573,0.656,0.541,0.013,6
curvelanes,curvelanes_valid_6b7bc41212fdbffa4f6645b6a01d28ef.jpg,0.578,0.507,0.85,0.634,0.026,5
curvelanes,curvelanes_valid_6b8b9759a821a80a7c0e57426c384f11.jpg,0.625,0.6,0.606,0.639,0.02,5
curvelanes,curvelanes_valid_6b93b54c858aeade67f100cf89e41c35.jpg,0.489,0.765,0.652,0.605,0.02,5
curvelanes,curvelanes_valid_6b99d37fb63446bd73ae227ad209a362.jpg,0.834,0.31,0.652,0.662,0.028,4
curvelanes,curvelanes_valid_6b9fa7d800ff62f383fc72f762877f56.jpg,0.35,1,0.687,0.652,0.015,5
curvelanes,curvelanes_valid_6bb627dae98b38f87593d22aa79d2940.jpg,0.565,1,0.761,0.637,0.027,5
curvelanes,curvelanes_valid_6bbf903071aca95f3f095910bf6ef9fb.jpg,0.397,0.475,0.768,0.614,0.016,3
curvelanes,curvelanes_valid_6bd3476b2da2d1fb27a9ffa61931ffd1.jpg,0.276,0.327,0.639,0.622,0.032,5
curvelanes,curvelanes_valid_6c03a830c3fa13ed3ea46bfbdc2f06c8.jpg,0.485,0.675,0.538,0.68,0.02,2
curvelanes,curvelanes_valid_6c1ccea86c2b401c7a97cec4dcb3a1fe.jpg,0.578,0.36,0.704,0.688,0.034,2
curvelanes,curvelanes_valid_6cb9afb17c66dfe219d4000e770cbf03.jpg,0.711,0.409,0.696,0.597,0.015,6
curvelanes,curvelanes_valid_6cc45d8a2699b05d053792426a1a692f.jpg,0.682,1,0.685,0.431,0.013,6
curvelanes,curvelanes_valid_6d4b7b35f81618966a53ebb97e0cceaf.jpg,0.828,0.561,0.587,0.486,0.019,6
curvelanes,curvelanes_valid_6d5cf6c38d196d99d7385ae72b46c148.jpg,0.786,0.573,0.852,0.675,0.025,6
curvelanes,curvelanes_valid_6d9188c9a1071163a4aa941296096db9.jpg,0.395,0.712,0.749,0.511,0.015,4
curvelanes,curvelanes_valid_6d9b175cfd9ca687ffa3448a1721256a.jpg,0.599,0.36,0.777,0.606,0.011,4
curvelanes,curvelanes_valid_6da6c78f36c252f0149cc9a5ad7e91e7.jpg,0.361,0.471,0.626,0.698,0.031,5
curvelanes,curvelanes_valid_6dddc0df95bb22239080fbe29c0016a5.jpg,0.703,0.382,0.617,0.656,0.023,7
curvelanes,curvelanes_valid_6de571f61d7adbd516ee8b4759709ddd.jpg,0.675,1,0.593,0.612,0.037,5
curvelanes,curvelanes_valid_6e35505c670920df48378c9193dbf596.jpg,0.524,0.331,0.523,0.642,0.022,3
curvelanes,curvelanes_valid_6e75ae2ee8d22d52be1302d6b5a5c7db.jpg,0.268,0.283,0.475,0.613,0.032,4
curvelanes,curvelanes_valid_6ea5a57bbe65bfead22bf6cf5b984789.jpg,0.392,1,0.646,0.618,0.03,8
curvelanes,curvelanes_valid_6eab01e47931bb6f406d88b1d17bbc06.jpg,0.125,1,0.732,0.598,0.031,3
curvelanes,curvelanes_valid_6ecde04fad53fde46b072a742b2fe88f.jpg,0.781,0.381,0.704,0.58,0.022,5
curvelanes,curvelanes_valid_6ed5cfc9d7817cddf65492b472a81214.jpg,0.64,0.52,0.561,0.667,0.043,5
curvelanes,curvelanes_valid_6eeb6099ffa61bfde36d355fc0b019cf.jpg,0.258,1,0.628,0.603,0.109,5
curvelanes,curvelanes_valid_6efb92dd81357ff4cde7965e071ea2e5.jpg,0.562,0.326,0.326,0.655,0.032,5
curvelanes,curvelanes_valid_6f156d0991e2d35abf2a34d914ba821a.jpg,0.375,0.599,0.496,0.638,0.028,4
curvelanes,curvelanes_valid_6f44146c85bdb27901303a9511890092.jpg,0.204,1,0.811,0.562,0.02,3
curvelanes,curvelanes_valid_6f58fb72648e130daf440e300f301d60.jpg,0.786,0.525,0.855,0.494,0.039,6
curvelanes,curvelanes_valid_6f619407951ec4face1cd90d85c6e3da.jpg,0.988,0.52,0.722,0.535,0.025,3
curvelanes,curvelanes_valid_6f864184dcc1d32be47df946a80d5187.jpg,0.519,0.485,0.668,0.695,0.026,6
curvelanes,curvelanes_valid_6f98b55a16409981290e19324c3c973c.jpg,0.199,1,0.784,0.512,0.023,5
curvelanes,curvelanes_valid_6fa1d9ab833dd46ee5ad3f19626b33d6.jpg,0.608,0.627,0.593,0.69,0.025,5
curvelanes,curvelanes_valid_6fb1881b4fbd09331dd2a1f9477dbf68.jpg,0.201,1,0.616,0.499,0.022,5
curvelanes,curvelanes_valid_6fbb60909276dadaf28a34411cbdee58.jpg,0.591,0.667,0.604,0.529,0.032,8
curvelanes,curvelanes_valid_6fbb7c9acf44fa396e4cac917520eefb.jpg,0.97,0.483,0.594,0.576,0.013,3
curvelanes,curvelanes_valid_6fd246dcbb53f77b8a94819934b5c689.jpg,0.586,0.501,0.563,0.588,0.024,5
curvelanes,curvelanes_valid_6fd7e65d2f6cfb1686cb28d4f4a1a669.jpg,0.172,0.687,0.68,0.623,0.036,3
curvelanes,curvelanes_valid_6fe2240432683aa731652789a5a50b85.jpg,0.649,0.448,0.717,0.589,0.025,5
curvelanes,curvelanes_valid_6ffc454bb2cc7278f482d1e5e363f45f.jpg,0.362,1,0.72,0.614,0.01,5
curvelanes,curvelanes_valid_7039bf8fca0c5821199486c684bc3eab.jpg,0.12,0.889,0.754,0.695,0.027,4
curvelanes,curvelanes_valid_703ab9db6445284972ad56551c4dc6d1.jpg,0.56,0.329,0.545,0.693,0.019,5
curvelanes,curvelanes_valid_7047f766443b1f4ed38439497493ca76.jpg,0.992,0.444,0.675,0.486,0.017,6
curvelanes,curvelanes_valid_7063eca966d3dd0da08d9517e03c1922.jpg,0.545,0.419,0.598,0.586,0.02,4
curvelanes,curvelanes_valid_7072f0cc775fe7bb8a686c598ee49706.jpg,0.769,0.699,0.765,0.566,0.019,6
curvelanes,curvelanes_valid_7087bd113346fb8cb2cc4243fbaabc6f.jpg,0.371,0.742,0.552,0.644,0.013,5
curvelanes,curvelanes_valid_70a17d39c6b5e4341f2d06ecac1d37ba.jpg,0.701,0.384,0.755,0.647,0.054,6
curvelanes,curvelanes_valid_70d2b71d76e67738aed8edc240ed691f.jpg,0.474,0.571,0.627,0.464,0.07,3
curvelanes,curvelanes_valid_70d7d620dc13afb357d5ee74d231602d.jpg,0.457,0.38,0.522,0.574,0.017,3
curvelanes,curvelanes_valid_70da2bbf922045b6b2b4131bbf2105f0.jpg,0.661,0.575,0.755,0.696,0.013,6
curvelanes,curvelanes_valid_70e21c737121f8ff0df994061801c20f.jpg,0.521,0.626,0.74,0.555,0.031,5
curvelanes,curvelanes_valid_7122cfccd1b821c75d8310ca85fac3fc.jpg,0.79,0.466,0.623,0.597,0.027,5
curvelanes,curvelanes_valid_71638a13ec0ee2610c8b62eb267a2c71.jpg,0.266,0.893,0.851,0.619,0.007,6
curvelanes,curvelanes_valid_71a66ef1f632a4ef993f9cdd5b35dafc.jpg,0.142,0.484,0.608,0.64,0.05,3
curvelanes,curvelanes_valid_71b8d144c9d49976db2131a8f5e13564.jpg,0.816,0.361,0.794,0.695,0.016,4
curvelanes,curvelanes_valid_71cf15862d853a1c18a3dbb0a67ba2f9.jpg,0.543,0.364,0.699,0.568,0.02,5
curvelanes,curvelanes_valid_71f184d498cd84d202c4116bd7568f37.jpg,0.553,1,0.744,0.544,0.041,5
curvelanes,curvelanes_valid_721d9d334928e1c25325b8286b38c5b6.jpg,0.324,0.586,0.662,0.596,0.042,4
curvelanes,curvelanes_valid_721eae9d0fbe929e322475a38426ed77.jpg,0.432,0.417,0.846,0.609,0.028,6
curvelanes,curvelanes_valid_72223cd6090f747a0090b0e4ec46f9c6.jpg,0.691,0.337,0.732,0.621,0.024,7
curvelanes,curvelanes_valid_72272973d98ce2e1298ffa0c6d4a3f66.jpg,0.645,0.532,0.418,0.679,0.023,2
curvelanes,curvelanes_valid_72294f5080a59d8359782cb3a07bd7ba.jpg,0.409,1,0.7,0.595,0.034,7
curvelanes,curvelanes_valid_724c49e0d723610aafc6ccabeabd10fe.jpg,0.323,0.887,0.606,0.604,0.05,3
curvelanes,curvelanes_valid_7262fd52d23b082e1da4085441346d12.jpg,0.773,0.703,0.658,0.641,0.021,4
curvelanes,curvelanes_valid_726c807beb87758c9d7e2558b8346e10.jpg,0.773,0.611,0.729,0.617,0.042,4
curvelanes,curvelanes_valid_727b9eef3e96bd9ef333d75b3f098b11.jpg,0.58,1,0.716,0.537,0.034,5
curvelanes,curvelanes_valid_72917fdc83a62c254c426aadc01ebd3c.jpg,0.201,1,0.617,0.756,0.018,3
curvelanes,curvelanes_valid_72bc8b6f79e6ada67c956ae60f8360ca.jpg,0.369,0.725,0.501,0.672,0.023,3
curvelanes,curvelanes_valid_72d623436ace36ee6d008621489c844b.jpg,0.417,0.339,0.752,0.638,0.035,5
curvelanes,curvelanes_valid_72e8aec7ef53693ae1aa5440942d0621.jpg,0.674,0.355,0.609,0.724,0.02,3
curvelanes,curvelanes_valid_72eda76b75077ca2ee04a82d059c9ef2.jpg,0.173,1,0.798,0.536,0.033,3
curvelanes,curvelanes_valid_730d7702e8fdc97e5b42a107e1be5ad8.jpg,0.422,0.378,0.782,0.681,0.031,5
curvelanes,curvelanes_valid_730fdb14372fcdd386f2a191abfbb3af.jpg,0.742,0.59,0.685,0.613,0.017,4
curvelanes,curvelanes_valid_730ffa4b87f4b780f107b2747679760f.jpg,0.481,0.559,0.713,0.622,0.022,5
curvelanes,curvelanes_valid_731d5fbefab211a1cf30a416b6e66267.jpg,0.579,0.567,0.823,0.296,0.026,3
curvelanes,curvelanes_valid_73579763a5efaca571744b8b0c01c1aa.jpg,0.468,0.37,0.734,0.683,0.022,4
curvelanes,curvelanes_valid_73699a45f0a945a865e5c931733c66a2.jpg,0.744,0.553,0.782,0.573,0.025,6
curvelanes,curvelanes_valid_736e55a0288c3668117d21d00cfcfcb3.jpg,0.721,0.64,0.705,0.555,0.015,3
curvelanes,curvelanes_valid_736fa5651a42f23b9419d396f517b656.jpg,0.478,0.883,0.671,0.591,0.023,5
curvelanes,curvelanes_valid_7392a18463f5de22af5e4f27864985c0.jpg,0.278,0.719,0.668,0.611,0.018,4
curvelanes,curvelanes_valid_73988a912a1b1f7608dde2161af197c1.jpg,0.226,0.598,0.711,0.747,0.021,4
curvelanes,curvelanes_valid_73ba0a5cb3125714c85b8df6faaee84b.jpg,0.505,0.498,0.756,0.588,0.021,3
curvelanes,curvelanes_valid_73daca474363348e5e5f32a996fd9428.jpg,0.507,0.584,0.797,0.484,0.015,5
curvelanes,curvelanes_valid_73de8de6379e220aa1af4ea6fb0a33d2.jpg,0.514,1,0.601,0.596,0.043,3
curvelanes,curvelanes_valid_73e06f54600410912f6cdf5bd6df3f9f.jpg,0.978,0.508,0.687,0.61,0.03,4
curvelanes,curvelanes_valid_74137d0a44b7a800bb2ef8a328165aef.jpg,0.719,0.466,0.646,0.609,0.017,4
curvelanes,curvelanes_valid_7424980675333f4943e6849e58851bb5.jpg,0.867,0.468,0.734,0.642,0.013,5
curvelanes,curvelanes_valid_7435d83b7bb11b680d0975cad5a6a66f.jpg,0.433,0.265,0.525,0.698,0.013,3
curvelanes,curvelanes_valid_745bbee1ffee7cd5de7f290f4ee718f9.jpg,0.604,0.299,0.804,0.69,0.02,6
curvelanes,curvelanes_valid_74665341de704da9464ef563769234db.jpg,0.587,0.88,0.795,0.658,0.029,4
curvelanes,curvelanes_valid_747733e0fc4889af9e85743ec162ca2b.jpg,0.612,0.316,0.516,0.594,0.017,5
curvelanes,curvelanes_valid_74ee3cdca48825f348e93a5b8d51a0f4.jpg,0.874,0.518,0.667,0.633,0.032,6
curvelanes,curvelanes_valid_752667754afd58add07a1c8be28af52f.jpg,0.743,0.646,0.796,0.562,0.015,4
curvelanes,curvelanes_valid_753186f5b178e71a4efa3a7b8474d6bf.jpg,0.646,0.623,0.679,0.646,0.015,6
curvelanes,curvelanes_valid_7560d4a0c6ce2f10bcb9d37bfd2d4386.jpg,0.312,0.575,0.747,0.548,0.006,3
curvelanes,curvelanes_valid_759615e0f2316be65107d397e0a3270d.jpg,0.558,0.282,0.675,0.573,0.014,7
curvelanes,curvelanes_valid_759b234aeb77092de2b53bf34bc6af72.jpg,0.789,0.572,0.722,0.488,0.043,6
curvelanes,curvelanes_valid_75b75f7256fb2b488f69b2f4b8ffb801.jpg,0.675,0.546,0.563,0.619,0.017,5
curvelanes,curvelanes_valid_75b8417eeffccbe705d9023a6d457c62.jpg,0.517,0.391,0.61,0.646,0.024,3
curvelanes,curvelanes_valid_75bc19a2ca8356e3200683d9bf052cc9.jpg,0.505,0.629,0.634,0.62,0.02,5
curvelanes,curvelanes_valid_75d255c9a9efd1a3930c48ce41a433b3.jpg,0.164,0.868,0.746,0.627,0.03,5
curvelanes,curvelanes_valid_75e2f0c0fddd0161091ae89583213fdf.jpg,0.667,0.701,0.584,0.69,0.046,4
curvelanes,curvelanes_valid_75ee383f81d6930160cf20728433abd9.jpg,0.653,0.612,0.782,0.542,0.017,4
curvelanes,curvelanes_valid_7600dc013ee4a9ef466d9357e11e623c.jpg,0.507,0.584,0.597,0.574,0.027,5
curvelanes,curvelanes_valid_76212667df587b122a3970c3ea7e9779.jpg,0.745,0.711,0.723,0.65,0.03,5
curvelanes,curvelanes_valid_762fdbad4e43b3c11cc824ffc7c711fa.jpg,0.287,1,0.753,0.559,0.032,5
curvelanes,curvelanes_valid_763d8c04a8fa09e91f6820a0bdef6990.jpg,0.615,0.606,0.761,0.501,0.01,4
curvelanes,curvelanes_valid_763ef42a5280a74aa25de970a7552ae1.jpg,0.674,0.415,0.488,0.674,0.057,4
curvelanes,curvelanes_valid_764a36d7ea499671c53e64c970f2e4e5.jpg,0.695,0.428,0.673,0.599,0.031,7
curvelanes,curvelanes_valid_7652bdb00220da39e532414a6c8e394e.jpg,0.302,0.968,0.694,0.665,0.017,5
curvelanes,curvelanes_valid_767e9f5d4356a3ba23fb7502620a55b6.jpg,0.308,0.382,0.468,0.672,0.02,4
curvelanes,curvelanes_valid_76a1b9f11aae8eb0bda657243a133882.jpg,0.565,0.909,0.775,0.543,0.015,5
curvelanes,curvelanes_valid_76cb1a35ee30a71cedf614cf499a87a0.jpg,0.684,0.508,0.661,0.592,0.018,6
curvelanes,curvelanes_valid_76cc14293eba10b8d2e622916f48fc75.jpg,0.604,0.434,0.583,0.675,0.021,4
curvelanes,curvelanes_valid_76d2abf1cca5953bb6db5ac19d962462.jpg,0.573,0.837,0.577,0.702,0.01,2
curvelanes,curvelanes_valid_76e2fa1ce7812816510cfc2ed6e22589.jpg,0.782,0.573,0.658,0.598,0.036,3
curvelanes,curvelanes_valid_77245f21b97fb823b62b19b526fc8120.jpg,0.577,0.687,0.454,0.65,0.02,4
curvelanes,curvelanes_valid_772d9fba669576f5d019ed8b973bf330.jpg,0.297,1,0.68,0.582,0.025,6
curvelanes,curvelanes_valid_7785011ffb227216f6b3c9b4a49430f3.jpg,0.797,0.558,0.562,0.575,0.059,5
curvelanes,curvelanes_valid_77b397fb97abe96db252e11c38f96151.jpg,0.59,0.714,0.751,0.533,0.022,5
curvelanes,curvelanes_valid_77c0cf32d2cf62ea3b6c8a4fcc44062f.jpg,0.707,0.531,0.649,0.628,0.023,3
curvelanes,curvelanes_valid_77c1d8645f3649535f28a7fa077f86c7.jpg,0.485,0.396,0.66,0.611,0.033,3
curvelanes,curvelanes_valid_77c391cf188682a88548b362fa9d394a.jpg,0.735,0.397,0.473,0.568,0.012,3
curvelanes,curvelanes_valid_77d9e6755c9c9ceb450bb759aafb4b28.jpg,0.414,0.954,0.68,0.561,0.03,5
curvelanes,curvelanes_valid_77e1508262b86622acf359a4dee49d72.jpg,0.279,0.51,0.778,0.506,0.019,3
curvelanes,curvelanes_valid_77e1e6864b8bda277208e010c0614ff1.jpg,0.293,0.316,0.518,0.733,0.041,4
curvelanes,curvelanes_valid_77f769aa331c9685bbefdcefc347c6b0.jpg,0.375,0.372,0.781,0.586,0.022,4
curvelanes,curvelanes_valid_78410696427d92f0814ec8f3a3317442.jpg,0.728,0.713,0.712,0.519,0.025,6
curvelanes,curvelanes_valid_7847f7018fcc91c2228e124627447579.jpg,0.82,0.812,0.719,0.413,0.029,6
curvelanes,curvelanes_valid_784889d2e4460e6af11d2785913c1734.jpg,0.667,0.376,0.685,0.63,0.031,4
curvelanes,curvelanes_valid_785cee6a82982f39fc9312e7a015554d.jpg,0.549,0.739,0.64,0.677,0.101,7
curvelanes,curvelanes_valid_78a25dc80b339c96f93fab2ace7a9ee7.jpg,0.578,0.552,0.637,0.513,0.024,4
curvelanes,curvelanes_valid_78e1b6034278a9b1302b30e0df465215.jpg,0.282,1,0.729,0.617,0.064,5
curvelanes,curvelanes_valid_79006693db78ff2e19ee19c8a338ffef.jpg,0.395,0.469,0.75,0.638,0.015,4
curvelanes,curvelanes_valid_7915f0930481e1d5677332df5a912a1b.jpg,0.279,1,0.673,0.555,0.032,3
curvelanes,curvelanes_valid_79188eaddafdf39af1754bc7502203ce.jpg,0.25,1,0.786,0.522,0.039,5
curvelanes,curvelanes_valid_792cdd2f1c362d42f0d5da0e4395d98d.jpg,0.505,0.559,0.611,0.609,0.071,4
curvelanes,curvelanes_valid_793234f7def24bea5cde4359faed7f1c.jpg,0.874,0.427,0.718,0.661,0.019,6
curvelanes,curvelanes_valid_79650cc341f670eeffeca48d60063888.jpg,0.494,0.657,0.802,0.479,0.016,6
curvelanes,curvelanes_valid_7976c07717b63048fc674d68b313ea45.jpg,0.812,0.62,0.655,0.452,0.034,6
curvelanes,curvelanes_valid_79cc06504ffb291ba138dee1a4b5c5ea.jpg,0.505,0.486,0.587,0.675,0.038,6
curvelanes,curvelanes_valid_79f158a055b02b4a02a951e6317534a5.jpg,0.586,0.384,0.616,0.609,0.028,6
curvelanes,curvelanes_valid_79f74badf58f41bf82da5603a51bf25d.jpg,0.367,0.269,0.821,0.697,0.024,5
curvelanes,curvelanes_valid_7a3ed00b5658ef5748899e2e856c9874.jpg,0.189,1,0.823,0.582,0.033,3
curvelanes,curvelanes_valid_7a76c2b510db1733fe7d6fe6026fc7ce.jpg,0.678,1,0.648,0.475,0.047,6
curvelanes,curvelanes_valid_7a783767ea154e5a65838e9b72cf1635.jpg,0.642,0.541,0.722,0.596,0.046,6
curvelanes,curvelanes_valid_7a8b5bbee99b2aab82e70aa327363847.jpg,0.375,0.381,0.639,0.514,0.02,4
curvelanes,curvelanes_valid_7ac5981e03a23ad392a4ae9f3cdb94be.jpg,0.878,0.574,0.891,0.558,0.047,6
curvelanes,curvelanes_valid_7ad679a83e330552fbbb478eb5bbe7b2.jpg,0.569,0.822,0.74,0.634,0.055,5
curvelanes,curvelanes_valid_7ad7e55da0c972f71f90273d821e2497.jpg,0.485,0.741,0.69,0.63,0.026,5
curvelanes,curvelanes_valid_7ae4b9a2d676903e8be0e1d05a41c9da.jpg,0.716,0.506,0.601,0.593,0.048,3
curvelanes,curvelanes_valid_7b050fac23499c189b71fa2c62f9ed84.jpg,0.407,1,0.753,0.54,0.017,4
curvelanes,curvelanes_valid_7b1334d22b4bb46e973f780e8d058f3c.jpg,0.804,0.529,0.68,0.589,0.075,8
curvelanes,curvelanes_valid_7b282d06ebc5b0132fe2642405cea913.jpg,0.578,0.323,0.72,0.675,0.038,3
curvelanes,curvelanes_valid_7b2b9aab0e5d7a09ec3926339958fbe9.jpg,0.578,0.545,0.688,0.544,0.024,6
curvelanes,curvelanes_valid_7b3823b8bd34bc41a762e33949f43a31.jpg,0.602,0.792,0.52,0.566,0.029,4
curvelanes,curvelanes_valid_7b686589731346cc76ae4ab95835a4cf.jpg,0.755,0.514,0.792,0.569,0.02,6
curvelanes,curvelanes_valid_7b8a93cd0d31cad6af6152f4dede2ea4.jpg,0.607,0.638,0.73,0.489,0.018,3
curvelanes,curvelanes_valid_7bd4f1366fdb3548eeaa3e708565fafb.jpg,0.538,0.508,0.636,0.732,0.032,2
curvelanes,curvelanes_valid_7bdd3171e21f4ad15d38cc01c5e34871.jpg,0.743,0.459,0.702,0.54,0.03,7
curvelanes,curvelanes_valid_7bdf783883e0664a2d57b87a599e653e.jpg,0.667,0.937,0.741,0.471,0.018,7
curvelanes,curvelanes_valid_7be62e0e4e03d5ee44906c75d80947d5.jpg,0.682,0.423,0.686,0.603,0.036,7
curvelanes,curvelanes_valid_7c04c1f9c5be9407f835ac26e3035e6c.jpg,0.64,0.589,0.638,0.571,0.027,6
curvelanes,curvelanes_valid_7c1fe5981acd14b6eafa2d5b99a98870.jpg,0.625,0.387,0.631,0.582,0.029,6
curvelanes,curvelanes_valid_7c338bc5676996413644e52bfe2cfa58.jpg,0.362,1,0.669,0.524,0.018,3
curvelanes,curvelanes_valid_7c3a23b0efe8cbdc68eb7fdc38d4f63d.jpg,0.519,0.329,0.647,0.655,0.012,3
curvelanes,curvelanes_valid_7c583186df40df67c326b0fbb331c14f.jpg,0.368,1,0.804,0.55,0.018,6
curvelanes,curvelanes_valid_7c86cdca14468ce3b1a450a7c3b88ffc.jpg,0.213,1,0.772,0.587,0.041,3
curvelanes,curvelanes_valid_7ca2e11136e8a12d7f681740bcc4da75.jpg,0.655,0.359,0.835,0.69,0.049,5
curvelanes,curvelanes_valid_7cc7e624b5654ef1214a5acf2c1f65e3.jpg,0.322,0.76,0.771,0.845,0.004,5
curvelanes,curvelanes_valid_7cdf6f630ab525ebe98d30a7161b4981.jpg,0.736,0.388,0.665,0.652,0.021,6
curvelanes,curvelanes_valid_7d3491b8baf3590071d819da12635bd5.jpg,0.29,0.623,0.749,0.662,0.022,2
curvelanes,curvelanes_valid_7d352317d71cd43e7c9793ef9df5402b.jpg,0.877,0.366,0.558,0.591,0.039,5
curvelanes,curvelanes_valid_7d7bee0e0040e6f0350e51b326e4037f.jpg,0.365,0.401,0.692,0.686,0.017,4
curvelanes,curvelanes_valid_7d7e228e75ab50aac51a665e9a8cf354.jpg,0.726,0.729,0.612,0.54,0.017,3
curvelanes,curvelanes_valid_7d995b1a7b1dd7f53e66e14e78095c72.jpg,0.556,0.768,0.747,0.553,0.017,9
curvelanes,curvelanes_valid_7d9cfeb53395fd8e277806b45f9132af.jpg,0.355,0.52,0.667,0.561,0.018,4
curvelanes,curvelanes_valid_7da539b473751132df8278ef58582bdf.jpg,0.483,1,0.736,0.579,0.037,4
curvelanes,curvelanes_valid_7def25b6aaad7f36e11d61b8f24c0ced.jpg,0.124,1,0.788,0.628,0.067,5
curvelanes,curvelanes_valid_7df61b11bf798eaf0abec7a6ea19d8bd.jpg,0.456,0.535,0.72,0.66,0.011,3
curvelanes,curvelanes_valid_7e44589fbf675850c9cbb8a605bc5856.jpg,0.538,0.747,0.615,0.466,0.046,5
curvelanes,curvelanes_valid_7e4df585deaba57309e5a80d23ce0287.jpg,0.506,0.838,0.838,0.612,0.027,6
curvelanes,curvelanes_valid_7e51c91159409f07f3edc5b7cb7fe689.jpg,0.281,1,0.794,0.598,0.02,6
curvelanes,curvelanes_valid_7e5c5687ec1147b3542d47d7c512f491.jpg,0.442,0.765,0.689,0.49,0.03,5
curvelanes,curvelanes_valid_7e90b3d948e2422ac75f14479f7847e4.jpg,0.731,0.588,0.689,0.515,0.03,3
curvelanes,curvelanes_valid_7ed31acaaf073da0668c544fb51e7eb8.jpg,0.622,0.52,0.625,0.634,0.046,5
curvelanes,curvelanes_valid_7f1be75f19ffe749113f334f8d738d0d.jpg,0.322,0.55,0.72,0.629,0.025,3
curvelanes,curvelanes_valid_7f2e61e5d0895edde4b5dddbf8fd6d1b.jpg,0.811,0.365,0.672,0.638,0.017,3
curvelanes,curvelanes_valid_7f4f14a8a2717395a744707e38ba1551.jpg,0.783,0.51,0.766,0.606,0.015,5
curvelanes,curvelanes_valid_7f64e85780fb4ad7b51d8ffb678847ed.jpg,0.471,0.558,0.649,0.674,0.02,7
curvelanes,curvelanes_valid_7f7a88bc8f32cbc397b86e8ca7329620.jpg,0.177,1,0.855,0.602,0.017,6
curvelanes,curvelanes_valid_7f80f864accd493178f9fd4b576135e2.jpg,0.594,0.309,0.717,0.686,0.034,2
curvelanes,curvelanes_valid_7f8527de5afba147fb5b31dbc8cc70ea.jpg,0.906,0.391,0.752,0.629,0.047,5
curvelanes,curvelanes_valid_7f8b0a57bac187e917d2b10c722cf8eb.jpg,0.891,0.476,0.764,0.675,0.02,5
curvelanes,curvelanes_valid_7f8dec6c7c5cd8a40cc12dd6756910be.jpg,0.455,0.516,0.839,0.603,0.037,3
curvelanes,curvelanes_valid_7f8e6e5cc0ed3eead0d7ec5e905f5683.jpg,0.755,0.451,0.668,0.586,0.016,4
curvelanes,curvelanes_valid_7f9e4a0bb1bfa025ad7004c85b4ebc60.jpg,0.948,0.309,0.698,0.524,0.052,4
curvelanes,curvelanes_valid_7fa7c89c76e3212550b380cd82c2c516.jpg,0.536,0.338,0.747,0.625,0.016,5
curvelanes,curvelanes_valid_7fadcc200000d4c4ab50ebb0cda0d642.jpg,0.354,1,0.625,0.634,0.02,4
curvelanes,curvelanes_valid_7fd9046af629abdb4c4a6b73a62dd870.jpg,0.312,0.818,0.6,0.608,0.019,3
curvelanes,curvelanes_valid_8060d03c49e0d717bef5ffd1047848c6.jpg,0.299,0.492,0.646,0.659,0.023,4
curvelanes,curvelanes_valid_80778298e4ed02ec085a9d83feedd6c5.jpg,0.682,0.486,0.731,0.632,0.022,6
curvelanes,curvelanes_valid_809a1083c3b15b51016cc653694b7fec.jpg,0.76,0.482,0.827,0.581,0.037,6
curvelanes,curvelanes_valid_80a34e367f8ff607825e4b6a0dc8e7ce.jpg,0.623,0.513,0.593,0.604,0.036,7
curvelanes,curvelanes_valid_80ab26719ea502caa52d38a23ee96e67.jpg,0.81,0.353,0.629,0.584,0.029,7
curvelanes,curvelanes_valid_80aefa97de69572bcdf719d70338d7a0.jpg,0.81,0.353,0.551,0.67,0.026,3
curvelanes,curvelanes_valid_80cd1d52d2b9b450d7fefc32b58800ec.jpg,0.601,0.707,0.641,0.56,0.029,5
curvelanes,curvelanes_valid_80d81d7449a723b05e292353f6496f16.jpg,0.614,0.528,0.709,0.627,0.053,5
curvelanes,curvelanes_valid_80e63e9dca9dc7cb22f4669a24bdac59.jpg,0.737,0.753,0.691,0.659,0.034,7
curvelanes,curvelanes_valid_81020c79069d38560521ddb87c9b93ed.jpg,0.217,1,0.573,0.651,0.021,4
curvelanes,curvelanes_valid_810773d04a38475b0228b0787e5cde23.jpg,0.337,1,0.673,0.506,0.039,5
curvelanes,curvelanes_valid_81689a93db84ff6140f854e0339ecb7d.jpg,0.814,0.379,0.619,0.675,0.017,6
curvelanes,curvelanes_valid_81d2405fa0bbc1e27c17d6b27af58b33.jpg,0.816,0.6,0.897,0.592,0.028,6
curvelanes,curvelanes_valid_81e48dbaa4ab7054f3a22fd65cd048c6.jpg,0.861,0.611,0.766,0.584,0.046,4
curvelanes,curvelanes_valid_81ee0d612531b2cff8fb86dee2be6887.jpg,0.274,0.744,0.884,0.494,0.022,4
curvelanes,curvelanes_valid_81fbeee5927d3ada6ca815f9b4aee270.jpg,0.318,0.967,0.564,0.667,0.016,4
curvelanes,curvelanes_valid_821acb3e3b919897d7da679fb878a76d.jpg,0.435,0.366,0.71,0.632,0.043,5
curvelanes,curvelanes_valid_822c2fc65e9e16a28167988655e08a51.jpg,0.467,0.516,0.606,0.739,0.02,4
curvelanes,curvelanes_valid_82300923ce757fdcccfe52b5cbb14f79.jpg,0.714,0.409,0.813,0.566,0.027,7
curvelanes,curvelanes_valid_8244319f628acfbe7a04331f37476613.jpg,0.599,0.472,0.587,0.649,0.026,3
curvelanes,curvelanes_valid_82447640e5ca2fde57640f14ca1b6a6d.jpg,0.563,0.321,0.628,0.787,0.037,2
curvelanes,curvelanes_valid_8275f40b09252043d9182d022b066fd6.jpg,0.92,0.391,0.8,0.682,0.02,7
curvelanes,curvelanes_valid_829e2cdf02d51a3988805fc0fbc8a753.jpg,0.48,0.317,0.754,0.668,0.033,5
curvelanes,curvelanes_valid_82e58e62de2e12b745e5c479942eddc1.jpg,0.694,0.533,0.685,0.631,0.041,5
curvelanes,curvelanes_valid_82e8c31323ff57f81bae42babe0285a3.jpg,0.611,0.645,0.817,0.59,0.042,6
curvelanes,curvelanes_valid_82f36c89a7536d88e1bb80d947daa99d.jpg,0.476,0.821,0.841,0.505,0.037,5
curvelanes,curvelanes_valid_8314e1882b8ef01c9500fe32fef71475.jpg,0.765,0.443,0.597,0.54,0.025,3
curvelanes,curvelanes_valid_8375555ed3774984b008997f401c054a.jpg,0.449,0.467,0.665,0.586,0.029,3
curvelanes,curvelanes_valid_83867d794a1f2b0650734d3584836ca5.jpg,0.263,1,0.738,0.497,0.025,2
curvelanes,curvelanes_valid_839e94fff68ae06d99c02f945ba3d711.jpg,0.759,0.503,0.751,0.52,0.028,5
curvelanes,curvelanes_valid_83c77689334aabbc74469bf14e390e77.jpg,0.579,0.753,0.463,0.544,0.008,4
curvelanes,curvelanes_valid_83e06807d267948b578ed74ae396ef67.jpg,0.308,0.815,0.599,0.591,0.041,5
curvelanes,curvelanes_valid_83ef55c8de3319780fa016d1fd3945e9.jpg,0.546,0.648,0.647,0.578,0.013,5
curvelanes,curvelanes_valid_83f39ff7e025c9bb37ab5c7b12e73e30.jpg,0.858,0.334,0.752,0.492,0.052,3
curvelanes,curvelanes_valid_83f748bb3e22c8d97f74fcb43c8672c5.jpg,0.25,0.588,0.539,0.688,0.033,3
curvelanes,curvelanes_valid_83fe705b468432693c28840dbcaca0c3.jpg,0.443,0.761,0.752,0.586,0.017,5
curvelanes,curvelanes_valid_8415628744c29ca2faaa8714464d8f18.jpg,0.263,0.556,0.708,0.689,0.04,3
curvelanes,curvelanes_valid_84161d08a914547e4fef4ab5497c4233.jpg,0.247,0.909,0.739,0.596,0.022,6
curvelanes,curvelanes_valid_841be4ad51ef2fbc8417aa80f443fb98.jpg,0.359,0.973,0.642,0.606,0.055,5
curvelanes,curvelanes_valid_8420aa3023558469ac5c257469cf8b16.jpg,0.52,0.384,0.745,0.614,0.029,5
curvelanes,curvelanes_valid_845a76b456a9ce01e0d92bb724676d6d.jpg,0.276,0.809,0.825,0.583,0.051,5
curvelanes,curvelanes_valid_84938c9f488be37bfe22ddd6bd23fabc.jpg,0.485,0.57,0.625,0.624,0.064,3
curvelanes,curvelanes_valid_84b2b1100940c36d5751f85a013b0af9.jpg,0.616,0.325,0.773,0.624,0.025,7
curvelanes,curvelanes_valid_84b5f83cbf1fe523e09fc15b56c78bbc.jpg,0.168,1,0.726,0.453,0.032,4
curvelanes,curvelanes_valid_84e4e3a685ac8806d577b422d89444ae.jpg,0.292,0.991,0.606,0.615,0.028,5
curvelanes,curvelanes_valid_852b829fd74365122f89aa996fe8df34.jpg,0.841,0.373,0.591,0.661,0.04,7
curvelanes,curvelanes_valid_856c18b58ad41376a7f6c9a5df78ed3d.jpg,0.856,0.841,0.688,0.583,0.026,6
curvelanes,curvelanes_valid_8570f430f047e125dce70714acbf1e9c.jpg,0.137,0.452,0.643,0.693,0.031,3
curvelanes,curvelanes_valid_8579318b12610f42a69f665c1ee2126a.jpg,0.465,0.386,0.672,0.646,0.047,6
curvelanes,curvelanes_valid_859d7f48da67c446820bec105fbcfa0f.jpg,0.672,0.992,0.634,0.551,0.025,6
curvelanes,curvelanes_valid_85a46cf10d7846b749f61f9dee7bb4ff.jpg,0.441,0.475,0.595,0.656,0.058,4
curvelanes,curvelanes_valid_85a47ad941b7e4894fc83b217b0c7c43.jpg,0.223,1,0.797,0.551,0.022,3
curvelanes,curvelanes_valid_85cce641aa0bfec22f6f05a1085ac3b2.jpg,0.759,0.715,0.574,0.61,0.047,5
curvelanes,curvelanes_valid_85e1f420c7895df7e7c8bf5464f18473.jpg,0.326,1,0.806,0.356,0.024,3
curvelanes,curvelanes_valid_85f39ced542b2caffab65b1c5ad33100.jpg,0.734,0.545,0.832,0.506,0.026,4
curvelanes,curvelanes_valid_8614415325e6e3e0d144ea326ac542a6.jpg,0.606,0.77,0.568,0.661,0.025,4
curvelanes,curvelanes_valid_8616d10068a315f5484bd89c44672c47.jpg,0.274,1,0.719,0.628,0.011,3
curvelanes,curvelanes_valid_864f348db07db90bd67c1c0047db7db3.jpg,0.655,0.602,0.538,0.634,0.06,3
curvelanes,curvelanes_valid_86651a77803bc02436e5df3dd372ad13.jpg,0.249,1,0.646,0.608,0.067,5
curvelanes,curvelanes_valid_8690803cd2c02aa3d0279655c1d18d18.jpg,0.417,0.774,0.541,0.545,0.031,3
curvelanes,curvelanes_valid_86ad9af66cb4c012f094016f3c2a7708.jpg,0.072,0.721,0.825,0.715,0.011,3
curvelanes,curvelanes_valid_86b0c4fd3478455f999039398e4cbcc0.jpg,0.684,0.718,0.614,0.653,0.007,5
curvelanes,curvelanes_valid_86b3a70696e87b1376cc617075e6b31f.jpg,0.297,0.372,0.519,0.676,0.037,4
curvelanes,curvelanes_valid_86c3b17f1e1bcd6c4a4b3a58614fcb35.jpg,0.144,0.517,0.428,0.629,0.013,3
curvelanes,curvelanes_valid_86cdbcbe56433fe9e64176d75d24f25e.jpg,0.428,0.794,0.624,0.617,0.03,4
curvelanes,curvelanes_valid_86f08298e3ac94f5ead2cf2f0b0ff94f.jpg,0.49,0.348,0.643,0.655,0.02,6
curvelanes,curvelanes_valid_870b27ff7c76ed9e35bfd3909d744171.jpg,0.824,0.633,0.507,0.601,0.083,6
curvelanes,curvelanes_valid_871b6b3afac86fd367ec3e09c2548e15.jpg,0.162,0.625,0.697,0.659,0.028,3
curvelanes,curvelanes_valid_8722e5f637c9de40ba57a52ac010bef0.jpg,0.852,0.846,0.659,0.688,0.045,4
curvelanes,curvelanes_valid_8739eb8a4ae3e27560a4bc6f9c609aab.jpg,0.873,0.321,0.825,0.619,0.033,6
curvelanes,curvelanes_valid_8751e081e2308cc43190d16fccc51555.jpg,0.262,0.94,0.465,0.588,0.116,3
curvelanes,curvelanes_valid_8762d91bbe28fe87fbb9539c02b5b779.jpg,0.624,0.223,0.746,0.658,0.052,6
curvelanes,curvelanes_valid_87718cf840da648e37b07ea5e8eebd74.jpg,0.32,1,0.764,0.553,0.02,4
curvelanes,curvelanes_valid_8786779ab1726e94af2ce1e5b9f0012e.jpg,0.622,0.453,0.739,0.684,0.023,3
curvelanes,curvelanes_valid_87ab0e368cc7d09a05a286f6f501328f.jpg,0.302,0.945,0.738,0.639,0.044,4
curvelanes,curvelanes_valid_87b7f270af414bbbda5c28953cffa994.jpg,0.561,1,0.702,0.513,0.04,5
curvelanes,curvelanes_valid_87cfc2e327fdc10a3057351a25885cf5.jpg,0.706,0.672,0.42,0.558,0.05,3
curvelanes,curvelanes_valid_8845d6b5745e0d0276542311a3d18ada.jpg,0.258,1,0.832,0.485,0.055,7
curvelanes,curvelanes_valid_8850b056867cc97709b9407501c1bdce.jpg,0.5,0.377,0.659,0.653,0.04,5
curvelanes,curvelanes_valid_8869901a29a0ddd0073dc8cc41c3785f.jpg,0.695,0.44,0.782,0.611,0.063,7
curvelanes,curvelanes_valid_8881fa32c8b770301ba41dd78520c0c8.jpg,0.158,0.784,0.754,0.721,0.042,1
curvelanes,curvelanes_valid_889134fce9949091529fd54c012e3f0b.jpg,0.583,1,0.616,0.559,0.054,6
curvelanes,curvelanes_valid_889932a43254e58e7d8c12d5fe388209.jpg,0.5,0.684,0.618,0.644,0.028,2
curvelanes,curvelanes_valid_88be5687da5517146d6e0781955b140e.jpg,0.401,1,0.847,0.693,0.033,5
curvelanes,curvelanes_valid_89126ed3976056cc17d178de72c54b2c.jpg,0.256,0.307,0.672,0.64,0.018,4
curvelanes,curvelanes_valid_894eb1bb67ac129110cb91bcdce3fd0f.jpg,0.386,0.439,0.619,0.68,0.016,3
curvelanes,curvelanes_valid_8951f635f28ea0a0b82dd54bb316b021.jpg,0.263,1,0.731,0.631,0.014,5
curvelanes,curvelanes_valid_8956aaa9bddbd8d18036358754e37197.jpg,0.78,0.637,0.502,0.571,0.036,3
curvelanes,curvelanes_valid_8993b9558a179418e32980daad095b6c.jpg,0.581,0.425,0.727,0.72,0.065,5
curvelanes,curvelanes_valid_89eaf04f36c226098b825df4e20ee3d2.jpg,0.49,0.521,0.785,0.582,0.022,6
curvelanes,curvelanes_valid_89fd523851833bc889eef478cf93ec8b.jpg,0.082,0.634,0.674,0.713,0.178,5
curvelanes,curvelanes_valid_8a0137bb53a09dbd71924476da39a474.jpg,0.869,0.668,0.75,0.49,0.04,4
curvelanes,curvelanes_valid_8a042108d1061772de17a0d19ed6ce02.jpg,0.552,0.451,0.546,0.676,0.032,3
curvelanes,curvelanes_valid_8a1724dfe85e62be2ba7b27d5aab9b43.jpg,0.631,0.367,0.682,0.642,0.024,7
curvelanes,curvelanes_valid_8a381cd29220112e91c909d11626a5e7.jpg,0.659,0.676,0.648,0.645,0.022,5
curvelanes,curvelanes_valid_8a667e9276a30f3ab3f3a6beea93ba2f.jpg,0.478,0.342,0.541,0.657,0.032,6
curvelanes,curvelanes_valid_8a74a79a5e2db68c05e471169405dd67.jpg,0.302,0.456,0.669,0.612,0.017,7
curvelanes,curvelanes_valid_8a825d11c4c142575ce37a404baef241.jpg,0.425,0.877,0.669,0.476,0.038,5
curvelanes,curvelanes_valid_8a9e610071620ed47f0d65e11764f9e6.jpg,0.556,0.617,0.621,0.703,0.033,4
curvelanes,curvelanes_valid_8aaf3404e1a7f9a044cc09155199038a.jpg,0.356,0.465,0.666,0.713,0.037,3
curvelanes,curvelanes_valid_8ac8e5019ba96304a2064f0e5c0335c4.jpg,0.246,1,0.721,0.615,0.021,5
curvelanes,curvelanes_valid_8acd22d90044bdace578869ec0f29b38.jpg,0.661,0.632,0.806,0.548,0.07,5
curvelanes,curvelanes_valid_8ad8e80c559f6c02d8312e83fa4b94de.jpg,0.933,0.279,0.315,0.715,0.046,5
curvelanes,curvelanes_valid_8b096e10584f2a0bf2e50df85c35ec71.jpg,0.281,0.812,0.76,0.495,0.024,3
curvelanes,curvelanes_valid_8b0f3eca931049f6b917996c54d86845.jpg,0.338,1,0.779,0.617,0.019,7
curvelanes,curvelanes_valid_8b1440e640166aa8c83cd141629bbf59.jpg,0.667,0.44,0.642,0.701,0.019,3
curvelanes,curvelanes_valid_8b15560e53d922bb32db568a0326fd56.jpg,0.127,0.565,0.699,0.746,0.045,4
curvelanes,curvelanes_valid_8b1e787a787e9ce814edf5de33a63025.jpg,0.849,0.732,0.599,0.534,0.026,6
curvelanes,curvelanes_valid_8b3256100bb425905459848e0542bcd4.jpg,0.708,0.725,0.742,0.658,0.037,3
curvelanes,curvelanes_valid_8b3b9e352e13bf287e8077c1b811f359.jpg,0.616,0.565,0.715,0.573,0.053,4
curvelanes,curvelanes_valid_8b64d048c04ee2e195bf7567546f9fff.jpg,0.303,1,0.595,0.643,0.022,3
curvelanes,curvelanes_valid_8b76e2963a7bfe4b19463733d43408d6.jpg,0.969,0.678,0.502,0.579,0.031,4
curvelanes,curvelanes_valid_8b7daded5e581977e749da42d070d9ed.jpg,0.448,0.71,0.639,0.668,0.029,4
curvelanes,curvelanes_valid_8ba6168030dd3bf4a533544c9b2acdc7.jpg,0.774,0.324,0.545,0.669,0.01,4
curvelanes,curvelanes_valid_8bcb76ea95bba80949440983dee6900d.jpg,0.463,0.73,0.682,0.61,0.019,6
curvelanes,curvelanes_valid_8bd8a87a8156357379d16ab35485061b.jpg,0.265,1,0.689,0.686,0.021,3
curvelanes,curvelanes_valid_8bdef8822318899a20e9dc183f2093b4.jpg,0.516,0.818,0.676,0.614,0.012,5
curvelanes,curvelanes_valid_8bfc4b90074627bac0822162596d2c97.jpg,0.47,0.388,0.628,0.578,0.01,3
curvelanes,curvelanes_valid_8c7bf6a6a5c389cec12d166fa43caaf8.jpg,0.503,0.314,0.605,0.534,0.028,3
curvelanes,curvelanes_valid_8c9200bf4d2cacc455a6c6286fe96eff.jpg,0.498,0.716,0.696,0.615,0.023,5
curvelanes,curvelanes_valid_8c93f2a8cdae1e555e9b537110d19c79.jpg,0.592,0.55,0.643,0.564,0.024,5
curvelanes,curvelanes_valid_8ca57f51b7745f3cf058f9b86831b495.jpg,0.219,1,0.752,0.612,0.021,4
curvelanes,curvelanes_valid_8cb3bf132ef97755db07339ab73778c5.jpg,0.407,0.355,0.588,0.717,0.031,4
curvelanes,curvelanes_valid_8cfd5cbd2b07fc2a9887223c907b282e.jpg,0.891,0.458,0.516,0.655,0.02,4
curvelanes,curvelanes_valid_8d1532ac14f1931ac9da0a8188b1d552.jpg,0.585,0.716,0.756,0.493,0.026,6
curvelanes,curvelanes_valid_8d1b56eba8fdc92e293d5e37c5605c83.jpg,0.225,1,0.663,0.616,0.034,4
curvelanes,curvelanes_valid_8d478d77c6d37893bc86c0a07612413c.jpg,0.764,0.399,0.634,0.645,0.034,5
curvelanes,curvelanes_valid_8d5fee8af25bcfe04b9ebc84f85e67c5.jpg,0.518,0.617,0.719,0.606,0.03,4
curvelanes,curvelanes_valid_8dba213bf9b4fd6b1fb798cca32c41ef.jpg,0.643,0.4,0.733,0.62,0.029,4
curvelanes,curvelanes_valid_8dbad189456c2607d853e83224462115.jpg,0.626,0.381,0.681,0.612,0.016,6
curvelanes,curvelanes_valid_8e202cbcae2132c5701c63faf40bfb8b.jpg,0.655,0.574,0.682,0.51,0.025,7
curvelanes,curvelanes_valid_8e2b9640bb62c3ce31600ab420f709e8.jpg,0.398,1,0.687,0.41,0.048,5
curvelanes,curvelanes_valid_8e2dcf2e82a15d7872129891b4ffe267.jpg,0.475,0.616,0.7,0.632,0.02,5
curvelanes,curvelanes_valid_8e302428c6c544a3f0b817f0c21d0dd9.jpg,0.592,0.393,0.627,0.583,0.008,5
curvelanes,curvelanes_valid_8e34bb2fe0a0e8c6329ba8831a0233b1.jpg,0.836,0.527,0.678,0.568,0.02,6
curvelanes,curvelanes_valid_8e37197acefd037da5ce1f49441239b0.jpg,0.232,0.653,0.66,0.627,0.025,3
curvelanes,curvelanes_valid_8e52306ad201be87ae577a005db89a42.jpg,0.504,0.568,0.629,0.581,0.073,5
curvelanes,curvelanes_valid_8e5ea45e68d0dba273c0e1003564bf7f.jpg,0.346,0.968,0.77,0.564,0.029,5
curvelanes,curvelanes_valid_8e9c8d996b2e11940fc2921fafbc6e1d.jpg,0.52,0.335,0.747,0.595,0.015,5
curvelanes,curvelanes_valid_8eb60e63074b4e322ca3bc17139c932a.jpg,0.639,0.453,0.677,0.606,0.017,6
curvelanes,curvelanes_valid_8ee9b6d034f9437cf5eaebcbd77f1fd1.jpg,0.624,0.502,0.727,0.658,0.029,4
curvelanes,curvelanes_valid_8f0086a315719be5cd50770a03daeadd.jpg,0.605,0.5,0.638,0.616,0.016,7
curvelanes,curvelanes_valid_8f00fae96f12e596acddc94bf9252b4d.jpg,0.121,0.78,0.639,0.569,0.02,3
curvelanes,curvelanes_valid_8f465f4ae773c62e08ae9f1a6bf561db.jpg,0.523,1,0.49,0.571,0.029,4
curvelanes,curvelanes_valid_8f4cade14eb0067d7ab4080a5c0955f7.jpg,0.602,0.498,0.479,0.481,0.042,4
curvelanes,curvelanes_valid_8f8660a58df36abd9c0b67fa0aab9130.jpg,0.755,0.439,0.509,0.571,0.017,3
curvelanes,curvelanes_valid_8f8c90f978c638dff9e3d69de6f497ee.jpg,0.533,0.338,0.666,0.636,0.039,3
curvelanes,curvelanes_valid_8fd67ec7b9e61f1e2a810b0be3bd9e61.jpg,0.896,0.465,0.744,0.531,0.053,5
curvelanes,curvelanes_valid_8ff43c023a1ff7838a801c5673efd512.jpg,0.766,0.382,0.591,0.6,0.035,6
curvelanes,curvelanes_valid_8ffc85cd36412d742c784e627e4fb41d.jpg,0.541,0.726,0.65,0.582,0.037,5
curvelanes,curvelanes_valid_9006a9d2a348688b40f6bb49530af107.jpg,0.902,0.472,0.543,0.546,0.033,3
curvelanes,curvelanes_valid_900999b78aed1e074d8ee8b91ccb7bc8.jpg,0.788,0.435,0.729,0.6,0.037,5
curvelanes,curvelanes_valid_90995ad8e13db2b6a8020dc67081fbf5.jpg,0.333,1,0.779,0.57,0.016,3
curvelanes,curvelanes_valid_909c1fd7f4ed3a57f0077f1414fb5a3c.jpg,0.389,0.304,0.662,0.691,0.022,3
curvelanes,curvelanes_valid_90b7d19b43720a2d4c731edc0264571f.jpg,0.779,0.279,0.854,0.528,0.043,7
curvelanes,curvelanes_valid_90dc80aa4f7f08e8b8fe714b0b5599c8.jpg,0.413,0.815,0.226,0.679,0.034,4
curvelanes,curvelanes_valid_90f0742b66c183982338f065475316f8.jpg,0.485,1,0.65,0.605,0.01,5
curvelanes,curvelanes_valid_90fac99b20d606b173f223fc3b204fd8.jpg,0.394,1,0.654,0.588,0.033,4
curvelanes,curvelanes_valid_914225a79eb0f7f23270cc6d67f46999.jpg,0.351,0.819,0.623,0.489,0.013,4
curvelanes,curvelanes_valid_9155b9e70cce7d2addde2422229f7b61.jpg,0.355,0.536,0.568,0.566,0.031,2
curvelanes,curvelanes_valid_91591b8cfd40afa39195bc9cc8f6a803.jpg,0.519,0.786,0.697,0.601,0.016,7
curvelanes,curvelanes_valid_9166e3fd00d862779917891ea9173bb1.jpg,0.9,0.421,0.77,0.54,0.031,6
curvelanes,curvelanes_valid_916bbae20e6e4b4b0b7dcc801bf08f83.jpg,0.238,0.458,0.711,0.502,0.024,5
curvelanes,curvelanes_valid_917104bdd0b9da5d31f07be9236f332e.jpg,0.861,0.502,0.699,0.541,0.02,4
curvelanes,curvelanes_valid_91a4b4bb5283a066513cc68ce6e2ce0e.jpg,0.774,0.74,0.732,0.599,0.018,7
curvelanes,curvelanes_valid_91a8f0b5a80113b83da6e1938db6cd13.jpg,0.786,0.329,0.646,0.634,0.037,6
curvelanes,curvelanes_valid_91dcfa9c02ead1c5e5c82ac21d522e8d.jpg,0.281,0.96,0.545,0.646,0.018,4
curvelanes,curvelanes_valid_91f2b07c1f4c452289d527cccac93ec2.jpg,0.262,1,0.715,0.632,0.003,4
curvelanes,curvelanes_valid_9211b4e4320cccc69a9a8ab54521688f.jpg,0.164,0.42,0.558,0.756,0.018,5
curvelanes,curvelanes_valid_92264b6c6dadb94f9e3bfefad1908466.jpg,0.443,0.639,0.8,0.515,0.011,5
curvelanes,curvelanes_valid_92334ce79a3699b334b2692dafa8b9e9.jpg,0.437,1,0.596,0.638,0.066,5
curvelanes,curvelanes_valid_9237529e412bcabf2683bb551f387047.jpg,0.256,1,0.763,0.551,0.016,4
curvelanes,curvelanes_valid_923fcbc60700e2ff071d908568951fa9.jpg,0.398,0.307,0.662,0.469,0.013,3
curvelanes,curvelanes_valid_925ea8d54bb15f8c0b73d6e150bb427d.jpg,0.259,1,0.843,0.343,0.015,5
curvelanes,curvelanes_valid_926afc3cae34a549902fa3d579b1b5a6.jpg,0.624,0.525,0.637,0.556,0.009,5
curvelanes,curvelanes_valid_928a6045b72dedbe04e4c2b7bdae63f5.jpg,0.933,0.639,0.718,0.518,0.018,6
curvelanes,curvelanes_valid_92a9e52ba8255eba6b48187e08dd80d3.jpg,0.414,0.444,0.655,0.701,0.03,5
curvelanes,curvelanes_valid_92c449d99705aa5ce010305d833af263.jpg,0.096,1,0.709,0.828,0.056,2
curvelanes,curvelanes_valid_92fe87e5b5afa4d47249eb4817d69bfe.jpg,0.196,1,0.835,0.589,0.017,6
curvelanes,curvelanes_valid_9311d1801828d8fcaf01cce1d55e4f34.jpg,0.433,1,0.753,0.56,0.027,5
curvelanes,curvelanes_valid_9317854ef64281e6f5128883449ef714.jpg,0.401,0.73,0.578,0.581,0.032,4
curvelanes,curvelanes_valid_93480eea416deccd5e45fc47853c11c6.jpg,0.252,0.211,0.804,0.674,0.03,2
curvelanes,curvelanes_valid_9366491bc16729b3cad1bc3c1fb86e20.jpg,0.624,0.591,0.523,0.598,0.046,5
curvelanes,curvelanes_valid_936e7e2c5f7bcfc802147bfcfa92ebca.jpg,0.607,0.826,0.662,0.561,0.062,6
curvelanes,curvelanes_valid_9389cda6fc3faa5300a40c061adc787f.jpg,0.256,0.42,0.585,0.722,0.044,2
curvelanes,curvelanes_valid_939d561d9f5347da4985083fdad74499.jpg,1,0.672,0.866,0.532,0.047,5
curvelanes,curvelanes_valid_93adb62e3f3a07b07a55d8068d1dbb78.jpg,0.46,0.839,0.696,0.652,0.028,5
curvelanes,curvelanes_valid_93b46191d6aa92db3d69c6928d6a294b.jpg,0.177,0.813,0.754,0.694,0.027,4
curvelanes,curvelanes_valid_93b69dff2a7bfabd81c074681e152f45.jpg,0.69,0.571,0.781,0.472,0.035,5
curvelanes,curvelanes_valid_93b6aa4794a28a05c1ec92fb02b0e03a.jpg,0.266,0.301,0.736,0.751,0.041,5
curvelanes,curvelanes_valid_93c7acd0cbed70b2d189eec401a2d921.jpg,0.24,1,0.717,0.507,0.021,5
curvelanes,curvelanes_valid_93cb1812c8fa93d8da4e1690516f90cf.jpg,0.773,0.453,0.665,0.533,0.023,5
curvelanes,curvelanes_valid_94300e6da14b741dcb94d4df708a75b2.jpg,0.907,0.606,0.669,0.551,0.042,4
curvelanes,curvelanes_valid_94319fc0f91c15953dcec28c9a91603e.jpg,0.818,0.41,0.596,0.614,0.021,6
curvelanes,curvelanes_valid_943317539025f08619a84ff4587923f7.jpg,1,0.266,0.791,0.637,0.036,6
curvelanes,curvelanes_valid_945b7c0312c6a64d86a1417daeb9380e.jpg,0.446,0.562,0.737,0.616,0.036,5
curvelanes,curvelanes_valid_948356988b3bdaf8611f497e06188298.jpg,0.756,0.493,0.688,0.566,0.03,3
curvelanes,curvelanes_valid_948cd225126f31a21fb7f65512c0a0ef.jpg,0.496,0.49,0.555,0.725,0.023,3
curvelanes,curvelanes_valid_949e15d0f2e3ca2be8ac702e51a64c08.jpg,0.643,0.306,0.633,0.677,0.014,5
curvelanes,curvelanes_valid_94b2dadbe0767d785c39458b569855e8.jpg,0.412,0.42,0.767,0.609,0.019,5
curvelanes,curvelanes_valid_9500a77e5204a41e6760c73db20430ac.jpg,0.112,0.711,0.667,0.739,0.009,5
curvelanes,curvelanes_valid_95043155762330125b3ccd3c716771f1.jpg,0.737,0.405,0.797,0.503,0.021,6
curvelanes,curvelanes_valid_95158677780ebe9cabf012e27ab7d5be.jpg,0.478,1,0.671,0.611,0.017,5
curvelanes,curvelanes_valid_9551733117dadaf9395a840cd174b4a3.jpg,1,0.555,0.855,0.618,0.025,4
curvelanes,curvelanes_valid_955ffe6e283d492ba86523566c6eadf4.jpg,0.856,0.484,0.492,0.659,0.031,5
curvelanes,curvelanes_valid_95a16f31251684698db80a4eefa1ac0f.jpg,0.742,0.346,0.639,0.628,0.017,6
curvelanes,curvelanes_valid_95ab48fb369ce734f896bff311a0af1f.jpg,0.95,0.332,0.535,0.614,0.013,4
curvelanes,curvelanes_valid_95b3c805346e0904a1cf8dd00048ad65.jpg,0.349,0.384,0.604,0.686,0.024,5
curvelanes,curvelanes_valid_95ebffed5736526f654203deae8f0c8e.jpg,0.481,0.691,0.447,0.658,0.031,2
curvelanes,curvelanes_valid_95f08178e079abd03ddfcced1ec95b04.jpg,0.472,1,0.74,0.569,0.033,6
curvelanes,curvelanes_valid_9646a01e5b0226bf2f0c17583ca96af2.jpg,0.496,0.851,0.692,0.543,0.01,3
curvelanes,curvelanes_valid_96a0263f008bd1ad3546f8ac063f471a.jpg,0.123,0.826,0.649,0.746,0.022,4
curvelanes,curvelanes_valid_96a67866cda5365e207a5cb3fa585344.jpg,0.994,0.505,0.802,0.6,0.036,4
curvelanes,curvelanes_valid_96b6e53ae185de9cb636d5ea81c1bf64.jpg,0.48,1,0.713,0.597,0.055,6
curvelanes,curvelanes_valid_96cf2d22ccdeb8320ee780b686708eb7.jpg,0.197,0.434,0.748,0.695,0.011,5
curvelanes,curvelanes_valid_96d0890640816cda03eb434b8fb9f590.jpg,0.215,0.715,0.708,0.516,0.028,4
curvelanes,curvelanes_valid_96e6c9498d6b678a8b12cd648244f14e.jpg,0.239,0.333,0.733,0.657,0.039,3
curvelanes,curvelanes_valid_96f60af68d72e5091f74f7e56af82a43.jpg,0.684,0.613,0.75,0.553,0.014,4
curvelanes,curvelanes_valid_9751e4c6850ee3ea9252720d5505707d.jpg,0.646,0.964,0.524,0.607,0.035,5
curvelanes,curvelanes_valid_97570530e530a14bb8256d131c4d5bdd.jpg,0.787,0.637,0.757,0.621,0.047,5
curvelanes,curvelanes_valid_9782c8c908c9304a2a4f4377bd433976.jpg,0.517,0.634,0.605,0.572,0.013,4
curvelanes,curvelanes_valid_979c88ec7beb73e3239465cb4342d851.jpg,0.635,0.656,0.487,0.604,0.023,2
curvelanes,curvelanes_valid_97b2e7829e21c6b0b15fdc179d9371fd.jpg,0.83,0.616,0.636,0.564,0.032,4
curvelanes,curvelanes_valid_97d8f1bf2f7c19c8dd93781f784d6d29.jpg,0.297,1,0.811,0.611,0.02,4
curvelanes,curvelanes_valid_9846070359cddba3d480d41ba1137d30.jpg,0.181,0.832,0.668,0.675,0.038,5
curvelanes,curvelanes_valid_985c4b6fc9668e32fbcfc8c6e8975bd2.jpg,0.475,0.564,0.479,0.661,0.024,4
curvelanes,curvelanes_valid_98d81f9743ac02962f82b737192f645d.jpg,0.861,0.419,0.702,0.583,0.021,3
curvelanes,curvelanes_valid_98e92670118084a67befe20749733ca9.jpg,0.753,0.302,0.74,0.651,0.038,7
curvelanes,curvelanes_valid_9919f80c13b0308b49f1ff7457d63276.jpg,0.415,0.456,0.622,0.535,0.016,4
curvelanes,curvelanes_valid_991aa69dac58113cef156b4c9fd20f00.jpg,0.615,0.503,0.656,0.56,0.027,5
curvelanes,curvelanes_valid_9947ffd5237c09e142e4fdbcd9ed8e19.jpg,0.293,0.913,0.695,0.626,0.033,5
curvelanes,curvelanes_valid_998960ce8618c5fc39d5ec2d0971e44e.jpg,0.5,0.228,0.634,0.733,0.008,7
curvelanes,curvelanes_valid_99a363b1d3a14cdddc659d9fc5109c6f.jpg,0.562,0.871,0.74,0.574,0.006,5
curvelanes,curvelanes_valid_99bdb6d074d27bf46502503d74248be9.jpg,0.684,0.303,0.525,0.733,0.034,3
curvelanes,curvelanes_valid_99c1119d4eab4a9aa11ace153b33b5fb.jpg,0.697,0.451,0.64,0.547,0.024,3
curvelanes,curvelanes_valid_99df42de23a7e7600868688c96ac084a.jpg,0.333,0.834,0.56,0.654,0.031,5
curvelanes,curvelanes_valid_99f0a1c364b0ce2ba69aad70bcfb8dfb.jpg,0.709,0.446,0.787,0.68,0.028,5
curvelanes,curvelanes_valid_99fdfffcf01d4892c2352461faf02416.jpg,1,0.369,0.779,0.629,0.023,7
curvelanes,curvelanes_valid_99fec9a76cc1dc6ffc32eff65fc668a3.jpg,0.661,0.391,0.708,0.651,0.041,5
curvelanes,curvelanes_valid_9a28fe2b4da3d02f59183d07054014c0.jpg,0.574,0.407,0.701,0.611,0.027,3
curvelanes,curvelanes_valid_9a3135403f23afea63577668c8967056.jpg,0.288,0.473,0.606,0.708,0.012,4
curvelanes,curvelanes_valid_9a46e74650463af18a41a72cded1becb.jpg,0.333,0.438,0.622,0.525,0.015,8
curvelanes,curvelanes_valid_9a4e7fffe9162c6b79d2308642b1e9d4.jpg,0.626,0.719,0.636,0.662,0.023,5
curvelanes,curvelanes_valid_9a6e79e7f471572d277a611b513d51b1.jpg,0.558,0.574,0.64,0.654,0.027,5
curvelanes,curvelanes_valid_9ab320ed941207b4f2798a8016d039e0.jpg,0.449,1,0.692,0.534,0.015,4
curvelanes,curvelanes_valid_9ac40fbf2dba628999114c23a2672cf0.jpg,0.362,0.293,0.623,0.634,0.04,3
curvelanes,curvelanes_valid_9ac8f84d74c1ab39ce98c84e1179a421.jpg,0.926,0.533,0.507,0.549,0.018,5
curvelanes,curvelanes_valid_9ac99517d86bfdb598a9625e9970551a.jpg,0.88,0.446,0.67,0.555,0.025,6
curvelanes,curvelanes_valid_9afc6b36188c75624a3b42f43c7bbfa4.jpg,0.491,0.455,0.726,0.639,0.046,4
curvelanes,curvelanes_valid_9b208cc02a9db531e20805bca09eda7b.jpg,0.547,0.566,0.636,0.517,0.037,6
curvelanes,curvelanes_valid_9b5aae526e75dd5342b67f4888e10c43.jpg,0.929,1,0.79,0.568,0.033,4
curvelanes,curvelanes_valid_9b822958b9855b9daa70e2a2fe18be31.jpg,0.986,0.266,0.883,0.686,0.015,7
curvelanes,curvelanes_valid_9b830f85109a83aff409237c6dd328d3.jpg,0.558,1,0.615,0.473,0.04,5
curvelanes,curvelanes_valid_9b904e58cdc18caf8242b2f22ae89567.jpg,0.359,0.821,0.687,0.62,0.008,3
curvelanes,curvelanes_valid_9bca0f1941e03e27a51ff5b987c23bcd.jpg,0.729,0.452,0.796,0.58,0.029,6
curvelanes,curvelanes_valid_9bdf9f97d56ad76765911b6d1e78eb87.jpg,0.723,0.482,0.686,0.571,0.027,6
curvelanes,curvelanes_valid_9bff2267d01fcb07397dcc9ee8191569.jpg,0.313,0.322,0.726,0.66,0.008,5
curvelanes,curvelanes_valid_9c052da9a49167f30bed6e6ac035bc94.jpg,0.384,0.427,0.679,0.694,0.022,6
curvelanes,curvelanes_valid_9c17dc621c37e7f67d7523961bf1f032.jpg,0.473,0.392,0.699,0.617,0.012,5
curvelanes,curvelanes_valid_9c21410b2340ad937ba36b13198d948b.jpg,0.81,0.417,0.552,0.618,0.045,6
curvelanes,curvelanes_valid_9c3e1a2d7309418958caabf20a43b160.jpg,0.669,0.549,0.52,0.649,0.051,6
curvelanes,curvelanes_valid_9c6b4716a023846e9b18ce90c9bb61d7.jpg,0.824,0.469,0.573,0.562,0.007,3
curvelanes,curvelanes_valid_9c853b2668daf499b658b7cc18b05977.jpg,0.131,0.955,0.664,0.486,0.028,2
curvelanes,curvelanes_valid_9c954b348da3446552f7bfd1d65c5832.jpg,0.209,1,0.728,0.551,0.083,6
curvelanes,curvelanes_valid_9c976bb1b6f604965b150b5d3efe3fcd.jpg,0.534,0.602,0.61,0.571,0.053,2
curvelanes,curvelanes_valid_9c9a26a81868bd9e06aecac3d796d03b.jpg,0.596,1,0.691,0.556,0.034,4
curvelanes,curvelanes_valid_9caf39dc74a367c32866f48b180d2a27.jpg,0.81,0.64,0.794,0.604,0.024,6
curvelanes,curvelanes_valid_9cddf224ebd04b1aeb88c2d3395612a6.jpg,0.601,0.484,0.668,0.628,0.014,6
curvelanes,curvelanes_valid_9ceb45dca8b00bd18d83f21e9b9b36e7.jpg,0.734,0.769,0.716,0.523,0.031,4
curvelanes,curvelanes_valid_9d14acf4c76a11321e56b20398cee4ec.jpg,0.459,0.798,0.682,0.628,0.015,6
curvelanes,curvelanes_valid_9d19a5b17794a8c0150f9b7d0b9bfe42.jpg,0.656,0.564,0.757,0.49,0.024,6
curvelanes,curvelanes_valid_9d780f77eef3ef8ef5a9bbea575532d6.jpg,0.481,1,0.779,0.608,0.018,5
curvelanes,curvelanes_valid_9d8d68426ecf83b29a5814ec6c36e7e4.jpg,0.464,0.502,0.704,0.551,0.047,5
curvelanes,curvelanes_valid_9d92232d28b03b9c467b986d757f26df.jpg,0.44,0.432,0.514,0.595,0.023,3
curvelanes,curvelanes_valid_9db78dc18eb76a21fdb5a55682e185fd.jpg,0.957,0.406,0.424,0.648,0.039,3
curvelanes,curvelanes_valid_9e0815d73ad093ade82a8064d9358178.jpg,0.76,0.566,0.712,0.662,0.017,4
curvelanes,curvelanes_valid_9e114b5b4be7d17b2dd83306c2067113.jpg,0.879,0.457,0.627,0.615,0.016,8
curvelanes,curvelanes_valid_9e21bf7a4cb17d9d9ef4b5b0425234b0.jpg,0.282,0.424,0.727,0.67,0.013,3
curvelanes,curvelanes_valid_9e23b38a28afe00f1d50dbe24fd0cc60.jpg,0.413,1,0.566,0.483,0.015,4
curvelanes,curvelanes_valid_9eb4204dd48d2b8dd7d12111730eae8b.jpg,0.237,1,0.795,0.556,0.146,4
curvelanes,curvelanes_valid_9ebea3ba0078963417d538795dfe39cd.jpg,0.709,0.571,0.725,0.639,0.026,4
curvelanes,curvelanes_valid_9ec96444f2b4e1dec821f15feab6af59.jpg,0.531,0.588,0.451,0.632,0.033,5
curvelanes,curvelanes_valid_9ed65fe73c9d0987fa84bafdcdc1b675.jpg,0.439,0.281,0.453,0.593,0.021,2
curvelanes,curvelanes_valid_9eec4d30e196ed4e5930307c32022675.jpg,0.707,0.262,0.784,0.655,0.058,6
curvelanes,curvelanes_valid_9f0621bf313724b87758f8186a41a96f.jpg,0.564,0.596,0.615,0.648,0.07,6
curvelanes,curvelanes_valid_9f3db8b20de4969ca7b128c07df791a4.jpg,0.678,0.767,0.636,0.546,0.014,6
curvelanes,curvelanes_valid_9f49027698700aee0d409219335a00d7.jpg,0.345,1,0.648,0.584,0.059,4
curvelanes,curvelanes_valid_9f59ef3388e916abd00c40091dad78ac.jpg,0.55,0.609,0.694,0.533,0.024,6
curvelanes,curvelanes_valid_9f693fb6fb1c3a26b008c68750ac0132.jpg,0.423,0.553,0.751,0.509,0.034,5
curvelanes,curvelanes_valid_9f6d198343b1566954475580a1d3fc2a.jpg,0.712,0.621,0.624,0.63,0.034,7
curvelanes,curvelanes_valid_9f8dce7a67448eb328e2046aaf0a1974.jpg,0.696,0.411,0.655,0.566,0.026,6
curvelanes,curvelanes_valid_a00ad6b6acb7b67fc28972ae782ce6af.jpg,0.155,1,0.781,0.548,0.018,5
curvelanes,curvelanes_valid_a01cadba6dd33a6b313a4c4be730be92.jpg,0.37,0.531,0.606,0.66,0.031,5
curvelanes,curvelanes_valid_a01d4494d4d0c1b2ac5d0e9b44d24118.jpg,0.608,0.442,0.772,0.574,0.023,5
curvelanes,curvelanes_valid_a02cd25837c5b472538a0d64c048282c.jpg,0.377,0.397,0.595,0.7,0.051,6
curvelanes,curvelanes_valid_a095814520c2afdd4a8d9f361d55ddd9.jpg,0.827,0.407,0.713,0.574,0.011,5
curvelanes,curvelanes_valid_a0bd1063210ff5ce16ca3d3ee6723aa2.jpg,0.861,0.428,0.646,0.46,0.056,4
curvelanes,curvelanes_valid_a0de9338fd040ff31f467052a5e2b68b.jpg,0.671,0.543,0.702,0.609,0.038,6
curvelanes,curvelanes_valid_a0e3699cd3995927c23bb32fa4251f19.jpg,0.725,0.451,0.808,0.564,0.016,5
curvelanes,curvelanes_valid_a124b616f4196439166cec110979ef15.jpg,0.5,0.528,0.603,0.604,0.036,3
curvelanes,curvelanes_valid_a13dd09b64bf8c0f35d99f4b3f477468.jpg,0.689,0.379,0.61,0.584,0.028,3
curvelanes,curvelanes_valid_a141b47499fb9f2e28423a40a57beb39.jpg,0.516,1,0.673,0.387,0.053,4
curvelanes,curvelanes_valid_a143fd3ed0f3bccd803ea874db91c215.jpg,0.502,0.448,0.708,0.555,0.037,3
curvelanes,curvelanes_valid_a14a8595f005babd18e27f7df40b0800.jpg,0.148,0.368,0.776,0.589,0.013,5
curvelanes,curvelanes_valid_a153adb2023da232f2a2a56fab497447.jpg,0.912,0.537,0.647,0.641,0.021,5
curvelanes,curvelanes_valid_a15cf55a71684f2987c79563f3f86e06.jpg,0.541,0.799,0.854,0.583,0.021,6
curvelanes,curvelanes_valid_a18a228aedcd0cc415c3b6d4ee5ac8fc.jpg,0.542,0.52,0.758,0.573,0.019,7
curvelanes,curvelanes_valid_a1a7ff3e3e0e86f5b4dbe578621bc43d.jpg,0.443,0.364,0.663,0.571,0.018,5
curvelanes,curvelanes_valid_a1b03d70a5876eebf17cd329bce1d6c4.jpg,0.931,0.407,0.807,0.439,0.047,3
curvelanes,curvelanes_valid_a20a1115fc4f52629b14384aa1d6c6bf.jpg,0.516,0.461,0.729,0.597,0.021,4
curvelanes,curvelanes_valid_a21bf567c241e9ee29f66428fcb0c7e4.jpg,0.631,0.634,0.755,0.633,0.02,3
curvelanes,curvelanes_valid_a225a4d2bf0fa72c79a838f9c9882106.jpg,0.544,0.434,0.741,0.621,0.027,5
curvelanes,curvelanes_valid_a2489845acbd0aa219ce73d444165cfc.jpg,0.461,0.828,0.694,0.64,0.046,5
curvelanes,curvelanes_valid_a24b080806e8a716cf2297b27bb4ab90.jpg,0.502,0.393,0.534,0.651,0.01,5
curvelanes,curvelanes_valid_a25dd8654fe007e12d2df21aa9a64248.jpg,0.668,0.616,0.698,0.55,0.027,7
curvelanes,curvelanes_valid_a260bb05dd0df5c0127fa8af01a4319b.jpg,0.869,0.57,0.681,0.57,0.013,4
curvelanes,curvelanes_valid_a297dd64822d857efef73e0b20555386.jpg,0.103,0.537,0.495,0.819,0.031,3
curvelanes,curvelanes_valid_a2a2a30c69efff3d2f013d80750a6984.jpg,0.531,0.356,0.699,0.654,0.018,6
curvelanes,curvelanes_valid_a2b52056ce4de2ecf51d30c74c9091e3.jpg,0.505,1,0.713,0.518,0.033,5
curvelanes,curvelanes_valid_a2cfa3cce1642917db286559b93964a9.jpg,0.258,0.315,0.655,0.465,0.02,4
curvelanes,curvelanes_valid_a2e5846f7966a38e526c874bae7fcf98.jpg,0.597,0.577,0.736,0.586,0.02,3
curvelanes,curvelanes_valid_a3107be7a26a465f4cca72e78e620e11.jpg,0.292,1,0.756,0.614,0.049,4
curvelanes,curvelanes_valid_a310892f5e0fe1cbeee3d92f64e0aa3b.jpg,0.876,0.45,0.716,0.635,0.03,5
curvelanes,curvelanes_valid_a31ce1d2958f692d118e70d560f53656.jpg,0.683,0.555,0.432,0.589,0.026,3
curvelanes,curvelanes_valid_a36c73f7ee0658e8e70dd29963b7af92.jpg,0.524,0.845,0.496,0.585,0.047,4
curvelanes,curvelanes_valid_a36cc47ee03d48be9bcc983265761dcb.jpg,0.718,0.562,0.805,0.602,0.015,6
curvelanes,curvelanes_valid_a37a7eade7a963d0057f264dd9edf26f.jpg,0.801,0.433,0.396,0.671,0.084,5
curvelanes,curvelanes_valid_a3a2fdd84e396c3f4847f133a9bd530d.jpg,0.527,0.515,0.71,0.656,0.009,5
curvelanes,curvelanes_valid_a3b75e19ffe6ea7eb462310f884126eb.jpg,0.46,0.455,0.74,0.609,0.047,7
curvelanes,curvelanes_valid_a3e73abb38727cfc9d23b6dcbe729493.jpg,0.354,0.59,0.846,0.553,0.041,6
curvelanes,curvelanes_valid_a409bd0116def9f9f10df0cd3b0ea4c4.jpg,0.487,0.806,0.624,0.458,0.032,4
curvelanes,curvelanes_valid_a41114344f28fde358bb71ed4752955f.jpg,0.381,0.808,0.558,0.669,0.026,3
curvelanes,curvelanes_valid_a427a51eb297208bebd63c705fce894a.jpg,0.266,1,0.718,0.656,0.009,5
curvelanes,curvelanes_valid_a43dbee5517e846594490df8772ba584.jpg,0.73,0.474,0.615,0.593,0.029,5
curvelanes,curvelanes_valid_a43f0e16cd27451b855238695ba9fc55.jpg,0.952,0.721,0.732,0.607,0.021,6
curvelanes,curvelanes_valid_a442d63d41812eedd1b9d21e4a4cc171.jpg,0.675,0.93,0.683,0.467,0.033,4
curvelanes,curvelanes_valid_a4504ca7cab5969290e18f07b2a5d7ae.jpg,0.416,0.98,0.737,0.534,0.043,6
curvelanes,curvelanes_valid_a468f2e6ca799a294e1b01b5725deaf0.jpg,0.229,1,0.724,0.581,0.043,4
curvelanes,curvelanes_valid_a47745a129ce87f9b1134b60090c1e66.jpg,0.502,0.517,0.63,0.612,0.021,4
curvelanes,curvelanes_valid_a494d8c34ef5e0b29816254901cf397b.jpg,0.409,0.501,0.699,0.568,0.017,5
curvelanes,curvelanes_valid_a4a1c42bcb17b4e92df1d488656c5e72.jpg,0.416,0.607,0.68,0.491,0.053,5
curvelanes,curvelanes_valid_a4b10fd744355d34dd03081614e08d9e.jpg,0.423,0.75,0.544,0.545,0.015,4
curvelanes,curvelanes_valid_a4d397fecb0342ae8fa131159c90c09a.jpg,0.658,0.48,0.493,0.579,0.017,3
curvelanes,curvelanes_valid_a4e4852f6432590d562658daeaa32bfc.jpg,0.34,0.999,0.699,0.528,0.022,4
curvelanes,curvelanes_valid_a4e4e7b8e8c05994fe399d565b3a1d7e.jpg,0.128,0.751,0.515,0.75,0.016,5
curvelanes,curvelanes_valid_a4e97682dd7fa9420e5c861ad6d5bd97.jpg,0.895,0.388,0.634,0.411,0.044,5
curvelanes,curvelanes_valid_a4f85932b1ea03ac1aa00c69b97a5903.jpg,0.767,0.404,0.693,0.566,0.027,6
curvelanes,curvelanes_valid_a4fb0d851d69144215662e2751da0158.jpg,0.323,0.193,0.673,0.699,0.023,7
curvelanes,curvelanes_valid_a50950fe041e78297a666b4fb042d882.jpg,0.757,0.574,0.812,0.572,0.028,5
curvelanes,curvelanes_valid_a523f9dd5730f1b1d466e0dc22fe865e.jpg,0.27,0.331,0.703,0.721,0.057,3
curvelanes,curvelanes_valid_a529a47a3486e52fa2ad5b3f1de09aef.jpg,0.317,0.68,0.707,0.536,0.026,7
curvelanes,curvelanes_valid_a5354c0d386bb666981c0874af03b089.jpg,0.615,0.594,0.842,0.579,0.03,5
curvelanes,curvelanes_valid_a58c730ec0dc7924c483ae87c38475ce.jpg,0.429,1,0.695,0.529,0.031,6
curvelanes,curvelanes_valid_a5b7ca55b0d89e925f5b1ca971a5cf16.jpg,0.821,0.61,0.393,0.472,0.016,2
curvelanes,curvelanes_valid_a5cc89459133639cee78b6401f765621.jpg,0.525,0.521,0.747,0.552,0.05,6
curvelanes,curvelanes_valid_a5d43078cd43cc533b77f2bb2c8f6af2.jpg,0.535,0.706,0.703,0.554,0.015,5
curvelanes,curvelanes_valid_a5e80124b773aa99d8daa9b7f4220853.jpg,0.264,0.67,0.679,0.569,0.026,4
curvelanes,curvelanes_valid_a5f955b946d9008ba6ac4100709ac974.jpg,0.682,0.537,0.456,0.591,0.031,5
curvelanes,curvelanes_valid_a601933ac95872d1681830e23a321424.jpg,0.609,1,0.633,0.527,0.032,5
curvelanes,curvelanes_valid_a66f0653ebe0dab1a4f64a90cfd47c60.jpg,0.614,0.527,0.806,0.615,0.016,5
curvelanes,curvelanes_valid_a679f689138ffa180ced94c9b715f4a7.jpg,0.135,1,0.843,0.464,0.045,5
curvelanes,curvelanes_valid_a680ae510475450a572e4654fd2d2078.jpg,0.431,0.562,0.728,0.608,0.019,6
curvelanes,curvelanes_valid_a6a0d0ebd273f9d609c19eae996735d4.jpg,0.581,1,0.677,0.563,0.013,5
curvelanes,curvelanes_valid_a6c0cc56e15ada6cf63413203a8d3e8c.jpg,0.804,0.416,0.595,0.568,0.043,6
curvelanes,curvelanes_valid_a6dbe311ec3bce4f2d253d2c8ee1c381.jpg,0.433,0.307,0.758,0.667,0.019,5
curvelanes,curvelanes_valid_a6e9363b07d8cebe820c582165513a3c.jpg,0.716,0.398,0.551,0.617,0.031,4
curvelanes,curvelanes_valid_a6fa4d4e9e39ff4f99d8c029f5615ebc.jpg,0.316,0.605,0.632,0.558,0.021,5
curvelanes,curvelanes_valid_a792e3c0afc99766f64a12920d05394f.jpg,0.503,0.463,0.712,0.597,0.041,4
curvelanes,curvelanes_valid_a794ac5d42e622537e6f3a2b211b743a.jpg,0.365,0.411,0.642,0.586,0.014,4
curvelanes,curvelanes_valid_a7debbcafeb58bec63df7a759832827d.jpg,0.287,1,0.815,0.646,0.059,5
curvelanes,curvelanes_valid_a7f17a555fb1dd4c3dcce507378fcd44.jpg,0.793,0.416,0.564,0.615,0.03,3
curvelanes,curvelanes_valid_a7fa8691a324bca4f1e0698b2791bd31.jpg,0.885,0.81,0.82,0.561,0.024,4
curvelanes,curvelanes_valid_a7ff49d26cb29268ce9be01ed946c0e2.jpg,0.914,0.436,0.706,0.577,0.016,7
curvelanes,curvelanes_valid_a81828a491273007e11757f18a75d52f.jpg,0.983,0.458,0.858,0.59,0.054,6
curvelanes,curvelanes_valid_a81892e2b011ba79ee55292560086a06.jpg,0.122,1,0.793,0.586,0.042,6
curvelanes,curvelanes_valid_a8652cda04bd6580e2a9a467e2c10688.jpg,0.348,0.684,0.693,0.493,0.131,5
curvelanes,curvelanes_valid_a8ad9b079db95b2840c0df58c35fbc00.jpg,0.782,0.394,0.708,0.511,0.022,5
curvelanes,curvelanes_valid_a8c19d894c058af41b272c36ee1426c6.jpg,0.735,0.552,0.679,0.557,0.061,5
curvelanes,curvelanes_valid_a8e5aee18c53c4ee6f456cc1cbe20872.jpg,0.487,0.49,0.687,0.593,0.014,4
curvelanes,curvelanes_valid_a904dbb96ef1864df1920468582dd328.jpg,0.878,0.377,0.798,0.7,0.032,7
curvelanes,curvelanes_valid_a92505785807940abe33440bf367cc05.jpg,0.822,0.629,0.436,0.504,0.028,5
curvelanes,curvelanes_valid_a93d1b9175409b1248282af577373d23.jpg,0.319,0.712,0.678,0.615,0.377,4
curvelanes,curvelanes_valid_a9579c973f49b9544a4d9631e618bb4a.jpg,0.711,0.496,0.695,0.624,0.028,3
curvelanes,curvelanes_valid_a979d698cb282675d4dce6a2cc4d1f2b.jpg,0.725,0.445,0.759,0.639,0.016,5
curvelanes,curvelanes_valid_a998dafbf213812523f001f65f79f0ea.jpg,0.582,0.385,0.821,0.601,0.033,8
curvelanes,curvelanes_valid_a99dd70a3499aac442511e4290dc8262.jpg,0.903,0.673,0.806,0.585,0.02,4
curvelanes,curvelanes_valid_a9b668294e316b9372fcafc5c9fced7c.jpg,0.68,0.456,0.74,0.666,0.021,4
curvelanes,curvelanes_valid_a9bccb87cc23866148a21c54c0359a1b.jpg,0.702,0.671,0.597,0.475,0.025,4
curvelanes,curvelanes_valid_a9f6079a4f8037445c80e7a2589312d9.jpg,0.566,1,0.659,0.549,0.028,6
curvelanes,curvelanes_valid_a9f881f39ff7738c3e9b0c363bbe9af3.jpg,0.778,0.532,0.778,0.614,0.015,6
curvelanes,curvelanes_valid_aa13db9fb314d13c48838dc4bbef332b.jpg,0.291,0.864,0.742,0.519,0.036,3
curvelanes,curvelanes_valid_aa16d4dfc7120630ea82321d349579dd.jpg,0.762,0.766,0.674,0.613,0.024,5
curvelanes,curvelanes_valid_aa237d790ff3272d8bef02bd2d86a640.jpg,0.771,0.405,0.764,0.584,0.019,8
curvelanes,curvelanes_valid_aa24bc9a2d8220d94ace65809f54d05c.jpg,0.541,1,0.708,0.624,0.017,4
curvelanes,curvelanes_valid_aa287e29bd010907a2f95f974461dba1.jpg,0.297,0.48,0.769,0.69,0.028,5
curvelanes,curvelanes_valid_aa3e69d0918300721cc071199205823d.jpg,0.588,0.446,0.755,0.545,0.039,7
curvelanes,curvelanes_valid_aa44e5bba8465cd09e4a6a3c92ca305c.jpg,0.411,0.825,0.739,0.609,0.043,3
curvelanes,curvelanes_valid_aa7d4c830d4e86c56b784268d3ef2aaa.jpg,0.16,1,0.879,0.315,0.01,4
curvelanes,curvelanes_valid_aa81bbf7d645752751531266576ef86a.jpg,0.781,0.391,0.727,0.487,0.027,4
curvelanes,curvelanes_valid_aa8bcb2dbf7c558e6edc12835b9a94e4.jpg,0.995,0.49,0.817,0.536,0.013,5
curvelanes,curvelanes_valid_aaa943088eebcb2940e6b17fe619010e.jpg,0.337,1,0.846,0.596,0.092,5
curvelanes,curvelanes_valid_aab83c9cf86fcfd07128f7b881e4e9e1.jpg,0.692,0.371,0.67,0.51,0.022,4
curvelanes,curvelanes_valid_aae2eaa143f3bbd7431f3f99d9dfe815.jpg,0.433,0.62,0.68,0.707,0.018,3
curvelanes,curvelanes_valid_aaef765a4792231fc830716700739d96.jpg,0.901,0.353,0.782,0.632,0.017,5
curvelanes,curvelanes_valid_aaf8273c7936365fec771b50a0954e5d.jpg,0.442,0.538,0.845,0.622,0.047,6
curvelanes,curvelanes_valid_ab074e2192bae010df8d175ebb1b360d.jpg,0.889,0.416,0.804,0.606,0.029,6
curvelanes,curvelanes_valid_ab182099535c0f64e599713631519418.jpg,0.307,1,0.644,0.657,0.02,3
curvelanes,curvelanes_valid_ab1b4d6da868dc87c5c565b0e09795ed.jpg,0.91,0.474,0.672,0.692,0.009,4
curvelanes,curvelanes_valid_ab2e83e29476776b79b75e1fe7741941.jpg,0.486,0.734,0.677,0.562,0.025,4
curvelanes,curvelanes_valid_ab3b21285ad07d57f332efb4317f6e57.jpg,0.439,0.409,0.683,0.707,0.049,5
curvelanes,curvelanes_valid_ab929908816b2dbceede0af8eba6955b.jpg,0.519,1,0.737,0.577,0.022,3
curvelanes,curvelanes_valid_abcf098f5abce87ecdd0baab19be8a4d.jpg,0.271,0.986,0.694,0.577,0.042,8
curvelanes,curvelanes_valid_abd1571876813151a3a5c67f3f194327.jpg,0.56,0.752,0.782,0.597,0.029,5
curvelanes,curvelanes_valid_abed35fc05865b3615ee60463591f3a8.jpg,0.309,1,0.684,0.589,0.029,4
curvelanes,curvelanes_valid_abff0eee8e7c110a31f427b0c088f182.jpg,0.326,0.91,0.739,0.548,0.03,4
curvelanes,curvelanes_valid_ac08956f1c93ce3ed641766d26ca17a1.jpg,0.187,0.91,0.632,0.703,0.048,3
curvelanes,curvelanes_valid_ac26c0ae420f4e0cb8aa3447fbf1e085.jpg,0.596,0.634,0.638,0.643,0.01,3
curvelanes,curvelanes_valid_ac81eadbda68989377bf92339ba9487a.jpg,0.304,0.728,0.535,0.738,0.041,2
curvelanes,curvelanes_valid_ac94f519148043169fe76709cd4a4bd6.jpg,0.464,0.39,0.677,0.659,0.013,5
curvelanes,curvelanes_valid_acadfe9454cfb78cf06243aa47cb651d.jpg,0.901,1,0.786,0.554,0.019,6
curvelanes,curvelanes_valid_ad095d17b9aa1f4af5856d2bd0cf1bc2.jpg,0.389,0.539,0.748,0.641,0.013,4
curvelanes,curvelanes_valid_ad0f21fd0e9cee2d7f109cc2a68fbd27.jpg,0.584,0.414,0.709,0.639,0.048,5
curvelanes,curvelanes_valid_ad2126304f91acd82a2d409104227aee.jpg,0.592,0.722,0.765,0.638,0.015,3
curvelanes,curvelanes_valid_ad2b9e116b6790c3e699183ca4cc56f3.jpg,0.406,0.58,0.61,0.714,0.052,5
curvelanes,curvelanes_valid_ad3f593d6f11fff85ac0f03ad73e43c1.jpg,0.578,0.534,0.764,0.354,0.04,5
curvelanes,curvelanes_valid_ad4a875c676a30e8bf862f7a887b7b05.jpg,0.123,1,0.776,0.612,0.037,5
curvelanes,curvelanes_valid_ad56a65fb3e4f589e7dd0ad3c555ce49.jpg,0.442,0.471,0.68,0.552,0.024,4
curvelanes,curvelanes_valid_ad70eb5ef0635b88008bcc1c84597383.jpg,0.243,1,0.697,0.67,0.029,3
curvelanes,curvelanes_valid_ada0b85a1d34911238b502a04dfbd9b4.jpg,0.675,0.527,0.737,0.571,0.029,6
curvelanes,curvelanes_valid_adae673aaffca2949aa7dd89d60e2acc.jpg,0.644,0.474,0.692,0.624,0.019,5
curvelanes,curvelanes_valid_ae2eafdf542d26a1662a4caeabfd0c27.jpg,0.252,1,0.779,0.567,0.024,5
curvelanes,curvelanes_valid_ae2f96678bcc827f872061d115116ba5.jpg,0.274,1,0.755,0.5,0.096,7
curvelanes,curvelanes_valid_ae5a3194c70f9ebaadbcf21a1947749f.jpg,0.637,0.518,0.671,0.602,0.027,6
curvelanes,curvelanes_valid_ae5b6e8c5ccea4e0fad0117613441f79.jpg,0.163,0.542,0.775,0.598,0.051,3
curvelanes,curvelanes_valid_ae8dcea49e1b78cd4d558db93e3d4c5f.jpg,0.667,0.388,0.736,0.553,0.016,7
curvelanes,curvelanes_valid_aee147d1385fe3fd30d5db5264e7fb67.jpg,0.63,0.46,0.492,0.623,0.057,4
curvelanes,curvelanes_valid_aee64478adca084a77fd1320633ebbbc.jpg,0.224,0.795,0.696,0.742,0.022,6
curvelanes,curvelanes_valid_aeebec5eccfc949426a5017b181a9128.jpg,0.449,0.655,0.674,0.667,0.015,6
curvelanes,curvelanes_valid_af0601e69181247a10f815904b63f787.jpg,0.593,0.36,0.773,0.621,0.062,6
curvelanes,curvelanes_valid_af56a5cb767dc25d9f5073e853044c80.jpg,0.49,0.485,0.751,0.5,0.029,5
curvelanes,curvelanes_valid_af64dc3add7c9990be0cf3ec4781bc29.jpg,0.63,0.492,0.401,0.556,0.031,3
curvelanes,curvelanes_valid_af8bbc296f1b9c51f9ed092e980c869f.jpg,0.784,0.502,0.834,0.59,0.016,5
curvelanes,curvelanes_valid_afa211af7e9b69808334de6730ab9b0f.jpg,0.104,0.787,0.712,0.569,0.011,5
curvelanes,curvelanes_valid_b03ec9aaefc7273f773820518807cc0c.jpg,0.456,0.896,0.697,0.609,0.027,4
curvelanes,curvelanes_valid_b05e660ef98c75068c22a4760b1b2f82.jpg,0.493,0.34,0.675,0.624,0.013,3
curvelanes,curvelanes_valid_b061f54f0a6f91e327c822f6eddc0f3d.jpg,0.932,0.592,0.706,0.51,0.038,7
curvelanes,curvelanes_valid_b0687193c3c5622d3c39e854ba4c23bf.jpg,0.611,0.633,0.518,0.62,0.064,5
curvelanes,curvelanes_valid_b07595d23a3ca08b7d5bcd7353fe5e2f.jpg,0.398,0.523,0.682,0.608,0.06,3
curvelanes,curvelanes_valid_b0959bdf7b788b7415694c26d7697338.jpg,0.457,0.925,0.686,0.613,0.026,7
curvelanes,curvelanes_valid_b0986c2707f8c4639d7132df5a687295.jpg,0.608,0.636,0.635,0.591,0.027,7
curvelanes,curvelanes_valid_b0eb9483f0f58001608d56ccf6f22075.jpg,0.387,0.227,0.752,0.653,0.061,3
curvelanes,curvelanes_valid_b0f3122076c0305891d945471b2dd98b.jpg,0.714,1,0.604,0.547,0.01,5
curvelanes,curvelanes_valid_b0f34751ebe35d3ab7469c9a514c5232.jpg,0.563,0.339,0.537,0.62,0.031,5
curvelanes,curvelanes_valid_b1077a3fe03685f6d42fa7e0d6c9daff.jpg,0.441,0.625,0.802,0.616,0.033,5
curvelanes,curvelanes_valid_b10e61caa82dc3ab1e10cd1dec23bda9.jpg,0.25,1,0.77,0.62,0.035,6
curvelanes,curvelanes_valid_b118dc0131e7964a6f70a9de20af16ce.jpg,0.357,0.868,0.758,0.633,0.016,5
curvelanes,curvelanes_valid_b17ef91fea0d8eb4b1202bbf07943512.jpg,0.785,0.605,0.737,0.608,0.038,5
curvelanes,curvelanes_valid_b184ac2f8ce8fcfe425f5e2ce1be85f1.jpg,0.58,0.505,0.856,0.602,0.018,6
curvelanes,curvelanes_valid_b1a2efa0cbc85647c04d60737ef3da5b.jpg,0.338,0.679,0.714,0.579,0.05,5
curvelanes,curvelanes_valid_b2091bd832f8bb1e8ce0a439df3e4f3f.jpg,0.415,1,0.758,0.65,0.028,7
curvelanes,curvelanes_valid_b21dd03e3b1d808f9a240ded20fbb30f.jpg,0.895,0.425,0.784,0.591,0.022,7
curvelanes,curvelanes_valid_b236349ec28a8320d8fe9f87704e8a3a.jpg,0.656,0.721,0.64,0.661,0.046,5
curvelanes,curvelanes_valid_b2468fcbbd995b4a57ac9018f16b3ac9.jpg,0.381,0.67,0.754,0.577,0.034,6
curvelanes,curvelanes_valid_b2488773b910289a23439333edcaa203.jpg,0.719,0.324,0.758,0.549,0.041,5
curvelanes,curvelanes_valid_b26040584a055047018f045c26a43088.jpg,0.491,0.595,0.768,0.563,0.065,6
curvelanes,curvelanes_valid_b26437dc1a6344389af3e18372b33a8b.jpg,0.894,0.529,0.757,0.532,0.027,7
curvelanes,curvelanes_valid_b267b614c4faa5e746550799b6582ffc.jpg,0.13,0.974,0.858,0.722,0.044,4
curvelanes,curvelanes_valid_b291bcb5afbf3a6094016c009fa4944b.jpg,0.513,0.513,0.642,0.632,0.015,4
curvelanes,curvelanes_valid_b29550e93aea112c6c549959994ca050.jpg,0.676,0.305,0.502,0.514,0.026,5
curvelanes,curvelanes_valid_b2977aa3c4c1e1a7ecd65fc6818a4f58.jpg,0.357,0.513,0.667,0.683,0.018,4
curvelanes,curvelanes_valid_b2ce36512d20131484174ed549f68755.jpg,0.275,0.82,0.736,0.647,0.036,3
curvelanes,curvelanes_valid_b2da571fb7db7b355a3883604b8280a5.jpg,0.48,0.802,0.675,0.596,0.023,5
curvelanes,curvelanes_valid_b3346280f0cae1a3758f677e5c138fbc.jpg,0.23,0.422,0.636,0.602,0.036,8
curvelanes,curvelanes_valid_b34851503c8d90a6164cd209d3680dee.jpg,0.461,0.584,0.482,0.688,0.017,4
curvelanes,curvelanes_valid_b362f202801ddb2b1b31c2a71607b570.jpg,0.937,0.409,0.674,0.648,0.027,3
curvelanes,curvelanes_valid_b37cc025f9cb1349c96e2ce4d374e0d8.jpg,0.392,0.646,0.72,0.625,0.017,5
curvelanes,curvelanes_valid_b37e3dc0bb0162ef124031b6fe789a66.jpg,0.232,0.853,0.667,0.633,0.016,5
curvelanes,curvelanes_valid_b3b1452d18878f2b047cd33994415b2f.jpg,0.627,0.713,0.746,0.583,0.043,6
curvelanes,curvelanes_valid_b3cb321afd7df149569610ba6ce627a9.jpg,0.583,0.34,0.761,0.612,0.032,8
curvelanes,curvelanes_valid_b413a3585be9c075ec9c49c51658a887.jpg,0.678,0.428,0.761,0.576,0.043,6
curvelanes,curvelanes_valid_b495b5e52bc78035f911273a9aaa8af5.jpg,0.667,0.3,0.614,0.706,0.013,3
curvelanes,curvelanes_valid_b4a9c6db5c5a297eeb8815651601443e.jpg,0.386,0.499,0.821,0.645,0.02,5
curvelanes,curvelanes_valid_b519fd18b7012f5d579b9e827c806e4e.jpg,0.264,0.756,0.659,0.629,0.034,6
curvelanes,curvelanes_valid_b55ac2a74106a94f1a9bab63286744ef.jpg,0.57,0.494,0.572,0.614,0.05,4
curvelanes,curvelanes_valid_b5716812695398ce05e59d03730f098d.jpg,0.617,1,0.69,0.499,0.041,4
curvelanes,curvelanes_valid_b5d1b80f1567e0af19ab71cc9dcbfd44.jpg,0.712,0.595,0.87,0.553,0.015,4
curvelanes,curvelanes_valid_b5d6f24dff6a9ae6bb7d04a46fd670e0.jpg,0.445,1,0.7,0.467,0.039,5
curvelanes,curvelanes_valid_b5dcce76db3625965e821e74eb98917a.jpg,0.392,1,0.784,0.488,0.027,6
curvelanes,curvelanes_valid_b610ccece461196917b869a4440c6ab2.jpg,0.241,1,0.736,0.528,0.022,5
curvelanes,curvelanes_valid_b64b264bf521baa486cd225f820f27ff.jpg,0.564,0.495,0.459,0.624,0.043,3
curvelanes,curvelanes_valid_b64d1feb87ef3088056443044c7a7cc6.jpg,0.741,0.524,0.577,0.669,0.026,5
curvelanes,curvelanes_valid_b683c26cba13add34b3d6033011bd012.jpg,0.802,0.844,0.575,0.539,0.021,5
curvelanes,curvelanes_valid_b6931acd67e9397e8844a90673ffba9c.jpg,0.166,1,0.759,0.478,0.037,4
curvelanes,curvelanes_valid_b6a68b5b9de63947173cb379ba61701e.jpg,0.541,1,0.664,0.499,0.044,5
curvelanes,curvelanes_valid_b6b32ab219c95d982f6d720423713a96.jpg,0.194,1,0.817,0.564,0.083,6
curvelanes,curvelanes_valid_b6bfe483c0416981a7df717821f8c753.jpg,0.522,0.424,0.819,0.616,0.031,5
curvelanes,curvelanes_valid_b6c67b78bbc106fd2e2abbafcbe536de.jpg,0.732,0.624,0.909,0.546,0.023,4
curvelanes,curvelanes_valid_b6d5a0f9213a8ea5cbedd56c6aa9e2a8.jpg,0.705,0.374,0.636,0.652,0.026,4
curvelanes,curvelanes_valid_b72d19d00541790c0321847bf3082507.jpg,0.451,0.236,0.496,0.61,0.046,2
curvelanes,curvelanes_valid_b73bceff79b072f87ce213f24d11e9ac.jpg,0.405,0.628,0.623,0.715,0.024,5
curvelanes,curvelanes_valid_b7669bd810d34357c37b1355a3840385.jpg,0.446,1,0.597,0.464,0.037,5
curvelanes,curvelanes_valid_b767c3c7285f5c13db1e7e1867ff7318.jpg,0.232,1,0.73,0.651,0.016,4
curvelanes,curvelanes_valid_b78e90aa1a3b5eb487b13821e0e9cc52.jpg,0.854,0.655,0.824,0.609,0.024,7
curvelanes,curvelanes_valid_b78eb246cd3dd883eb4ce4de142c1a59.jpg,0.729,0.9,0.776,0.539,0.029,4
curvelanes,curvelanes_valid_b78f41d326d7827e331043bbb88a395c.jpg,0.391,1,0.77,0.506,0.034,5
curvelanes,curvelanes_valid_b7add42b827eacbeb8f5db0c5f1e7cc6.jpg,0.468,0.418,0.519,0.734,0.025,6
curvelanes,curvelanes_valid_b7cf378c8ff52eec2cd381d9658240e4.jpg,0.5,0.443,0.721,0.581,0.025,6
curvelanes,curvelanes_valid_b7ddb340e1b8bbc24f5c51d0edd9e275.jpg,0.474,0.414,0.513,0.673,0.008,4
curvelanes,curvelanes_valid_b7e3dc4cb9c82cb8c3ad90eca5fe79fa.jpg,0.771,0.712,0.785,0.396,0.021,3
curvelanes,curvelanes_valid_b846746a199e3d5cf5e64511028a5d18.jpg,0.294,0.869,0.604,0.687,0.035,5
curvelanes,curvelanes_valid_b85831f3549e929fae2f1f863a64eb3c.jpg,0.382,0.422,0.645,0.613,0.05,3
curvelanes,curvelanes_valid_b85a3e70368006616f312a34ed1e3c91.jpg,0.526,0.545,0.596,0.648,0.038,4
curvelanes,curvelanes_valid_b8c6efa242b03378e46c4e08cf621f46.jpg,0.847,0.345,0.618,0.692,0.023,3
curvelanes,curvelanes_valid_b8c8cf5b81e3f52cacc46a9a40be7b98.jpg,0.788,0.658,0.714,0.521,0.017,4
curvelanes,curvelanes_valid_b8ca129b803da2e82541c645432216fc.jpg,0.866,0.452,0.461,0.603,0.024,6
curvelanes,curvelanes_valid_b901010221b4ddfd0e0baf54745a2096.jpg,0.448,0.946,0.667,0.572,0.017,4
curvelanes,curvelanes_valid_b9286610bae10120400fca36f9a933f2.jpg,0.382,1,0.751,0.55,0.03,7
curvelanes,curvelanes_valid_b93f4878ee09e2fb2c5298adfd4efc77.jpg,0.621,0.971,0.648,0.626,0.062,5
curvelanes,curvelanes_valid_b94e3793ffa9f141fb3d8acf14da0247.jpg,0.851,0.723,0.68,0.6,0.126,6
curvelanes,curvelanes_valid_b9505d830e40e8f32e3adc259c789bd0.jpg,0.593,0.84,0.646,0.599,0.024,3
curvelanes,curvelanes_valid_b9535734737ffec069257bfa5015bf83.jpg,0.223,1,0.768,0.548,0.02,6
curvelanes,curvelanes_valid_b95878bfab8000dda29ed51a1d5e557d.jpg,0.119,0.527,0.658,0.731,0.028,3
curvelanes,curvelanes_valid_b97acdbe564d92879e72e3043f9ca0ab.jpg,0.92,0.587,0.716,0.577,0.024,6
curvelanes,curvelanes_valid_b999b5f130673edf8c535d570a80fcdf.jpg,0.463,1,0.677,0.603,0.02,7
curvelanes,curvelanes_valid_b9a2b887f8e7e5affdb19bf89d61b614.jpg,0.216,0.569,0.584,0.67,0.043,4
curvelanes,curvelanes_valid_b9b40fa50f1cd8bebec959edf2d69099.jpg,0.969,0.463,0.589,0.669,0.033,4
curvelanes,curvelanes_valid_b9bb41865a0586c39b5bbe33b17c82b5.jpg,0.312,0.936,0.782,0.379,0.043,5
curvelanes,curvelanes_valid_b9d4a1067d964eb4bfc53cd98272571c.jpg,0.398,0.955,0.83,0.531,0.019,5
curvelanes,curvelanes_valid_b9f329a3a6ce42ca2f0c2fe57483443e.jpg,0.778,0.588,0.767,0.53,0.021,4
curvelanes,curvelanes_valid_ba1bbfa72e1e0ef49aef1b0cbbae291b.jpg,0.819,0.554,0.755,0.61,0.034,5
curvelanes,curvelanes_valid_ba236913536f15f4d5e7b61c0f9bfcfc.jpg,0.674,0.735,0.682,0.528,0.027,6
curvelanes,curvelanes_valid_ba2782e34a463b59244aa8382e8a51c6.jpg,0.768,0.424,0.803,0.551,0.011,6
curvelanes,curvelanes_valid_ba76c51a2fc3dbe9e67d4e8264fef254.jpg,0.609,0.553,0.644,0.583,0.013,6
curvelanes,curvelanes_valid_ba83d596cb7e63416fe34d1734ba0c98.jpg,0.619,0.546,0.526,0.591,0.038,5
curvelanes,curvelanes_valid_ba8d7cafbf8e6eb924873924334dcd2d.jpg,0.92,0.346,0.64,0.666,0.082,6
curvelanes,curvelanes_valid_ba95d3bd67edf427eae4b7e611419a4c.jpg,0.845,0.326,0.612,0.625,0.053,9
curvelanes,curvelanes_valid_ba965da4f0a1116eac7ef2952f3c47d2.jpg,0.668,0.28,0.823,0.516,0.03,6
curvelanes,curvelanes_valid_ba98eba791d1793170ac5ad2c07c08d1.jpg,0.513,0.468,0.614,0.562,0.032,5
curvelanes,curvelanes_valid_baa084962d3334d3833b7c42fd427407.jpg,0.483,0.629,0.693,0.604,0.029,6
curvelanes,curvelanes_valid_bac6d0332f5c4cec8796cc8f30b35a8d.jpg,0.06,0.624,0.685,0.72,0.057,4
curvelanes,curvelanes_valid_bad3070dfff05c89cf21222c76b42efd.jpg,0.827,0.503,0.48,0.575,0.034,6
curvelanes,curvelanes_valid_baf022d4409cd317406dfa97b527e8c9.jpg,0.402,0.747,0.833,0.635,0.049,7
curvelanes,curvelanes_valid_bb12560ec3b686c8abf3ac2b0e5d2593.jpg,0.405,0.944,0.731,0.5,0.025,4
curvelanes,curvelanes_valid_bb297244498ba79c6f8d32dbea2b0207.jpg,0.166,0.386,0.688,0.538,0.022,3
curvelanes,curvelanes_valid_bb3ceb73c030eb96069c5ed6f12cf45f.jpg,0.534,0.448,0.65,0.604,0.021,6
curvelanes,curvelanes_valid_bb5d437219a8826bed0e0858dd1012bc.jpg,0.728,0.359,0.738,0.597,0.015,7
curvelanes,curvelanes_valid_bb7b65ffc180e673b1fd868c633a4c48.jpg,0.851,0.76,0.767,0.633,0.035,5
curvelanes,curvelanes_valid_bb8860fd73bf0897a1b4fae777960723.jpg,1,0.661,0.465,0.507,0.039,3
curvelanes,curvelanes_valid_bbc8b1a257e2e0e3e2118112148a5916.jpg,0.681,0.368,0.84,0.65,0.027,5
curvelanes,curvelanes_valid_bbd415db4cb251a081e699b0db72b7b8.jpg,0.187,1,0.799,0.628,0.026,5
curvelanes,curvelanes_valid_bbf7508dea79637516e1ee2c3e83a8d0.jpg,0.801,0.501,0.823,0.624,0.032,6
curvelanes,curvelanes_valid_bc09b736a41c97df0624427db6957017.jpg,0.901,0.53,0.693,0.536,0.029,7
curvelanes,curvelanes_valid_bc1fc2cf69b6689aa730dbb9c0577506.jpg,0.636,0.526,0.706,0.598,0.023,5
curvelanes,curvelanes_valid_bc542d7196291ba063211a91b9c84a0a.jpg,0.416,0.829,0.732,0.612,0.026,4
curvelanes,curvelanes_valid_bc6c4e46f0a0eac3c3feb38d8e3ca801.jpg,0.369,0.463,0.719,0.692,0.015,3
curvelanes,curvelanes_valid_bc7cf7998d4bfd976b0b413cd746b238.jpg,0.771,0.505,0.774,0.575,0.02,6
curvelanes,curvelanes_valid_bc7d866a92c294015b95380ca8840f3d.jpg,0.191,0.838,0.61,0.562,0.026,3
curvelanes,curvelanes_valid_bca727a520246eac8144769cdb240b65.jpg,0.567,0.773,0.722,0.49,0.012,8
curvelanes,curvelanes_valid_bcf336e40300263c4ee2d3734c8e813a.jpg,0.872,0.518,0.739,0.614,0.026,8
curvelanes,curvelanes_valid_bcff1bc5006128c017190df1a0763140.jpg,0.977,0.382,0.594,0.592,0.02,5
curvelanes,curvelanes_valid_bd265fc3cfeb3dc277be5d0c57ddab1c.jpg,0.654,0.466,0.71,0.577,0.012,5
curvelanes,curvelanes_valid_bd5fcf9fbd6a702144bf8e2f7f7ff609.jpg,0.149,0.721,0.649,0.658,0.077,4
curvelanes,curvelanes_valid_bd6c75440a008fe41c46f0a5c89d3abe.jpg,0.517,0.963,0.777,0.519,0.024,5
curvelanes,curvelanes_valid_bd885a5fa1f59bd57cd7d31069b49bf1.jpg,0.519,0.348,0.833,0.624,0.031,5
curvelanes,curvelanes_valid_bd9d6043152e115c0e7d80f0798dde02.jpg,0.415,0.366,0.693,0.742,0.019,5
curvelanes,curvelanes_valid_bdaa7cfc2558bbd0caae86621dc3b3ee.jpg,0.662,0.344,0.559,0.722,0.037,6
curvelanes,curvelanes_valid_bdb15a089d40b7b097b2861a7ad466f4.jpg,0.397,0.393,0.59,0.662,0.014,4
curvelanes,curvelanes_valid_bddbe066faeb96f5a23d9ee7937a348f.jpg,0.484,0.621,0.71,0.639,0.025,5
curvelanes,curvelanes_valid_bde19c03183e2a6148d82d73bea82ded.jpg,0.635,0.569,0.587,0.535,0.034,6
curvelanes,curvelanes_valid_bde1c05885bd259593da2e32bc40733b.jpg,0.207,1,0.747,0.631,0.014,3
curvelanes,curvelanes_valid_be0e3088f9d8f9856788c4af27492540.jpg,0.523,0.678,0.658,0.581,0.016,5
curvelanes,curvelanes_valid_be51780d24bafaef47d08044ef95ed08.jpg,0.436,0.393,0.256,0.619,0.03,4
curvelanes,curvelanes_valid_be553f9b1e305d6596bcd0b9e6baecf3.jpg,0.868,0.532,0.675,0.425,0.031,3
curvelanes,curvelanes_valid_bea824ad759f296ba6f665f85f223cf1.jpg,0.208,0.43,0.557,0.63,0.035,3
curvelanes,curvelanes_valid_bead2e6a492db498255d9e93ce68b50b.jpg,0.638,0.922,0.707,0.616,0.044,5
curvelanes,curvelanes_valid_beb1bbda1608c64e51207ffffc320b2f.jpg,0.711,0.363,0.722,0.53,0.032,3
curvelanes,curvelanes_valid_bef5d0d5b6887e199e8d7f2f96ebe76f.jpg,0.157,1,0.788,0.521,0.015,4
curvelanes,curvelanes_valid_bf03303906a0d7e63ee3beda61f750b0.jpg,0.707,0.949,0.739,0.6,0.032,4
curvelanes,curvelanes_valid_bf60630217b4994a8bdb8172d1a03005.jpg,0.355,0.374,0.756,0.629,0.055,5
curvelanes,curvelanes_valid_bf8138ff629adb022a4d222344475044.jpg,0.366,0.371,0.751,0.62,0.02,3
curvelanes,curvelanes_valid_bfc685ff6fc97d09586f7a22c2120bc2.jpg,0.951,0.391,0.655,0.637,0.021,5
curvelanes,curvelanes_valid_bfec1d3848ce1cf719ddcb7ff9e6ac3f.jpg,0.617,0.397,0.769,0.678,0.032,6
curvelanes,curvelanes_valid_c009eb3b7f81c52846763415c353467d.jpg,0.248,1,0.835,0.53,0.045,3
curvelanes,curvelanes_valid_c0522c6a72528f4df05ff4cc88fa03c9.jpg,0.856,0.897,0.708,0.435,0.031,5
curvelanes,curvelanes_valid_c05868923fd8f7496ef82decf1140115.jpg,0.166,1,0.749,0.511,0.022,6
curvelanes,curvelanes_valid_c05eb0241d88af08809e7f98e178119f.jpg,0.628,0.473,0.763,0.645,0.012,5
curvelanes,curvelanes_valid_c0e10472d139b37e6e0764c6446c37e5.jpg,0.545,0.862,0.625,0.581,0.024,5
curvelanes,curvelanes_valid_c0ed8bdbd5c458f70ed44002d59b738a.jpg,0.764,0.672,0.584,0.61,0.016,5
curvelanes,curvelanes_valid_c0fb2acc6b77f1f3156ea0f4dbd1390a.jpg,0.601,0.52,0.722,0.628,0.018,5
curvelanes,curvelanes_valid_c10e9fda3ded5cba59c77ceda05ea536.jpg,0.657,0.931,0.645,0.552,0.039,5
curvelanes,curvelanes_valid_c1162e1ea32333643317e9cacafed254.jpg,0.62,0.374,0.542,0.639,0.012,5
curvelanes,curvelanes_valid_c120ed34d44837bd8204ca81b5e35c8a.jpg,0.846,0.568,0.683,0.614,0.013,3
curvelanes,curvelanes_valid_c128bb6d472e85f14a66bf8ad3036813.jpg,0.272,0.682,0.683,0.671,0.029,3
curvelanes,curvelanes_valid_c14691906a1a80a0c3b110f3a3b58c51.jpg,0.395,0.984,0.693,0.496,0.016,5
curvelanes,curvelanes_valid_c15e95e111a28265e55c1e50e9f4b787.jpg,0.367,0.649,0.66,0.644,0.024,3
curvelanes,curvelanes_valid_c163657c8e41820952e587f72a5158d4.jpg,0.469,0.837,0.648,0.583,0.022,6
curvelanes,curvelanes_valid_c18d95e9ac61d50190740088dd5a3a23.jpg,0.248,0.702,0.582,0.655,0.014,4
curvelanes,curvelanes_valid_c18e1f9b325c25151277351232bc181f.jpg,0.26,1,0.787,0.639,0.066,5
curvelanes,curvelanes_valid_c19d7014a0e4745601e5c398081dbbec.jpg,0.547,0.72,0.549,0.596,0.016,3
curvelanes,curvelanes_valid_c1d25d373a0fa60c625c622cd1db96a1.jpg,0.103,0.4,0.669,0.615,0.063,3
curvelanes,curvelanes_valid_c1d82a2594b6640c607c4328c32e08a5.jpg,0.438,0.972,0.672,0.625,0.03,4
curvelanes,curvelanes_valid_c20733d76e605908d6b8e6aa6071042d.jpg,0.462,0.822,0.836,0.562,0.028,5
curvelanes,curvelanes_valid_c20b1ed5b8f4e6c35d193800394f8b2a.jpg,0.668,0.686,0.816,0.587,0.025,4
curvelanes,curvelanes_valid_c2298f3685f19239371f88bf55e3e1b8.jpg,0.744,0.434,0.798,0.568,0.021,6
curvelanes,curvelanes_valid_c24e5460313d88cf2f47966c56ac5887.jpg,0.398,0.932,0.623,0.654,0.01,6
curvelanes,curvelanes_valid_c26a72239ad4bf9f71266c9215475c1a.jpg,0.165,1,0.705,0.611,0.031,5
curvelanes,curvelanes_valid_c278090d0b113af5b847a60cbe807a28.jpg,0.447,0.678,0.537,0.685,0.033,3
curvelanes,curvelanes_valid_c278e78c0b1a0d312bc14a94167727cc.jpg,0.335,0.766,0.687,0.608,0.027,5
curvelanes,curvelanes_valid_c2af4856f93254227798c4ac4c97d6a0.jpg,0.233,1,0.618,0.717,0.05,3
curvelanes,curvelanes_valid_c2d07af2a51584c2348e4bce954de219.jpg,0.667,0.353,0.566,0.612,0.018,4
curvelanes,curvelanes_valid_c2e18f79781c7c8ef0193bc18553e6bd.jpg,0.131,0.984,0.682,0.45,0.024,5
curvelanes,curvelanes_valid_c2e5547971325686ecd203ff0d8b801f.jpg,0.724,0.369,0.748,0.651,0.015,6
curvelanes,curvelanes_valid_c34843c7ed355f4e53874cea3e5a855c.jpg,0.894,0.414,0.676,0.481,0.055,3
curvelanes,curvelanes_valid_c34a0837468f91a4643a08e070162d2f.jpg,0.663,0.57,0.643,0.549,0.014,3
curvelanes,curvelanes_valid_c37e82ef16e88c410e4afa73f9eab59a.jpg,0.558,0.81,0.789,0.523,0.037,6
curvelanes,curvelanes_valid_c399d8d93a1cb56a8fc6732724651cc6.jpg,0.311,0.797,0.652,0.728,0.011,5
curvelanes,curvelanes_valid_c3df81f4e3a53c4f002311f149179444.jpg,0.801,0.618,0.7,0.436,0.019,3
curvelanes,curvelanes_valid_c3e1f4c777fb36d60fb8175d4735ae80.jpg,1,0.403,0.601,0.485,0.03,5
curvelanes,curvelanes_valid_c44fa0ea44f8884c623e9a2857595ce3.jpg,0.471,0.329,0.826,0.589,0.022,6
curvelanes,curvelanes_valid_c450a6c4a77c49bb951d51d54c5bd1de.jpg,0.163,1,0.791,0.609,0.025,5
curvelanes,curvelanes_valid_c4533ff9328950e76239c4a63f526827.jpg,0.611,0.614,0.748,0.563,0.031,6
curvelanes,curvelanes_valid_c475ec3b3942d9fa948f53f3a3a3539e.jpg,0.811,0.481,0.727,0.615,0.017,4
curvelanes,curvelanes_valid_c4761282bce559d26c355c0029c09ab9.jpg,0.669,0.879,0.702,0.609,0.014,4
curvelanes,curvelanes_valid_c477435ef3c366fce91340b9ff4c04ee.jpg,0.262,1,0.695,0.579,0.112,7
curvelanes,curvelanes_valid_c498823569976172fd661dce9aa0cd90.jpg,0.38,0.331,0.641,0.669,0.044,4
curvelanes,curvelanes_valid_c4a5ddcde3e2d58b8ba603b2c3ff7e6c.jpg,0.302,1,0.653,0.455,0.072,4
curvelanes,curvelanes_valid_c4b1197eb72728b7bd067173d7e7fbf7.jpg,0.202,0.734,0.755,0.617,0.044,5
curvelanes,curvelanes_valid_c4bf8defffdf8a298c6a542eac307898.jpg,0.36,0.496,0.649,0.635,0.013,5
curvelanes,curvelanes_valid_c51b089d40b3dc7074503030de846263.jpg,0.875,0.476,0.757,0.535,0.021,5
curvelanes,curvelanes_valid_c51c52440409a042d8a5ff93bfb8b984.jpg,0.648,0.38,0.784,0.595,0.026,5
curvelanes,curvelanes_valid_c54522924d6eaa594f521252b88b30e0.jpg,0.538,0.554,0.627,0.666,0.044,5
curvelanes,curvelanes_valid_c550d66a73656ed4069be05510d466cf.jpg,0.63,0.754,0.749,0.55,0.013,4
curvelanes,curvelanes_valid_c55e212891468be4e099270d4537c0b5.jpg,0.522,0.822,0.612,0.59,0.033,4
curvelanes,curvelanes_valid_c58f5118caf0c8eabee14e2098052fef.jpg,0.421,0.819,0.676,0.67,0.52,3
curvelanes,curvelanes_valid_c5b88a5fbfba33061906419e83d22a5d.jpg,0.631,0.906,0.562,0.614,0.02,4
curvelanes,curvelanes_valid_c5f382467a39e2ce68e3adbe8489237b.jpg,0.247,0.678,0.573,0.613,0.041,3
curvelanes,curvelanes_valid_c67c2ddce448a5520e2cad253cbe9eeb.jpg,0.38,0.5,0.611,0.62,0.04,4
curvelanes,curvelanes_valid_c68622e3fd4cbc095a208440ac78ca1b.jpg,0.72,0.378,0.627,0.629,0.041,6
curvelanes,curvelanes_valid_c6a58ccbec593fef883542b562da741d.jpg,0.52,1,0.587,0.653,0.044,5
curvelanes,curvelanes_valid_c6b55086df8e82928024d7eaddc8aeed.jpg,0.333,0.816,0.586,0.623,0.037,4
curvelanes,curvelanes_valid_c6bdb0374b88cc11e667e940951f33f2.jpg,0.678,0.527,0.51,0.621,0.021,6
curvelanes,curvelanes_valid_c6c083ad01b2a4790ae0ee629513ba11.jpg,0.487,0.443,0.573,0.607,0.028,4
curvelanes,curvelanes_valid_c6d2f605653468bbef2b9d5370da6452.jpg,0.472,0.502,0.757,0.554,0.02,5
curvelanes,curvelanes_valid_c6d522c375ab0269408e923c4229b221.jpg,0.627,0.348,0.369,0.678,0.042,3
curvelanes,curvelanes_valid_c6d837b6b8f10509354bd190bf946135.jpg,0.706,0.345,0.424,0.618,0.045,7
curvelanes,curvelanes_valid_c72582b3edf1aa7c0887f41aa19dfcfa.jpg,0.232,1,0.75,0.648,0.023,4
curvelanes,curvelanes_valid_c742fcfb511b08c8d0725cd50adcdfab.jpg,0.435,0.693,0.654,0.638,0.029,5
curvelanes,curvelanes_valid_c748d856a2740f972065016862d2f71b.jpg,0.555,0.44,0.704,0.574,0.042,6
curvelanes,curvelanes_valid_c752c0a65f13c6a07f041d6a613adf80.jpg,0.287,0.44,0.641,0.497,0.055,2
curvelanes,curvelanes_valid_c7831f387a4c404ca6729552e47e18ce.jpg,0.484,0.454,0.661,0.699,0.02,6
curvelanes,curvelanes_valid_c7ac5a536f84623cb18f2bf439b9ecc4.jpg,0.834,0.391,0.645,0.642,0.017,5
curvelanes,curvelanes_valid_c7b8851f1a0517002d30f1404f629181.jpg,0.367,0.291,0.638,0.673,0.032,8
curvelanes,curvelanes_valid_c7e67f6d60307cad20fb132b2348babe.jpg,0.883,1,0.707,0.491,0.067,6
curvelanes,curvelanes_valid_c7f2e38e46c231c044397872e577ba49.jpg,0.312,0.916,0.633,0.616,0.01,3
curvelanes,curvelanes_valid_c7fbe707bbab7c9a09c5aa48277b6dc0.jpg,0.183,1,0.862,0.61,0.046,3
curvelanes,curvelanes_valid_c80146986e343e2ff90bdea570b5cfbd.jpg,0.723,1,0.746,0.495,0.031,6
curvelanes,curvelanes_valid_c80a1f19b05abcc046c2389a04ebc999.jpg,0.596,0.441,0.708,0.661,0.014,4
curvelanes,curvelanes_valid_c86d2a5d7852db9e04558e59726a0d77.jpg,0.639,0.531,0.602,0.643,0.025,3
curvelanes,curvelanes_valid_c872c6d3061934cc31712caecfa5e8b9.jpg,0.439,1,0.625,0.532,0.032,7
curvelanes,curvelanes_valid_c891b3422ab78b4291d6e31e36ff2c85.jpg,0.414,1,0.776,0.566,0.047,5
curvelanes,curvelanes_valid_c8936c0c18b04519cbe120f51d633bf4.jpg,0.64,0.478,0.608,0.602,0.036,3
curvelanes,curvelanes_valid_c8a4fd4723ac846492c21568a2c2ac62.jpg,0.399,0.334,0.612,0.629,0.019,3
curvelanes,curvelanes_valid_c8db93c4b687433bac64c896c4552d83.jpg,0.382,0.61,0.43,0.744,0.072,4
curvelanes,curvelanes_valid_c8fe0a4222cb1ef3c28ba13a9b9ee618.jpg,0.564,0.442,0.704,0.687,0.019,6
curvelanes,curvelanes_valid_c90514c97c16a1c294b917e61580ae9f.jpg,0.319,1,0.68,0.667,0.038,4
curvelanes,curvelanes_valid_c907f42df87381c7796ce4358631ec0f.jpg,0.466,0.891,0.644,0.617,0.019,4
curvelanes,curvelanes_valid_c9192092e60b862ecbb8ea0a30cfa68f.jpg,0.238,1,0.83,0.497,0.038,4
curvelanes,curvelanes_valid_c91bf18de6a8651b2668d0dacd05036a.jpg,0.464,0.372,0.786,0.561,0.02,5
curvelanes,curvelanes_valid_c9269f933aa4ea0e762c0eb116cd4994.jpg,0.442,0.556,0.518,0.677,0.021,3
curvelanes,curvelanes_valid_c936ecd10e5d0eac5c358a84ada4db9e.jpg,0.292,0.744,0.611,0.705,0.038,3
curvelanes,curvelanes_valid_c95aab21a3d4639e4c0ba615599cfc82.jpg,0.447,1,0.82,0.463,0.082,6
curvelanes,curvelanes_valid_c973cd7ff0a038d8359ae086e8bf35ab.jpg,0.566,0.572,0.751,0.596,0.017,7
curvelanes,curvelanes_valid_c97cfe65b34dd9ab42a38018def09721.jpg,0.658,0.408,0.709,0.632,0.017,6
curvelanes,curvelanes_valid_c9839cc91bd8656bbb2057c012d3515c.jpg,0.379,0.786,0.667,0.67,0.029,5
curvelanes,curvelanes_valid_c9b9a3be4c874658e44709534d63a446.jpg,0.681,0.74,0.652,0.658,0.022,5
curvelanes,curvelanes_valid_c9da4328de50c375eb8e1bc5a70e790c.jpg,0.645,1,0.726,0.525,0.027,4
curvelanes,curvelanes_valid_ca004d43fae62a1d76d517e6a5cb6cc5.jpg,0.489,0.349,0.642,0.698,0.016,5
curvelanes,curvelanes_valid_ca2349d76d1c62f8a341ece5fc0dcf96.jpg,0.867,0.501,0.744,0.574,0.046,7
curvelanes,curvelanes_valid_ca56734789d442d6834fec171fe5068d.jpg,0.474,0.608,0.417,0.688,0.031,6
curvelanes,curvelanes_valid_ca763e70ab63a6bbc313142fe341a4c1.jpg,0.807,0.685,0.647,0.522,0.05,6
curvelanes,curvelanes_valid_caa1fea3cabda04d1b5b37e675c751a5.jpg,0.695,0.323,0.757,0.573,0.029,5
curvelanes,curvelanes_valid_cac681a7ebef2994f2e198fb4d4a85c9.jpg,0.589,0.745,0.609,0.634,0.048,5
curvelanes,curvelanes_valid_cacc8a60363e31318af160025552b10d.jpg,0.506,0.861,0.738,0.51,0.112,7
curvelanes,curvelanes_valid_cacdb1d819f523dded668af24e284d6a.jpg,0.177,0.693,0.672,0.67,0.037,3
curvelanes,curvelanes_valid_cae0fa4f0854043fc80194f3a41aa3b4.jpg,0.373,1,0.723,0.457,0.021,4
curvelanes,curvelanes_valid_cae7d1803801bbf2e9a47eb4fac73208.jpg,0.805,0.436,0.719,0.697,0.015,5
curvelanes,curvelanes_valid_cb04607c73208e6d1b4b24f5e2e12c20.jpg,0.655,0.516,0.759,0.614,0.059,7
curvelanes,curvelanes_valid_cb08cf32794dc076ef081bb1ac1b0ada.jpg,0.431,0.529,0.738,0.632,0.023,5
curvelanes,curvelanes_valid_cb1019f523b5ab3bb4c6c89d266221ec.jpg,0.932,0.729,0.748,0.549,0.02,4
curvelanes,curvelanes_valid_cb8112e23e94f4bc1d151d3632bdb2ee.jpg,0.365,0.788,0.6,0.542,0.023,3
curvelanes,curvelanes_valid_cb934665958cd0efa044251028cf0715.jpg,0.787,0.302,0.755,0.688,0.02,5
curvelanes,curvelanes_valid_cb9a6032ef98f58210debfb4d45a5408.jpg,0.296,1,0.785,0.408,0.012,5
curvelanes,curvelanes_valid_cbff6d21e22a273cdc575be61099f9fd.jpg,0.497,0.485,0.732,0.65,0.016,6
curvelanes,curvelanes_valid_cc0907573fa46c6a560aa5a4815fc1cf.jpg,0.711,0.817,0.693,0.576,0.032,6
curvelanes,curvelanes_valid_cc7949ba572205e72a0f2945d9aa370d.jpg,0.194,1,0.808,0.581,0.033,3
curvelanes,curvelanes_valid_cc7f5390c64fbf268a07493d4f6e1617.jpg,0.226,1,0.687,0.545,0.039,6
curvelanes,curvelanes_valid_cc9d703caed23be8b61a7db7c299a61d.jpg,0.29,1,0.846,0.539,0.037,7
curvelanes,curvelanes_valid_cca3404862d287363a120c100de550bd.jpg,0.257,0.32,0.601,0.691,0.014,3
curvelanes,curvelanes_valid_ccbf9939b5a71e21a2ad5ede4b9b101e.jpg,0.599,0.471,0.656,0.681,0.052,5
curvelanes,curvelanes_valid_cce7b07b221b700872e28d382d54ccdc.jpg,0.309,0.728,0.646,0.629,0.009,6
curvelanes,curvelanes_valid_ccf12939ebff3767dd56c79d8b4b4452.jpg,0.195,0.567,0.59,0.46,0.041,3
curvelanes,curvelanes_valid_ccfbf086a51b07e1724d87bf08d837d7.jpg,0.353,1,0.732,0.617,0.046,4
curvelanes,curvelanes_valid_cd02d79736bdb945a99708858cb2fc28.jpg,0.203,1,0.812,0.48,0.044,5
curvelanes,curvelanes_valid_cd0391474483c4853bbe050ae0e4a2b1.jpg,0.391,0.515,0.667,0.668,0.041,7
curvelanes,curvelanes_valid_cd0b582a874694ca620acf89b3686dee.jpg,0.814,0.59,0.539,0.55,0.037,9
curvelanes,curvelanes_valid_cd27e04068628e97efa75ae91d6dc638.jpg,0.494,0.985,0.55,0.535,0.017,5
curvelanes,curvelanes_valid_cd33a849bf4577e658c86c3d937ab237.jpg,0.761,0.521,0.683,0.554,0.061,7
curvelanes,curvelanes_valid_cd75f015c945978977f9d119bf626c7b.jpg,0.438,0.74,0.67,0.63,0.047,5
curvelanes,curvelanes_valid_cd789670e67dcddac04c955c0e8f44ad.jpg,0.192,1,0.629,0.705,0.053,5
curvelanes,curvelanes_valid_cd7bcb1bb1565c5eee301e02cbcf5606.jpg,0.446,0.547,0.672,0.609,0.011,4
curvelanes,curvelanes_valid_cdb359c592cd22df1f105490c06fe93c.jpg,0.087,0.82,0.798,0.584,0.021,4
curvelanes,curvelanes_valid_cdca0dd6304c27693ad78c3d13443425.jpg,0.435,1,0.765,0.659,0.032,4
curvelanes,curvelanes_valid_cdecd830f0658f36f9f70021d300eeba.jpg,0.549,1,0.665,0.598,0.032,3
curvelanes,curvelanes_valid_cdf43786ec990ad8f65ddbe33d0f4396.jpg,0.422,0.622,0.525,0.676,0.024,4
curvelanes,curvelanes_valid_cdfb33a7ca79e1e014bf64138ac6276e.jpg,0.562,0.497,0.604,0.619,0.018,6
curvelanes,curvelanes_valid_ce2189ac939e841866fe896ab175f84c.jpg,0.373,0.586,0.61,0.684,0.015,2
curvelanes,curvelanes_valid_ce4546573a58282431e45df8e7f4a910.jpg,0.223,0.638,0.656,0.7,0.031,3
curvelanes,curvelanes_valid_ce9c0da96ea0c86e86b666e4d1f221da.jpg,0.631,0.459,0.69,0.578,0.014,3
curvelanes,curvelanes_valid_ceb70b65bf8319ccf5f277fbe5a209c9.jpg,0.635,0.884,0.739,0.553,0.026,6
curvelanes,curvelanes_valid_cecdd09f2a9c92e89a8f818b69ef5b0f.jpg,0.021,1,0.637,0.873,0.015,3
curvelanes,curvelanes_valid_cee9416375b7ee1883b76713cd8882ab.jpg,0.551,0.313,0.65,0.598,0.019,8
curvelanes,curvelanes_valid_cf09b7654a3c03b99572247691e84daf.jpg,0.566,0.517,0.842,0.562,0.02,8
curvelanes,curvelanes_valid_cf564b6fcb7829f6f3681fa8a2192401.jpg,0.187,0.347,0.697,0.607,0.007,4
curvelanes,curvelanes_valid_cf5d00fb4228532f3bd4809b9188736a.jpg,0.682,1,0.675,0.556,0.024,5
curvelanes,curvelanes_valid_cf7c00f791941badd8371947f590d766.jpg,0.451,0.864,0.593,0.499,0.029,5
curvelanes,curvelanes_valid_cf8b56aef475fcba693e8c097d08ffb0.jpg,0.637,0.784,0.707,0.611,0.069,6
curvelanes,curvelanes_valid_cf8da626b1e5ffc2407f5900a8364282.jpg,0.257,1,0.77,0.573,0.056,5
curvelanes,curvelanes_valid_cfaa759e6ba7f6f4a306bc86e8c5b056.jpg,0.648,0.861,0.698,0.475,0.018,6
curvelanes,curvelanes_valid_cfcd7838528da4598f30a501d7e5707c.jpg,0.792,0.436,0.645,0.583,0.044,4
curvelanes,curvelanes_valid_cfdcb742c1bee2cccce67d5b05ff28c8.jpg,0.565,0.404,0.66,0.681,0.01,7
curvelanes,curvelanes_valid_d00cb170a5b7a334a80bb385f89da870.jpg,0.427,0.645,0.644,0.654,0.008,3
curvelanes,curvelanes_valid_d04e5d163ec2626a5264b93f80ec9a36.jpg,0.977,0.401,0.833,0.563,0.019,6
curvelanes,curvelanes_valid_d07ddde32640832cbf02b9aeacd39719.jpg,0.248,1,0.758,0.492,0.014,4
curvelanes,curvelanes_valid_d0ab24aace43d2e081314567b360bd23.jpg,0.317,1,0.81,0.602,0.016,5
curvelanes,curvelanes_valid_d0b266fe0bf6b243bbfd65dac8305fcf.jpg,0.731,0.527,0.77,0.539,0.014,5
curvelanes,curvelanes_valid_d0bea6a743a175f114c0b3da392b4f9c.jpg,0.182,1,0.747,0.542,0.003,3
curvelanes,curvelanes_valid_d0f63b922707597223cc4f37f7e8c201.jpg,0.208,1,0.65,0.668,0.012,4
curvelanes,curvelanes_valid_d0ffb2a9a8870b567afc66d862490a6f.jpg,0.35,1,0.637,0.483,0.014,6
curvelanes,curvelanes_valid_d0ffb46320de47f381c68b0940450601.jpg,0.951,0.884,0.799,0.523,0.02,3
curvelanes,curvelanes_valid_d10dac5e67a51eb7e0c85739654c59d8.jpg,0.992,0.294,0.625,0.633,0.077,5
curvelanes,curvelanes_valid_d138fa71af9145e1f8d9a850835780a6.jpg,0.798,0.441,0.709,0.643,0.033,5
curvelanes,curvelanes_valid_d156fc6a0382c24286e4dfab3bcad049.jpg,0.601,0.362,0.666,0.677,0.025,4
curvelanes,curvelanes_valid_d172f3214c387e67ba9188b41384aa08.jpg,0.571,0.679,0.688,0.687,0.05,4
curvelanes,curvelanes_valid_d18702ba5ad6183ac8c50e8f6517ffe4.jpg,0.474,0.494,0.53,0.666,0.04,3
curvelanes,curvelanes_valid_d18a456100214c5ac2bccc1aea48912f.jpg,0.93,0.538,0.82,0.59,0.08,6
curvelanes,curvelanes_valid_d1c2414df7d6ce9980833308df23fcc0.jpg,0.276,1,0.666,0.549,0.015,3
curvelanes,curvelanes_valid_d1e1dc0fa5a0eaf697551895526fb7e5.jpg,0.841,0.881,0.71,0.622,0.03,4
curvelanes,curvelanes_valid_d1eb72edbc9e8729876e79031d3ca8a0.jpg,0.418,1,0.779,0.608,0.035,5
curvelanes,curvelanes_valid_d1ef800546608a2facc6cdc22c3f1218.jpg,1,0.627,0.776,0.488,0.037,7
curvelanes,curvelanes_valid_d1f4e9b7c32cc3c4b4eac6459c115502.jpg,0.284,1,0.658,0.71,0.053,4
curvelanes,curvelanes_valid_d20e2ef4dc73c6611097db514d95711e.jpg,0.558,1,0.783,0.487,0.024,5
curvelanes,curvelanes_valid_d2157091270c2d918802c6d7d6a8f10d.jpg,0.544,0.944,0.744,0.656,0.025,5
curvelanes,curvelanes_valid_d23cc1d98edf3356a5a3aec886eaa6cf.jpg,0.626,1,0.654,0.569,0.017,6
curvelanes,curvelanes_valid_d23cd0aab75f0dd660de7e837773f228.jpg,0.549,0.259,0.714,0.636,0.013,3
curvelanes,curvelanes_valid_d25ed6aec7ef0298f6a568d68758cdd3.jpg,0.387,0.602,0.806,0.618,0.023,5
curvelanes,curvelanes_valid_d282ff063b223996e61344b5fc1af17d.jpg,0.286,1,0.783,0.474,0.025,5
curvelanes,curvelanes_valid_d2b9c277883f89e001201428493e00f6.jpg,0.014,0.781,0.458,NA,0.047,3
curvelanes,curvelanes_valid_d39541c018e9a041b6f4332ea0686e77.jpg,0.571,0.608,0.731,0.565,0.037,5
curvelanes,curvelanes_valid_d3b011442c958150bdfc2a678609ed0f.jpg,0.695,0.454,0.722,0.564,0.02,5
curvelanes,curvelanes_valid_d3bab77b606f82ccab3416bb7be30cd3.jpg,0.412,1,0.749,0.485,0.035,4
curvelanes,curvelanes_valid_d3c0a5330a49c089ca18ce06432b6ff5.jpg,0.446,0.807,0.594,0.608,0.022,5
curvelanes,curvelanes_valid_d3dfd4d5ecc8188e5fa842752455be64.jpg,0.896,0.313,0.567,0.497,0.037,3
curvelanes,curvelanes_valid_d3e52f0fdfd4c7e798485cb8198b0169.jpg,0.73,0.37,0.641,0.625,0.022,4
curvelanes,curvelanes_valid_d3e55e2988f55d9f8c869381ec2f049a.jpg,0.498,0.701,0.633,0.732,0.025,3
curvelanes,curvelanes_valid_d3ee98bf564b07a1bb33befa7f25a608.jpg,0.391,0.364,0.741,0.628,0.016,5
curvelanes,curvelanes_valid_d422b5a03a6c0653eadab730026c28a6.jpg,0.738,0.488,0.669,0.569,0.016,3
curvelanes,curvelanes_valid_d4523a59345c455d0d996c1a5ac113fb.jpg,0.778,0.762,0.737,0.651,0.075,4
curvelanes,curvelanes_valid_d497eef2dff45b1df7494d6f43798131.jpg,0.456,0.524,0.477,0.605,0.019,2
curvelanes,curvelanes_valid_d499e0142aa72bbc163cfbe7a6b9e7d5.jpg,0.84,0.566,0.721,0.557,0.044,5
curvelanes,curvelanes_valid_d4a560d1b3a503d81c10c861ce0f1ef5.jpg,0.166,1,0.798,0.536,0.046,6
curvelanes,curvelanes_valid_d4acce20ebaf14e5f58d16f75bcd17ec.jpg,0.314,1,0.743,0.675,0.026,7
curvelanes,curvelanes_valid_d4c58f5796e481e6c6fe354cd91adab2.jpg,0.483,0.589,0.675,0.646,0.037,6
curvelanes,curvelanes_valid_d4c878f1472a28cbbadc3b704cb36d3c.jpg,0.81,0.531,0.81,0.561,0.032,4
curvelanes,curvelanes_valid_d50150f11b8f8e213a562b03411e46fa.jpg,0.439,0.59,0.637,0.593,0.011,5
curvelanes,curvelanes_valid_d50faaf6c0c576913155bed8e5b70841.jpg,0.493,0.542,0.816,0.502,0.046,6
curvelanes,curvelanes_valid_d541c7e0e92f63ed670d5065c0d8395a.jpg,0.668,0.699,0.601,0.672,0.028,4
curvelanes,curvelanes_valid_d54cf7004c81b878d13a5eb296efb2f3.jpg,0.156,0.536,0.621,0.762,0.021,5
curvelanes,curvelanes_valid_d571d27c73760af85c8c3daa91de1989.jpg,0.068,0.546,0.552,0.525,0.009,2
curvelanes,curvelanes_valid_d5972ba1ae5f29b7926c37cf7a0e1c49.jpg,0.449,0.732,0.858,0.388,0.021,5
curvelanes,curvelanes_valid_d5a98bb962a40b5a882ef88d1e5fbb29.jpg,0.971,0.536,0.793,0.518,0.042,5
curvelanes,curvelanes_valid_d5bcb572c2eb0d4995e689d363c0df34.jpg,0.309,0.582,0.673,0.677,0.037,5
curvelanes,curvelanes_valid_d5ca02a8c8f7d1c57fae2d9b0d037495.jpg,0.489,1,0.676,0.46,0.05,3
curvelanes,curvelanes_valid_d5d35d95a9406c5076b88a9d36238202.jpg,0.243,1,0.676,0.522,0.051,4
curvelanes,curvelanes_valid_d5e020655435bf3c90f1677c060bb2db.jpg,0.359,0.533,0.586,0.581,0.022,5
curvelanes,curvelanes_valid_d61dd5ea6071e555f11ef29e9e3dc5b8.jpg,0.916,0.5,0.516,0.607,0.043,7
curvelanes,curvelanes_valid_d61ef283bebc3bca8f324b8b63968af9.jpg,0.559,0.472,0.828,0.638,0.033,3
curvelanes,curvelanes_valid_d6282aeefb06928801eb65a55861ea4a.jpg,0.761,0.808,0.524,0.645,0.006,3
curvelanes,curvelanes_valid_d6343525177ce77880882aa7bcda369b.jpg,0.353,0.476,0.581,0.623,0.02,5
curvelanes,curvelanes_valid_d6360e9055190eeffd5ad7ca1f6675fc.jpg,0.708,0.409,0.711,0.622,0.018,4
curvelanes,curvelanes_valid_d6510254f08b96fbd9e773c2911733ff.jpg,0.795,0.398,0.757,0.652,0.014,5
curvelanes,curvelanes_valid_d652d619ccb6bcb20b179474200980d5.jpg,0.699,0.581,0.798,0.585,0.025,5
curvelanes,curvelanes_valid_d664a5c95651a5e4d8ec4c4beae35d4c.jpg,0.772,0.415,0.613,0.671,0.028,5
curvelanes,curvelanes_valid_d66e32120b1c8ef857ba3de835e0e217.jpg,0.349,0.308,0.782,0.7,0.023,5
curvelanes,curvelanes_valid_d685a098aced6f5fadcf28e8bf815fd4.jpg,0.495,0.525,0.737,0.627,0.021,5
curvelanes,curvelanes_valid_d68c4cfcf7d50f3c529c5689ebb9ac16.jpg,0.76,0.402,0.73,0.674,0.013,5
curvelanes,curvelanes_valid_d68fadc644d01a24c1a8b2be1a83e039.jpg,0.557,0.454,0.569,0.685,0.014,4
curvelanes,curvelanes_valid_d6af3de579d7eefde9188b172ef68063.jpg,0.806,0.576,0.722,0.606,0.069,6
curvelanes,curvelanes_valid_d6b2623658e54ff4f8ca9f7ea295ed21.jpg,0.818,0.734,0.623,0.559,0.028,3
curvelanes,curvelanes_valid_d6b9d958683b26a3284e70bb54f59591.jpg,0.714,0.451,0.722,0.648,0.038,4
curvelanes,curvelanes_valid_d6e1c52d9397f2e773c4f7c71b38a58b.jpg,0.466,0.558,0.69,0.537,0.031,5
curvelanes,curvelanes_valid_d710d86c66123e48cf8bdb22c4f8ffe7.jpg,0.319,0.392,0.524,0.678,0.028,6
curvelanes,curvelanes_valid_d73c1d86b400d1da3dff098f44311c7c.jpg,0.427,0.29,0.737,0.69,0.14,3
curvelanes,curvelanes_valid_d7682f9fb1c26f76faed0311ee45b2d8.jpg,0.326,0.473,0.657,0.684,0.02,5
curvelanes,curvelanes_valid_d78c4c45aa7bf9d54910730b6ad1f351.jpg,0.463,0.528,0.612,0.617,0.05,7
curvelanes,curvelanes_valid_d7c31ea6c05cd64e6c5834d06651e494.jpg,0.464,1,0.747,0.59,0.032,6
curvelanes,curvelanes_valid_d7dd309499ee8de4f8fb635d7f47af87.jpg,0.708,0.599,0.57,0.533,0.01,5
curvelanes,curvelanes_valid_d7e8510db33ae66551e3c835ae2431f6.jpg,0.903,0.365,0.528,0.615,0.032,3
curvelanes,curvelanes_valid_d7e9bf8ba567282e02fbd4561568d5b4.jpg,0.632,0.388,0.76,0.597,0.037,5
curvelanes,curvelanes_valid_d7f1a3f10f16a7231f793af47b8c1aef.jpg,0.452,0.564,0.731,0.603,0.038,3
curvelanes,curvelanes_valid_d87bb677a2c8ab8e9af6246bfd100645.jpg,0.548,0.709,0.585,0.592,0.09,6
curvelanes,curvelanes_valid_d89ec813a9970dd9dbb32efd216304be.jpg,0.577,0.539,0.689,0.661,0.024,4
curvelanes,curvelanes_valid_d89f221c9ce687f8790a7313361718f4.jpg,0.336,0.302,0.69,0.654,0.017,5
curvelanes,curvelanes_valid_d8cc1aa554565b0a21acdfd86f945a93.jpg,0.536,0.646,0.78,0.544,0.021,7
curvelanes,curvelanes_valid_d8db99277c7dce77c707779ff55f8dc5.jpg,0.239,0.356,0.647,0.719,0.047,3
curvelanes,curvelanes_valid_d93b46f45a86cb3b50c7e8202b75acb9.jpg,0.912,0.524,0.771,0.657,0.016,3
curvelanes,curvelanes_valid_d950c7a766800f0e231c40bb602c9a74.jpg,0.633,1,0.538,0.575,0.027,5
curvelanes,curvelanes_valid_d9907ac97e5c103acd95c7e61f3307d3.jpg,0.734,0.306,0.594,0.655,0.034,5
curvelanes,curvelanes_valid_d9a5ef8808b43a740de3537c4e5ce12b.jpg,0.32,1,0.726,0.497,0.029,3
curvelanes,curvelanes_valid_d9cbe105b617b7424fe90fd0bf20fef6.jpg,0.236,1,0.806,0.565,0.061,5
curvelanes,curvelanes_valid_d9d3b76160b699191abe9bda0827803c.jpg,0.242,0.653,0.804,0.512,0.017,3
curvelanes,curvelanes_valid_d9fc4d0c3e4a6784793c769e14085944.jpg,0.775,0.6,0.755,0.568,0.039,6
curvelanes,curvelanes_valid_da29a6eca5e8e469788a1048eac5f1e9.jpg,0.667,0.701,0.778,0.552,0.041,4
curvelanes,curvelanes_valid_da5ff77700e4c0d6229609636bef067a.jpg,0.393,1,0.668,0.552,0.011,5
curvelanes,curvelanes_valid_da711d42f2906d9bf85c89d3b50f47cf.jpg,0.547,1,0.629,0.545,0.019,4
curvelanes,curvelanes_valid_da73384bd5b78a79dd62bc6c5feb31c9.jpg,0.299,1,0.655,0.674,0.013,3
curvelanes,curvelanes_valid_da99bc8581b9c711f079567034b13156.jpg,0.468,0.267,0.612,0.586,0.05,5
curvelanes,curvelanes_valid_dacbacd18e033683467ccd9ec19c8557.jpg,0.713,0.373,0.615,0.489,0.038,4
curvelanes,curvelanes_valid_dae3b4bc98ec7f2124c2c9ccf1c3ea92.jpg,0.599,0.5,0.87,0.568,0.017,6
curvelanes,curvelanes_valid_db02e94a082a267978a332e214fff2a2.jpg,0.664,0.53,0.6,0.607,0.02,4
curvelanes,curvelanes_valid_db09198c110a5cdea9914630a1dee954.jpg,0.757,0.625,0.546,0.618,0.023,6
curvelanes,curvelanes_valid_db3618dcaae8c0931327a730f9893e6c.jpg,0.393,0.914,0.544,0.605,0.028,6
curvelanes,curvelanes_valid_db38582122eb1f2c43fd0304455c8000.jpg,0.248,1,0.742,0.657,0.017,4
curvelanes,curvelanes_valid_db3d921ad765a4190f77db56550d7cd7.jpg,0.341,0.503,0.685,0.611,0.017,6
curvelanes,curvelanes_valid_db4ec0e9c86fdec6f637462f425a63a6.jpg,0.604,0.547,0.75,0.599,0.06,6
curvelanes,curvelanes_valid_db55dad5407b99e2b42c987c3811c9ce.jpg,0.282,0.341,0.679,0.664,0.022,6
curvelanes,curvelanes_valid_db5ab409d6fa5b32b71530ab60b45365.jpg,0.521,0.468,0.81,0.577,0.019,5
curvelanes,curvelanes_valid_db8032bc4ef38dc8cb446ed9c631ba94.jpg,0.666,0.575,0.646,0.612,0.027,7
curvelanes,curvelanes_valid_db9196a9d2b58c2986e25b99afe3eb2b.jpg,0.375,0.846,0.633,0.687,0.018,4
curvelanes,curvelanes_valid_dba5d111162ea1816f9bddcd0d5a4230.jpg,0.357,1,0.704,0.555,0.05,5
curvelanes,curvelanes_valid_dbca1b7ce1d178b0503ba812c3d1808a.jpg,0.972,0.526,0.784,0.641,0.022,6
curvelanes,curvelanes_valid_dc16b8caa49e51953718532ce719631c.jpg,0.726,0.976,0.702,0.659,0.041,6
curvelanes,curvelanes_valid_dc41a988d560fb93e9da07726312d349.jpg,0.561,0.418,0.639,0.64,0.018,3
curvelanes,curvelanes_valid_dc75ef1eac55f4dd2eb811dca0eb01e7.jpg,0.334,0.822,0.74,0.56,0.022,7
curvelanes,curvelanes_valid_dc7d1118c25437bd78dabd3bdeb64c6d.jpg,0.581,0.801,0.718,0.589,0.022,5
curvelanes,curvelanes_valid_dca3b0d03d15f2b50e089ace44323228.jpg,0.531,0.529,0.576,0.529,0.034,4
curvelanes,curvelanes_valid_dd3c96ea856c235f8e9806a60d8f5ea2.jpg,0.259,0.301,0.699,0.657,0.02,4
curvelanes,curvelanes_valid_dd43e1d8c95bf716e1cbd76e750e9290.jpg,0.86,0.56,0.859,0.502,0.052,7
curvelanes,curvelanes_valid_dd8479047f98dd6cb496ffd8533d67d9.jpg,0.729,0.514,0.711,0.543,0.017,7
curvelanes,curvelanes_valid_dd8b48e88d3f5256cf22f6aa1809288c.jpg,0.759,0.312,0.685,0.587,0.02,3
curvelanes,curvelanes_valid_dd98ea5a96f4579c088910fcefbfcde9.jpg,0.251,0.999,0.626,0.509,0.028,4
curvelanes,curvelanes_valid_ddb975d61853d9868598cc321c495f9c.jpg,0.194,0.463,0.726,0.618,0.024,4
curvelanes,curvelanes_valid_ddf849b27a18d86dde0873b547e28d99.jpg,0.489,0.47,0.668,0.604,0.013,6
curvelanes,curvelanes_valid_ddfbd2351777ad84c95ae20c2a5b8d1e.jpg,0.756,0.53,0.37,0.693,0.03,5
curvelanes,curvelanes_valid_ddfdf709f61413eee7c2ff41a1454425.jpg,0.615,0.304,0.657,0.602,0.032,5
curvelanes,curvelanes_valid_de11cb422840ab7fe08cee26778271c7.jpg,0.473,0.6,0.763,0.665,0.023,6
curvelanes,curvelanes_valid_de1604902c6c4ae3311295d9ea6a1fd3.jpg,0.234,0.89,0.612,0.572,0.044,3
curvelanes,curvelanes_valid_de4b2df65ea9f99747f317a030fb4012.jpg,0.442,0.405,0.694,0.64,0.012,4
curvelanes,curvelanes_valid_de4e812169f65fbe053f34504de8b485.jpg,0.609,0.532,0.831,0.553,0.016,6
curvelanes,curvelanes_valid_de6a440f9e8dd6adb1c9a3b229736c7c.jpg,0.457,0.382,0.692,0.612,0.027,8
curvelanes,curvelanes_valid_deb437f5e97ebdac904d142386cea644.jpg,0.727,0.394,0.845,0.544,0.025,5
curvelanes,curvelanes_valid_deb4f80d542df690427eeca61eb6ec82.jpg,0.457,0.971,0.814,0.604,0.01,5
curvelanes,curvelanes_valid_decc4e308cf1effb190a9b958ed17a15.jpg,0.504,0.697,0.696,0.6,0.02,5
curvelanes,curvelanes_valid_dee8190c3d6efe6525b9afc1d94af624.jpg,0.298,0.534,0.714,0.554,0.037,3
curvelanes,curvelanes_valid_df0a19893e91e9f5a62f3f54eb7b0d48.jpg,0.395,0.556,0.586,0.546,0.041,4
curvelanes,curvelanes_valid_df1a37ab9459882091e02396f80ef362.jpg,0.612,0.48,0.552,0.596,0.021,5
curvelanes,curvelanes_valid_df2a382a8fd42625454500a85287bdd7.jpg,0.785,0.55,0.621,0.587,0.173,9
curvelanes,curvelanes_valid_df39bfa25b86deae3d0659ebe47d8469.jpg,0.662,0.521,0.83,0.499,0.023,4
curvelanes,curvelanes_valid_df3aca9df724f4d7fa47ebb29eb8b4a8.jpg,0.854,0.47,0.751,0.534,0.021,5
curvelanes,curvelanes_valid_df413e7c969ce5276c1e211a2170e5ad.jpg,0.508,0.444,0.705,0.564,0.016,6
curvelanes,curvelanes_valid_df4f7ab7ca8edb2a8de946c3427b8893.jpg,0.603,0.569,0.709,0.592,0.056,5
curvelanes,curvelanes_valid_df5bc38b88aa233291208ac35276b174.jpg,0.359,0.976,0.795,0.367,0.027,6
curvelanes,curvelanes_valid_df70d42e6ddd433282ba171d49805074.jpg,0.681,1,0.668,0.508,0.024,4
curvelanes,curvelanes_valid_df98e02f9a1ba42439a9f5852827d95b.jpg,0.478,1,0.566,0.466,0.061,4
curvelanes,curvelanes_valid_df9b0c5b151033f2741c1a7ac5cec939.jpg,0.51,1,0.647,0.63,0.026,4
curvelanes,curvelanes_valid_dfa0a3b445f887dbc294e5fcba63c3b7.jpg,0.566,0.575,0.66,0.569,0.028,3
curvelanes,curvelanes_valid_dfab774011ce42ab19cffa30ce71a6ed.jpg,0.672,0.637,0.663,0.596,0.014,6
curvelanes,curvelanes_valid_dfbfeb5a90cfcad84b869bb7a0f12e0a.jpg,0.578,0.514,0.581,0.548,0.031,3
curvelanes,curvelanes_valid_dfe354cef92544f94e89c972f77619c5.jpg,0.653,0.538,0.75,0.667,0.035,6
curvelanes,curvelanes_valid_dfee2a20af0999e10be3401badf73ed5.jpg,0.648,0.41,0.63,0.504,0.022,4
curvelanes,curvelanes_valid_dff8487646e392d2122e6ee53f472c4a.jpg,0.667,0.707,0.712,0.528,0.026,8
curvelanes,curvelanes_valid_e00deb4e365118af128abbcfb362ac4f.jpg,0.287,1,0.706,0.526,0.03,6
curvelanes,curvelanes_valid_e0569a957a0225838210590ba0ce1e44.jpg,0.067,0.289,0.263,1,0.021,2
curvelanes,curvelanes_valid_e058904252bd23994aaa80e492137276.jpg,0.475,0.733,0.73,0.594,0.022,5
curvelanes,curvelanes_valid_e05fb9f00f20ca442586d8102db23325.jpg,0.601,0.665,0.765,0.61,0.035,6
curvelanes,curvelanes_valid_e0740b892fb20677e1bca97b5addb9c6.jpg,0.207,0.61,0.742,0.687,0.055,2
curvelanes,curvelanes_valid_e088d508ae079a75770c48a91f30977d.jpg,0.471,0.808,0.535,0.591,0.02,3
curvelanes,curvelanes_valid_e0afbca19b35bfcbe0cd6e20f06c9d0d.jpg,0.519,0.679,0.635,0.616,0.031,4
curvelanes,curvelanes_valid_e0d8cec902814ef4405f4647a227c337.jpg,0.676,0.734,0.431,0.453,0.029,5
curvelanes,curvelanes_valid_e0e0ea296da83c64ccd6ef321031c533.jpg,0.588,0.436,0.759,0.594,0.034,5
curvelanes,curvelanes_valid_e104385d8bd5a49d247b166d108304a1.jpg,0.416,0.941,0.79,0.462,0.034,5
curvelanes,curvelanes_valid_e105df6f9e792f7242ba6b8b45c37658.jpg,0.297,1,0.63,0.511,0.021,3
curvelanes,curvelanes_valid_e10af63b57425aba93dc952d41d222e0.jpg,0.412,0.251,0.692,0.693,0.023,4
curvelanes,curvelanes_valid_e117e14ffd182f5130366dbf16e14a94.jpg,0.888,0.479,0.81,0.513,0.024,4
curvelanes,curvelanes_valid_e14af4b55382463569ae375751d63275.jpg,0.409,0.31,0.61,0.631,0.036,3
curvelanes,curvelanes_valid_e1aa3f04c317d9c5fcb7c807762838dd.jpg,0.726,0.234,0.396,0.69,0.021,2
curvelanes,curvelanes_valid_e1c435449b868f9a4181d808ab0e8b05.jpg,0.684,0.405,0.686,0.69,0.026,7
curvelanes,curvelanes_valid_e1f5e653b4a58e1c59aa5820c171cca4.jpg,0.513,0.624,0.56,0.737,0.08,3
curvelanes,curvelanes_valid_e1fd5d449c6ed2d1d31a042ed63d64c4.jpg,0.236,1,0.721,0.451,0.029,6
curvelanes,curvelanes_valid_e21ba8b7a67bc48ce2dc1fc7c6a9cca8.jpg,0.621,0.554,0.656,0.649,0.057,4
curvelanes,curvelanes_valid_e23a3ad95d1a859306c87a0dc60b9edb.jpg,0.992,0.412,0.517,0.569,0.036,5
curvelanes,curvelanes_valid_e276cfafa093f88284f356d2214d4eba.jpg,0.397,0.806,0.823,0.599,0.015,7
curvelanes,curvelanes_valid_e29d18c2c151b175e2d2a6436084ded4.jpg,0.681,0.954,0.65,0.668,0.014,6
curvelanes,curvelanes_valid_e321025b10aa40cbf301fac4c9acb3cd.jpg,0.819,0.525,0.754,0.535,0.027,4
curvelanes,curvelanes_valid_e33f49fc1e8dd19eb473cfb6b29f78fc.jpg,0.247,1,0.653,0.669,0.014,7
curvelanes,curvelanes_valid_e376843ebb6ce77ed1c75ab2940c81f0.jpg,0.885,0.551,0.746,0.542,0.021,6
curvelanes,curvelanes_valid_e3a5b3d4dce1c7596667dad8b46faa44.jpg,0.874,1,0.756,0.522,0.042,5
curvelanes,curvelanes_valid_e3a8746bfec2fc7793604990fb9c0380.jpg,0.582,0.486,0.646,0.663,0.098,6
curvelanes,curvelanes_valid_e3b955421cda2b3f7c8ccddb2f810dca.jpg,0.711,0.405,0.806,0.651,0.023,4
curvelanes,curvelanes_valid_e3cff09c3fee59b351c8e7ea56ada774.jpg,0.487,0.594,0.737,0.614,0.017,4
curvelanes,curvelanes_valid_e3d5408d17d52b5debc2c086a8385627.jpg,0.64,0.472,0.503,0.617,0.023,5
curvelanes,curvelanes_valid_e40d89ed717cbed7adc2b2dcac9a8cd0.jpg,0.463,0.536,0.657,0.519,0.037,6
curvelanes,curvelanes_valid_e41ef0f222c5ee2f431ac82f4bbf9b2a.jpg,0.739,0.52,0.671,0.548,0.021,6
curvelanes,curvelanes_valid_e456a7ec1ec2973999e074a23a8a90b9.jpg,0.542,0.346,0.675,0.703,0.018,4
curvelanes,curvelanes_valid_e473d30911251e168656a3f4a35553b1.jpg,0.288,1,0.826,0.587,0.068,6
curvelanes,curvelanes_valid_e4d76dec4a4340f1e4d2644c5ae838cb.jpg,0.315,0.517,0.672,0.654,0.02,3
curvelanes,curvelanes_valid_e4e0523dc1c34de151b7e8aa66eda9e9.jpg,0.806,0.626,0.636,0.611,0.034,6
curvelanes,curvelanes_valid_e502be5bcc9af21084b2bf322139d287.jpg,0.702,0.606,0.736,0.481,0.024,5
curvelanes,curvelanes_valid_e5120be33d1641ddb6e952a7b30fb3ec.jpg,0.667,0.339,0.702,0.65,0.015,5
curvelanes,curvelanes_valid_e51c7f6d6b2cadcba743bd564bffccd8.jpg,0.186,1,0.76,0.514,0.041,4
curvelanes,curvelanes_valid_e5712d3898f55a1a37626159a5cc6e84.jpg,0.601,1,0.705,0.633,0.033,6
curvelanes,curvelanes_valid_e5751de2e02ac52cf2d520009bee9131.jpg,0.416,0.488,0.687,0.611,0.02,5
curvelanes,curvelanes_valid_e58801854d8f48da1c85026ceabd6c39.jpg,0.777,0.448,0.618,0.607,0.033,5
curvelanes,curvelanes_valid_e5bde8e61118f51520c4c9776f57e640.jpg,0.58,0.478,0.699,0.632,0.076,3
curvelanes,curvelanes_valid_e5d0d4942b8cac8790a514024876ad8b.jpg,0.776,0.508,0.324,0.473,0.023,6
curvelanes,curvelanes_valid_e5e74d40859043819585b0c08b501e1d.jpg,0.892,0.433,0.66,0.615,0.037,3
curvelanes,curvelanes_valid_e611c884d6ed9f6d298bc84816e349d4.jpg,0.368,0.639,0.549,0.683,0.034,5
curvelanes,curvelanes_valid_e6149892709784936a489f031600776d.jpg,0.805,0.347,0.599,0.648,0.019,5
curvelanes,curvelanes_valid_e669141c064bf0ea66137536168f5f57.jpg,0.069,0.631,0.721,0.696,0.08,4
curvelanes,curvelanes_valid_e66a799c64be890776fafb99d6873868.jpg,0.083,0.565,0.636,0.461,0.028,4
curvelanes,curvelanes_valid_e6980b74230175c0288f64f89029358b.jpg,0.587,0.455,0.353,0.678,0.02,5
curvelanes,curvelanes_valid_e6ba18696caf99c3d9aa1531bd6a59d4.jpg,0.758,0.465,0.735,0.568,0.02,4
curvelanes,curvelanes_valid_e70ef52e54461e34392ceb4fc37b46f9.jpg,0.141,1,0.807,0.637,0.02,6
curvelanes,curvelanes_valid_e717070332dd7b8009ab33efd757fd6b.jpg,0.384,0.464,0.814,0.603,0.024,5
curvelanes,curvelanes_valid_e72065992e67dd462a9b150d17e78f75.jpg,0.106,0.792,0.666,0.718,0.04,5
curvelanes,curvelanes_valid_e727bcde3dd1ea91629b5a9fb84e230f.jpg,0.943,0.494,0.268,0.598,0.018,7
curvelanes,curvelanes_valid_e7290945e5edefe6cc7c4f53bb66a5f2.jpg,0.636,0.54,0.784,0.577,0.021,4
curvelanes,curvelanes_valid_e73124dfafe65275bdd73076832306d5.jpg,0.808,0.367,0.695,0.567,0.015,4
curvelanes,curvelanes_valid_e772ebaefa4e0e90209095262d0e3846.jpg,0.427,0.43,0.762,0.526,0.016,5
curvelanes,curvelanes_valid_e7743c5539bec7ac9d0a065e2fa445c0.jpg,0.714,0.52,0.508,0.637,0.018,7
curvelanes,curvelanes_valid_e7cdf25ad6ff79de0c51dab8c4e8373b.jpg,0.771,0.643,0.628,0.548,0.079,5
curvelanes,curvelanes_valid_e7dc1b171e1811eff03430387afb4fa7.jpg,0.644,0.977,0.56,0.583,0.028,6
curvelanes,curvelanes_valid_e7de4bd6c76fb5b19a52e01bbdd24935.jpg,0.586,0.411,0.752,0.66,0.03,6
curvelanes,curvelanes_valid_e818670ae8194e003d102c82b0509e29.jpg,0.506,0.831,0.718,0.56,0.016,6
curvelanes,curvelanes_valid_e829614e26b13a08a1a21424fe1efecb.jpg,0.311,0.304,0.711,0.624,0.019,3
curvelanes,curvelanes_valid_e842530fc0db283bf6176597e976ff94.jpg,0.197,0.769,0.637,0.714,0.017,5
curvelanes,curvelanes_valid_e84b5d9f24c46bbbf7d16797451f8528.jpg,0.439,0.836,0.765,0.576,0.027,4
curvelanes,curvelanes_valid_e86d0e8a72d94d499c5a6c593df330d4.jpg,0.324,0.436,0.592,0.666,0.036,2
curvelanes,curvelanes_valid_e87156ad55e98b48464e5789ebdaf424.jpg,0.582,0.485,0.853,0.565,0.021,3
curvelanes,curvelanes_valid_e87d6d11fdc84fe81e06a535b35b84cb.jpg,0.415,1,0.484,0.643,0.032,5
curvelanes,curvelanes_valid_e88297ac064ea5cd715b36cd214a3ea0.jpg,0.814,0.608,0.817,0.527,0.023,7
curvelanes,curvelanes_valid_e898fedf5de978cee2628d258a4df78f.jpg,0.298,0.356,0.617,0.693,0.043,5
curvelanes,curvelanes_valid_e8ee28a2708fdaabf0a4b5392f8cee7e.jpg,0.904,0.826,0.666,0.404,0.028,4
curvelanes,curvelanes_valid_e8f92d5d9e195517bea8f0d62e9a0174.jpg,0.585,0.411,0.557,0.667,0.012,7
curvelanes,curvelanes_valid_e91cefdf40f91f94660a083d7d035b07.jpg,0.545,0.611,0.618,0.559,0.04,4
curvelanes,curvelanes_valid_e922fe84a66535226f791da26b764da2.jpg,0.362,1,0.662,0.578,0.013,4
curvelanes,curvelanes_valid_e9429fa0644df1ac612a22c1e1d725c5.jpg,0.476,0.502,0.682,0.676,0.038,3
curvelanes,curvelanes_valid_e945e764238b9cdc3b7db40d0771f016.jpg,0.629,0.56,0.736,0.526,0.027,4
curvelanes,curvelanes_valid_e94fe74781e602f6d32238b11865a68d.jpg,0.689,0.252,0.782,0.619,0.033,7
curvelanes,curvelanes_valid_e973f35781a71c83e65e95a66040df75.jpg,0.555,0.335,0.577,0.643,0.021,4
curvelanes,curvelanes_valid_e97ec91e33134a57886b3bd086ac8cea.jpg,0.557,0.367,0.799,0.517,0.034,4
curvelanes,curvelanes_valid_e9ad6e0d2219c7843f496ffa2327fc49.jpg,0.226,1,0.782,0.612,0.037,5
curvelanes,curvelanes_valid_e9ade32ea53e2954db1fa17e4e51753d.jpg,0.749,0.411,0.528,0.639,0.018,5
curvelanes,curvelanes_valid_e9ea1cfafdffac0933828df5147d628f.jpg,0.411,0.734,0.719,0.658,0.023,5
curvelanes,curvelanes_valid_ea125647120d5d6ceaeb127edd99296c.jpg,0.479,1,0.776,0.669,0.05,6
curvelanes,curvelanes_valid_ea14926407cce42a6bdb3e6d6cf5dec2.jpg,0.665,0.825,0.655,0.528,0.021,3
curvelanes,curvelanes_valid_ea1b40e73d036125e436f929a0e1cf84.jpg,0.427,0.698,0.446,0.668,0.028,5
curvelanes,curvelanes_valid_ea32fd57ba64de303173479683feb976.jpg,0.608,0.381,0.793,0.514,0.032,7
curvelanes,curvelanes_valid_ea6695c4f30f7b935d284aff46cfe91d.jpg,0.894,0.533,0.76,0.622,0.021,7
curvelanes,curvelanes_valid_ea6b762c4b9d15cdce2fca6f42e8b0ca.jpg,0.772,0.543,0.684,0.594,0.022,5
curvelanes,curvelanes_valid_ead34e723ece38d68006edb5ae5eafd2.jpg,0.688,0.686,0.707,0.564,0.026,6
curvelanes,curvelanes_valid_eade7a4e9cd5cecd1a1fc1dec7b01a84.jpg,0.404,0.402,0.693,0.546,0.014,6
curvelanes,curvelanes_valid_eae5c7d85bc6a90c2de0c222e540c911.jpg,0.558,0.502,0.675,0.536,0.021,3
curvelanes,curvelanes_valid_eaf1fecd8c1c2ec1f4d7a6ccda673b18.jpg,0.814,0.368,0.758,0.629,0.028,4
curvelanes,curvelanes_valid_eaf4126c37b5c12b771cc319456ffc8e.jpg,0.326,1,0.713,0.567,0.019,3
curvelanes,curvelanes_valid_eb16f594abcece32b4f8a0e01a3f7aea.jpg,0.732,0.412,0.53,0.605,0.017,6
curvelanes,curvelanes_valid_eb17d133f27e91c2936f4d291dbfded2.jpg,0.848,0.442,0.806,0.552,0.021,6
curvelanes,curvelanes_valid_eb3fb1424bdc891d17f3ba88c6e341c6.jpg,0.182,1,0.863,0.597,0.055,2
curvelanes,curvelanes_valid_eb488e447a56849ba1bf11a4245df00d.jpg,0.602,0.956,0.75,0.611,0.018,7
curvelanes,curvelanes_valid_eb54f8b4d1a9b33b03d8ad87142a9c85.jpg,0.302,1,0.708,0.582,0.034,3
curvelanes,curvelanes_valid_eb82cbfa37d02600e7c4068893311769.jpg,0.019,0.234,0.588,1,0.047,2
curvelanes,curvelanes_valid_eb8dfe239edeefbcd7d2369b37f2efcf.jpg,0.853,0.333,0.706,0.522,0.09,7
curvelanes,curvelanes_valid_eb9d6627630d9c795c6c67460cde1e68.jpg,0.634,0.649,0.577,0.565,0.034,4
curvelanes,curvelanes_valid_ebd32f6e9cde78ecc348412c41189142.jpg,0.452,0.413,0.524,0.539,0.047,3
curvelanes,curvelanes_valid_ebdc84dd1cd9220db828fa7df445508b.jpg,0.393,0.333,0.677,0.6,0.037,3
curvelanes,curvelanes_valid_ebdfa553d86332ec60d90c6e639b6a36.jpg,0.457,0.406,0.662,0.604,0.015,8
curvelanes,curvelanes_valid_ec6b837cee48df2081261b8d91e85df7.jpg,0.489,0.788,0.704,0.502,0.021,5
curvelanes,curvelanes_valid_ec76753fb9e4cd9063bf36f30c191262.jpg,0.492,0.68,0.7,0.612,0.031,4
curvelanes,curvelanes_valid_ec8b0c405a37e1ec5a90537b6c527e47.jpg,0.104,1,0.743,0.663,0.027,5
curvelanes,curvelanes_valid_ec8e3d4214a8bdf21fe76ff839562284.jpg,0.109,0.626,0.681,0.727,0.016,3
curvelanes,curvelanes_valid_ec9341b51673fafe5c31654b65b5bffe.jpg,0.585,0.399,0.563,0.642,0.024,4
curvelanes,curvelanes_valid_ec93651afe5d6fcfe1e85333bff3292d.jpg,0.653,0.535,0.725,0.573,0.021,5
curvelanes,curvelanes_valid_ecc66735bb35714b74774fd23817bc40.jpg,0.555,0.667,0.54,0.595,0.015,4
curvelanes,curvelanes_valid_ecd825a4e7b16ccba3bb8f2a83537a18.jpg,0.481,0.592,0.654,0.627,0.024,4
curvelanes,curvelanes_valid_ecfc45ee9e62f6d010bba696cdf138bb.jpg,0.721,0.408,0.618,0.549,0.035,6
curvelanes,curvelanes_valid_ed00c2ee8b6a7628f7ad2abae2b9520b.jpg,0.673,0.5,0.743,0.57,0.023,5
curvelanes,curvelanes_valid_ed0ce22de216439230b717d197810e3d.jpg,0.38,0.825,0.702,0.502,0.04,5
curvelanes,curvelanes_valid_ed42d80ceff9d80c88edb8d9d8920248.jpg,0.224,0.959,0.76,0.753,0.043,2
curvelanes,curvelanes_valid_ed5a334faf019e2db62fb2bc9d2e6358.jpg,0.854,0.453,0.705,0.522,0.015,4
curvelanes,curvelanes_valid_ed6a52c370e6a2cc1d4aa8f7e395d6e2.jpg,0.758,0.648,0.781,0.589,0.016,5
curvelanes,curvelanes_valid_ed94e6fe854b3162093a06130994cbad.jpg,0.142,1,0.706,0.668,0.022,3
curvelanes,curvelanes_valid_edc63a39d03c7c07099d85c205aec929.jpg,0.518,0.523,0.528,0.572,0.072,3
curvelanes,curvelanes_valid_ede37726f0acd4fc6a777e891162aca4.jpg,0.859,0.529,0.773,0.596,0.015,6
curvelanes,curvelanes_valid_ede7649f03ebe8c120d17ac8929961fb.jpg,0.923,0.485,0.813,0.542,0.019,5
curvelanes,curvelanes_valid_ede834ea3406d5a3221a527271eeb264.jpg,0.628,0.582,0.522,0.64,0.036,4
curvelanes,curvelanes_valid_edea86909ff30592ccf3a3517d50c53a.jpg,0.616,0.434,0.595,0.587,0.011,8
curvelanes,curvelanes_valid_ee0bdd2afbb09b5e4282a6103083d164.jpg,0.594,0.574,0.577,0.651,0.056,4
curvelanes,curvelanes_valid_ee189e2809a232d623ffff461877ec67.jpg,0.386,0.888,0.645,0.546,0.036,6
curvelanes,curvelanes_valid_ee29140ac18ff3c7f018d739b6464a77.jpg,0.329,1,0.766,0.63,0.013,6
curvelanes,curvelanes_valid_ee4c1f74ed6a1270ad0c4b290ea188fe.jpg,0.689,0.679,0.62,0.634,0.016,7
curvelanes,curvelanes_valid_ee80eb87c270904053b21dc96e09287e.jpg,0.778,0.549,0.792,0.608,0.025,5
curvelanes,curvelanes_valid_ee91844841e330e33d7bbabc49784617.jpg,0.314,0.621,0.636,0.66,0.028,5
curvelanes,curvelanes_valid_ee951f296626b84d83857eb9b96f0144.jpg,0.815,0.69,0.844,0.566,0.015,6
curvelanes,curvelanes_valid_eed75f410be7ed5f0bd80f2bdfe5a7aa.jpg,0.634,0.448,0.439,0.732,0.013,3
curvelanes,curvelanes_valid_eef5c5c4652ade8d848fd764e64a2546.jpg,0.218,1,0.819,0.495,0.029,5
curvelanes,curvelanes_valid_eefc30b578a41a2407f5b558dc91f4a9.jpg,0.401,0.704,0.671,0.539,0.017,7
curvelanes,curvelanes_valid_ef09740c8593b4105183de1657a07ffb.jpg,0.639,0.253,0.72,0.647,0.04,6
curvelanes,curvelanes_valid_ef6a1aa51ec6972c55355ad9ce8adbcd.jpg,0.45,0.927,0.621,0.57,0.029,4
curvelanes,curvelanes_valid_ef8f939d933534322b1e90d83865ef31.jpg,0.527,0.486,0.754,0.618,0.031,6
curvelanes,curvelanes_valid_efb4177639cd4244591aa10e7ba1a4eb.jpg,0.425,1,0.639,0.49,0.041,4
curvelanes,curvelanes_valid_efe9fdeba3ac6a8aa462b34e16c9620d.jpg,0.513,0.713,0.547,0.662,0.02,5
curvelanes,curvelanes_valid_f00971faef978278fe0497c5e57607d1.jpg,0.334,0.865,0.633,0.583,0.047,4
curvelanes,curvelanes_valid_f01d74b7be0d8a0fe23fc8028cf71f7e.jpg,0.369,0.779,0.622,0.65,0.054,5
curvelanes,curvelanes_valid_f0a97b67ba0060043bb66f7eb03babad.jpg,0.407,0.412,0.514,0.727,0.018,6
curvelanes,curvelanes_valid_f0c1e7eeb3a826e6cff3990e24e98315.jpg,0.786,0.338,0.509,0.562,0.046,4
curvelanes,curvelanes_valid_f0de8d4fa3562e99c19d2e427564fda0.jpg,0.511,0.733,0.725,0.615,0.044,5
curvelanes,curvelanes_valid_f0faa629dc5b5a470df29d62505aa797.jpg,0.731,0.451,0.716,0.592,0.014,5
curvelanes,curvelanes_valid_f123cb1365171058799eeb34ad7f1f8e.jpg,0.639,0.414,0.609,0.63,0.025,6
curvelanes,curvelanes_valid_f131bd1e52b546915be9cd803754274d.jpg,0.278,1,0.702,0.631,0.071,5
curvelanes,curvelanes_valid_f132b3a2e1312206889eed17f90f5bb2.jpg,0.871,0.372,0.841,0.581,0.029,9
curvelanes,curvelanes_valid_f1541ea0fffb83888b7b5049a75588b7.jpg,0.749,0.58,0.634,0.596,0.026,6
curvelanes,curvelanes_valid_f1573f20fa7ef4c6428da446f34ef065.jpg,0.791,0.57,0.573,0.61,0.026,6
curvelanes,curvelanes_valid_f17fbde54049635f0e3692858c935bc5.jpg,0.332,0.952,0.643,0.645,0.021,4
curvelanes,curvelanes_valid_f193faff85939244f79b46adf023e2b0.jpg,0.627,0.365,0.62,0.617,0.023,5
curvelanes,curvelanes_valid_f1f5f8b590332850381d629b06b14f3e.jpg,0.663,0.701,0.582,0.719,0.066,3
curvelanes,curvelanes_valid_f202db3e70fe730c1b69dc7863d4c73d.jpg,0.298,0.803,0.591,0.513,0.015,3
curvelanes,curvelanes_valid_f2453b9127436153036e789b292f023d.jpg,0.67,0.372,0.741,0.572,0.023,4
curvelanes,curvelanes_valid_f2506879f27d9c6d8c859b06fcdb447d.jpg,0.453,0.907,0.746,0.607,0.012,5
curvelanes,curvelanes_valid_f25bebb4812efa35313ad64c8f513cdc.jpg,0.749,0.695,0.626,0.477,0.031,3
curvelanes,curvelanes_valid_f26bf588119584a2ba1873c72f0d159a.jpg,0.581,0.312,0.642,0.608,0.022,7
curvelanes,curvelanes_valid_f27b88ce8fd2b5c84b6cf34821b2c597.jpg,0.938,0.434,0.777,0.505,0.045,6
curvelanes,curvelanes_valid_f284a05f87feff6f5a42730d2c8d4f5d.jpg,0.645,0.268,0.823,0.594,0.028,7
curvelanes,curvelanes_valid_f2ca1364291705dbbb35a29ecbb7ba8a.jpg,0.896,0.646,0.71,0.597,0.034,7
curvelanes,curvelanes_valid_f2ca16dac87a8fc7bf31487157f0e85c.jpg,0.461,0.392,0.76,0.504,0.023,7
curvelanes,curvelanes_valid_f2d9144979e60fdab0a2b3d4d48399e7.jpg,0.324,0.407,0.633,0.652,0.018,4
curvelanes,curvelanes_valid_f2ea93b083062fb88e98aa51d84e1b21.jpg,0.808,0.672,0.744,0.481,0.041,5
curvelanes,curvelanes_valid_f2f0a91773dd739833370f0e66cce014.jpg,0.564,0.513,0.588,0.544,0.03,6
curvelanes,curvelanes_valid_f31967da5a58ebfa097ce4c37e99d10b.jpg,0.311,0.737,0.872,0.593,0.022,5
curvelanes,curvelanes_valid_f33f0c9af6a745482e673723ed951184.jpg,0.719,0.351,0.7,0.573,0.018,7
curvelanes,curvelanes_valid_f34f95609a72403ddc9216633b621c48.jpg,0.607,0.605,0.566,0.704,0.031,3
curvelanes,curvelanes_valid_f35aed6d0e57d98e40bc588be889897a.jpg,0.762,0.424,0.708,0.642,0.012,2
curvelanes,curvelanes_valid_f37c48a016dc2cc000bc1344e2baa43d.jpg,0.983,0.588,0.369,0.573,0.016,6
curvelanes,curvelanes_valid_f399d073f6639fec2e1523999e4f0178.jpg,0.512,0.526,0.569,0.633,0.012,4
curvelanes,curvelanes_valid_f3afb8711288a0efb077a64bdd52692a.jpg,0.65,0.501,0.633,0.622,0.025,5
curvelanes,curvelanes_valid_f3ee822c7a31b7129d38bc10f397c2a7.jpg,0.74,1,0.728,0.471,0.051,4
curvelanes,curvelanes_valid_f3f2133b670ea513897b362c31e34636.jpg,0.173,0.987,0.624,0.677,0.025,4
curvelanes,curvelanes_valid_f4066645f98967666ab7a2b7349c5849.jpg,0.224,1,0.754,0.681,0.07,4
curvelanes,curvelanes_valid_f4294125e73a137e66f3a793b1efe5b8.jpg,0.565,0.472,0.59,0.634,0.013,5
curvelanes,curvelanes_valid_f432d77b34ea57f620f0553f8baabdc7.jpg,0.708,0.488,0.711,0.693,0.019,4
curvelanes,curvelanes_valid_f43519ebaa15d770a570d26e19f8dc75.jpg,0.399,0.412,0.719,0.685,0.021,4
curvelanes,curvelanes_valid_f43f6ca2c798156969be5867354cebce.jpg,0.521,1,0.389,0.704,0.023,3
curvelanes,curvelanes_valid_f46f50cf77714f6f49a5f4f58de14fee.jpg,0.455,0.56,0.61,0.623,0.026,5
curvelanes,curvelanes_valid_f47565f18004c61226537c766839dc2c.jpg,0.586,0.958,0.392,0.44,0.045,3
curvelanes,curvelanes_valid_f482d068a58075f9c8b65e3a450c95fe.jpg,0.421,0.337,0.799,0.589,0.036,4
curvelanes,curvelanes_valid_f497515ee15e39de7da15a0e5714e2f3.jpg,0.413,0.366,0.677,0.653,0.018,5
curvelanes,curvelanes_valid_f4afe07ea0b93ab9c63e9d0b08586fe7.jpg,0.995,0.411,0.739,0.585,0.014,6
curvelanes,curvelanes_valid_f4c71d2386f6b658c280e802465ba6cd.jpg,0.593,0.429,0.658,0.632,0.013,6
curvelanes,curvelanes_valid_f4f6e0eb9fa634e56a81aeacf0c75ee7.jpg,0.215,0.656,0.692,0.702,0.017,6
curvelanes,curvelanes_valid_f4fd8d7daf6c826ac49d1f652b1623b7.jpg,0.339,0.403,0.818,0.555,0.016,5
curvelanes,curvelanes_valid_f534a95698cdfe0f8752f1f5e85d6947.jpg,0.177,0.483,0.798,0.756,0.036,5
curvelanes,curvelanes_valid_f53bd242c902e7e43b94dc16d5f2397b.jpg,0.706,0.47,0.78,0.67,0.014,6
curvelanes,curvelanes_valid_f544c9267ebeb465878e081b4c774408.jpg,0.307,1,0.713,0.602,0.029,3
curvelanes,curvelanes_valid_f54c1964de1a1cfa79d180c0fc1d140e.jpg,0.519,0.297,0.705,0.626,0.024,5
curvelanes,curvelanes_valid_f56969381eeb654c84f629a7db397eab.jpg,0.319,0.386,0.693,0.674,0.02,4
curvelanes,curvelanes_valid_f574d1dbb794031dc69ea6910030c3e1.jpg,0.491,0.542,0.727,0.593,0.044,5
curvelanes,curvelanes_valid_f57bc1ca4631ff4f1b1c7292453d6e28.jpg,0.363,0.754,0.576,0.664,0.035,3
curvelanes,curvelanes_valid_f611ea36c04c461b976560c9b0cd9f48.jpg,0.489,0.449,0.644,0.674,0.052,2
curvelanes,curvelanes_valid_f661284c236ef3cbc60696dff52e0c92.jpg,0.208,0.902,0.541,0.657,0.022,4
curvelanes,curvelanes_valid_f6770444b7a2d17b8afda14a6244f936.jpg,0.251,0.57,0.754,0.745,0.022,3
curvelanes,curvelanes_valid_f688a325991833e712ef81e1fa294ea7.jpg,0.627,1,0.5,0.64,0.033,3
curvelanes,curvelanes_valid_f6968f1083c88346e52f437a0016ec2f.jpg,0.591,0.501,0.832,0.512,0.028,5
curvelanes,curvelanes_valid_f69acb136859483a3ebd6cdd30c81118.jpg,0.325,1,0.602,0.708,0.023,5
curvelanes,curvelanes_valid_f69ec49084d9b9b91c5a7ed77d48b92d.jpg,0.692,0.507,0.553,0.57,0.048,4
curvelanes,curvelanes_valid_f6d8bbfc32c3cf441de0d0965b7f3bdf.jpg,0.368,0.51,0.758,0.6,0.051,4
curvelanes,curvelanes_valid_f6da2cf2170d115a1278e8213e900137.jpg,0.684,0.585,0.374,0.669,0.011,5
curvelanes,curvelanes_valid_f6fb7649b67cb2e70e9cc41c03828604.jpg,0.44,0.642,0.628,0.625,0.033,4
curvelanes,curvelanes_valid_f6ff109a563fd5668444091e552eee02.jpg,0.274,0.565,0.791,0.655,0.03,3
curvelanes,curvelanes_valid_f731767f13c74a913a3095ec4b0eac49.jpg,0.725,0.653,0.782,0.53,0.028,4
curvelanes,curvelanes_valid_f74cfd32ef0f2f6b908664737c5274b1.jpg,0.339,0.359,0.689,0.638,0.025,6
curvelanes,curvelanes_valid_f78048fb43bdd6831c06fb33c8fb7d9e.jpg,0.837,0.326,0.608,0.579,0.029,7
curvelanes,curvelanes_valid_f789f3ef871277fcf0cd68328a6047c2.jpg,0.316,0.781,0.547,0.69,0.025,5
curvelanes,curvelanes_valid_f7a2673524c03155f14db1edc9811efc.jpg,0.487,0.627,0.673,0.54,0.025,5
curvelanes,curvelanes_valid_f7c6fd8954a248e897fdd1be994c2bec.jpg,0.553,0.606,0.691,0.513,0.018,3
curvelanes,curvelanes_valid_f7fdcdafdb902d6056e6e1a8224e9c8b.jpg,0.465,1,0.671,0.588,0.016,5
curvelanes,curvelanes_valid_f80ff166e44956da221232fbcc59cb1e.jpg,0.842,0.375,0.565,0.653,0.032,5
curvelanes,curvelanes_valid_f82179d2fb224df4343040ca0fe3b4fb.jpg,0.573,0.68,0.696,0.718,0.035,6
curvelanes,curvelanes_valid_f8663be1c787a42beefdd35177746a62.jpg,0.699,0.352,0.669,0.657,0.017,5
curvelanes,curvelanes_valid_f8718b87a549280da12a5ebc7d0373a9.jpg,0.67,0.343,0.794,0.621,0.059,6
curvelanes,curvelanes_valid_f87248365a2e7b5b69ff2327f0246469.jpg,0.515,1,0.698,0.528,0.069,5
curvelanes,curvelanes_valid_f8747ba0d437d2c4721b7ba3c98c72e6.jpg,0.604,0.377,0.456,0.716,0.042,4
curvelanes,curvelanes_valid_f88a91f7ce212d44a30940fb02979486.jpg,0.512,0.489,0.781,0.641,0.062,6
curvelanes,curvelanes_valid_f8de3295f863c4dc8f977197b0efdd0b.jpg,0.452,0.472,0.686,0.45,0.022,5
curvelanes,curvelanes_valid_f8df2379eaff3773341d87891bec34b2.jpg,0.473,0.786,0.708,0.501,0.01,5
curvelanes,curvelanes_valid_f8e0cc9421ef7e98835ba5f822a01e76.jpg,0.773,0.404,0.782,0.612,0.026,9
curvelanes,curvelanes_valid_f90f49095d0f8982dea166f2a2338023.jpg,0.439,0.541,0.541,0.653,0.046,5
curvelanes,curvelanes_valid_f911b69416841dc699dd338220bdeee0.jpg,0.258,1,0.79,0.669,0.021,4
curvelanes,curvelanes_valid_f93430498b847dd068e1772a64b129bf.jpg,0.297,0.557,0.511,0.717,0.031,5
curvelanes,curvelanes_valid_f93955e48e9c6291593d52376b339b86.jpg,0.408,1,0.708,0.676,0.022,5
curvelanes,curvelanes_valid_f957f8da9c78347c6f9aa14022c860e7.jpg,0.419,0.433,0.63,0.621,0.024,5
curvelanes,curvelanes_valid_f9894b68fba90b95465a84d6f66cbc5c.jpg,0.797,0.416,0.652,0.545,0.042,6
curvelanes,curvelanes_valid_f9d1580a776bb50783af8c6ed75f22fd.jpg,0.198,1,0.71,0.607,0.018,5
curvelanes,curvelanes_valid_f9e5c48d89600618ee338aa66c25a9b6.jpg,0.303,0.715,0.708,0.696,0.019,3
curvelanes,curvelanes_valid_f9f701a8781d9935021c3ff1b802ea4c.jpg,0.298,0.305,0.73,0.62,0.015,3
curvelanes,curvelanes_valid_fa1a5df1d674ef833e75e60db5eeb98c.jpg,0.346,0.262,0.677,0.692,0.025,3
curvelanes,curvelanes_valid_fa1ca455b3ed0abd9edd7983dcc3c405.jpg,0.389,0.771,0.64,0.561,0.024,4
curvelanes,curvelanes_valid_fa230179a552364479553286864d7319.jpg,0.649,0.363,0.539,0.625,0.018,3
curvelanes,curvelanes_valid_fa239cb707669e6dff455d6bd633bd5a.jpg,0.588,0.658,0.662,0.504,0.04,4
curvelanes,curvelanes_valid_fa2776ab7460b6485a21a9dc776c46ba.jpg,0.703,0.78,0.589,0.614,0.047,4
curvelanes,curvelanes_valid_fb289d0be7c89877b7afeeb78a3439ac.jpg,0.698,0.442,0.692,0.56,0.016,5
curvelanes,curvelanes_valid_fb335f4234e80df7cb4f94caeb761a65.jpg,1,0.457,0.677,0.553,0.041,6
curvelanes,curvelanes_valid_fb346fcd1ac251e0691b65ac625b804e.jpg,0.534,0.408,0.654,0.645,0.019,6
curvelanes,curvelanes_valid_fb37d432857407695adc0cf59efe97fd.jpg,0.141,0.627,0.544,0.632,0.067,2
curvelanes,curvelanes_valid_fb5e4f38d57a9c319b3507e9c8065c8b.jpg,0.453,1,0.671,0.648,0.025,6
curvelanes,curvelanes_valid_fb90c8899b86e1d84b5c199c6aed4547.jpg,0.568,0.47,0.657,0.607,0.032,8
curvelanes,curvelanes_valid_fb978ba3ae8013649c686e0eeeae0d77.jpg,0.88,0.606,0.75,0.627,0.042,5
curvelanes,curvelanes_valid_fbdbd5c2484664ee46f1f358ffd8dcc9.jpg,0.774,0.71,0.743,0.535,0.058,5
curvelanes,curvelanes_valid_fbdc3a5d8a50a36370b7e61c57685839.jpg,0.67,0.502,0.76,0.572,0.019,8
curvelanes,curvelanes_valid_fbf22b6b64eb5efcc90c8a0c45000ba4.jpg,0.507,0.484,0.702,0.566,0.012,7
curvelanes,curvelanes_valid_fc239c0438f552cebb27a04034c3dd8e.jpg,0.321,1,0.699,0.625,0.029,3
curvelanes,curvelanes_valid_fc26067ea9c970e8ec777edbb558dfb1.jpg,0.294,1,0.734,0.568,0.025,4
curvelanes,curvelanes_valid_fc2f06a668fc872c97d8ad7c627cca3a.jpg,0.379,1,0.583,0.578,0.028,4
curvelanes,curvelanes_valid_fc330bb17297ca9e54a20e62a68ca5b3.jpg,0.695,0.276,0.676,0.61,0.02,5
curvelanes,curvelanes_valid_fc5a2f3a4da9ed8f5341df62831b7424.jpg,0.798,0.528,0.733,0.542,0.031,4
curvelanes,curvelanes_valid_fc60ffc9e6ec6fb9cf662e564304441e.jpg,0.543,1,0.729,0.393,0.024,6
curvelanes,curvelanes_valid_fc69bb2dbc0ccc1ac13066982523fb7b.jpg,0.367,1,0.774,0.656,0.045,4
curvelanes,curvelanes_valid_fc6db3b14e51f059cf0ec3eb3725bd19.jpg,0.225,1,0.654,0.626,0.041,3
curvelanes,curvelanes_valid_fc9416ba85e311444d32389053c57f24.jpg,0.423,0.455,0.656,0.659,0.02,5
curvelanes,curvelanes_valid_fca31c833dfab36201b74dd200e2582d.jpg,0.134,1,0.628,0.763,0.023,3
curvelanes,curvelanes_valid_fcab9650467deb65a364192ebfdea45a.jpg,0.609,0.448,0.57,0.513,0.026,4
curvelanes,curvelanes_valid_fcedc071fbcce639afb11ae3d72907d1.jpg,0.417,0.411,0.643,0.521,0.019,4
curvelanes,curvelanes_valid_fcfa699ce9fc386e429fff1b50dffd70.jpg,0.844,0.504,0.796,0.623,0.02,8
curvelanes,curvelanes_valid_fd31ec741b9db554e44cf964615325b6.jpg,0.464,0.393,0.667,0.602,0.014,5
curvelanes,curvelanes_valid_fd5dbbaddc19a4bf4489a537a6a52286.jpg,0.295,0.718,0.561,0.685,0.041,2
curvelanes,curvelanes_valid_fd6bb59ac9baf8cef24351b3a92fe636.jpg,0.349,1,0.768,0.533,0.01,6
curvelanes,curvelanes_valid_fde83c7b2bb77b5ad117b5722770cc48.jpg,0.594,0.886,0.582,0.662,0.03,6
curvelanes,curvelanes_valid_fe48d246db2f31c6f4cf4f22b70c2d11.jpg,0.422,0.504,0.655,0.669,0.021,4
curvelanes,curvelanes_valid_fe4aabc022a984cd656c2b1b2ab86176.jpg,0.318,0.686,0.608,0.717,0.025,5
curvelanes,curvelanes_valid_fe6c593e9161eca83e5a72f9489c19a1.jpg,0.268,0.474,0.573,0.764,0.053,5
curvelanes,curvelanes_valid_fe9dfce23bea25749673505da5a83652.jpg,0.722,0.274,0.513,0.687,0.043,5
curvelanes,curvelanes_valid_fea91c02b248f907786adc740aa0f556.jpg,0.701,0.7,0.563,0.628,0.015,2
curvelanes,curvelanes_valid_feaa2e6dc09c72449257f8c02b66a682.jpg,0.523,0.349,0.654,0.629,0.03,3
curvelanes,curvelanes_valid_feac8c99f2bc9096b4863275b38e9785.jpg,0.648,0.324,0.672,0.598,0.009,6
curvelanes,curvelanes_valid_feaf8d98a0af0270cfe627e04b1567d0.jpg,0.532,0.676,0.56,0.699,0.017,5
curvelanes,curvelanes_valid_feb3b46af32b08eb225a3eb0abcad030.jpg,0.484,0.847,0.765,0.51,0.017,5
curvelanes,curvelanes_valid_feeff8a551d4fda26e58e81c888f40fc.jpg,0.809,0.431,0.818,0.579,0.015,5
curvelanes,curvelanes_valid_fef0ba0d7f5331952187b521851dd60f.jpg,0.377,0.478,0.633,0.677,0.021,4
curvelanes,curvelanes_valid_ff66e5738f94b1a759fc95d2ce9ca3e8.jpg,0.437,0.379,0.686,0.655,0.021,4
curvelanes,curvelanes_valid_ff881419024c7103e141998dc98a069d.jpg,0.757,0.318,0.79,0.58,0.023,8
curvelanes,curvelanes_valid_ff92a423743919ec4144b762311d9e20.jpg,0.67,0.518,0.669,0.518,0.014,3
curvelanes,curvelanes_valid_ffed848e306fad94554004dfc5c81aa5.jpg,0.588,0.896,0.81,0.655,0.04,4
curvelanes,curvelanes_valid_ffee21a89dc6bdf87294dcfeba8c6f48.jpg,0.139,0.834,0.816,0.496,0.005,4
tusimple,tusimple_test_clips_0530_1492626047222176976_0_20.jpg,0.762,1,0.862,0.521,0.073,5
tusimple,tusimple_test_clips_0530_1492626126171818168_0_20.jpg,0.992,1,0.686,0.573,0.101,3
tusimple,tusimple_test_clips_0530_1492626127172745520_0_20.jpg,0.925,0.819,0.605,0.53,0.036,3
tusimple,tusimple_test_clips_0530_1492626153155598528_0_20.jpg,0.674,0.918,0.34,0.656,0.094,4
tusimple,tusimple_test_clips_0530_1492626155156451704_0_20.jpg,0.803,0.854,0.534,0.589,0.089,4
tusimple,tusimple_test_clips_0530_1492626158152981904_0_20.jpg,0.776,0.884,0.512,0.57,0.073,4
tusimple,tusimple_test_clips_0530_1492626166147797438_0_20.jpg,0.934,0.635,0.514,0.566,0,4
tusimple,tusimple_test_clips_0530_1492626171146236124_0_20.jpg,0.891,0.585,0.428,0.602,0,4
tusimple,tusimple_test_clips_0530_1492626199127566374_0_20.jpg,0.791,1,0.485,0.532,0,4
tusimple,tusimple_test_clips_0530_1492626224112349377_0_20.jpg,0.938,0.636,0.483,0.595,0,3
tusimple,tusimple_test_clips_0530_1492626252095353084_0_20.jpg,0.973,0.572,0.601,0.612,0.001,4
tusimple,tusimple_test_clips_0530_1492626257094533319_0_20.jpg,0.923,0.896,0.696,0.576,0.049,4
tusimple,tusimple_test_clips_0530_1492626268085982449_0_20.jpg,0.925,0.801,0.645,0.633,0.158,4
tusimple,tusimple_test_clips_0530_1492626281077831064_0_20.jpg,0.886,0.782,0.588,0.595,0.07,4
tusimple,tusimple_test_clips_0530_1492626295069332660_0_20.jpg,0.94,0.689,0.548,0.497,0.015,4
tusimple,tusimple_test_clips_0530_1492626296068790749_0_20.jpg,0.822,0.728,0.496,0.514,0.024,4
tusimple,tusimple_test_clips_0530_1492626310060328558_0_20.jpg,0.922,0.935,0.457,0.592,0.009,3
tusimple,tusimple_test_clips_0530_1492626328182638628_0_20.jpg,0.72,1,0.253,0.635,0.001,3
tusimple,tusimple_test_clips_0530_1492626329051620125_0_20.jpg,0.689,1,0.362,0.637,0,3
tusimple,tusimple_test_clips_0530_1492626332046889058_0_20.jpg,0.811,0.819,0.531,0.568,0.008,3
tusimple,tusimple_test_clips_0530_1492626333048395643_0_20.jpg,0.993,0.519,0.453,0.623,0.011,3
tusimple,tusimple_test_clips_0530_1492626352035311824_0_20.jpg,1,0.59,0.466,0.653,0.067,3
tusimple,tusimple_test_clips_0530_1492626365026938643_0_20.jpg,0.945,0.573,0.174,0.597,0.021,3
tusimple,tusimple_test_clips_0530_1492626377020978777_0_20.jpg,0.962,0.579,0.401,0.619,0,3
tusimple,tusimple_test_clips_0530_1492626378019057532_0_20.jpg,0.956,0.517,0.38,0.653,0,3
tusimple,tusimple_test_clips_0530_1492626385017367112_0_20.jpg,0.969,0.485,0.46,0.608,0,3
tusimple,tusimple_test_clips_0530_1492626397007603377_0_20.jpg,0.981,0.504,0.435,0.654,0.003,3
tusimple,tusimple_test_clips_0530_1492626399006260863_0_20.jpg,0.974,0.507,0.41,0.6,0.028,3
tusimple,tusimple_test_clips_0530_1492626400007505585_0_20.jpg,0.975,0.547,0.391,0.669,0.032,3
tusimple,tusimple_test_clips_0530_1492626403003818942_0_20.jpg,1,0.52,0.459,0.591,0.035,3
tusimple,tusimple_test_clips_0530_1492626407001477472_0_20.jpg,0.994,0.553,0.46,0.653,0.024,3
tusimple,tusimple_test_clips_0530_1492626409999627292_0_20.jpg,1,0.466,0.338,0.66,0.003,3
tusimple,tusimple_test_clips_0530_1492626415996019388_0_20.jpg,0.993,0.456,0.434,0.64,0,3
tusimple,tusimple_test_clips_0530_1492626441983295158_0_20.jpg,1,0.467,0.479,0.673,0.003,3
tusimple,tusimple_test_clips_0530_1492626447976734549_0_20.jpg,1,0.47,0.416,0.65,0,3
tusimple,tusimple_test_clips_0530_1492626448977859435_0_20.jpg,1,0.484,0.433,0.677,0,3
tusimple,tusimple_test_clips_0530_1492626463967080222_0_20.jpg,0.815,1,0.813,0.6,0.06,3
tusimple,tusimple_test_clips_0530_1492626474960184894_0_20.jpg,0.824,1,0.763,0.466,0,3
tusimple,tusimple_test_clips_0530_1492626480958429729_0_20.jpg,0.77,1,0.812,0.631,0.008,3
tusimple,tusimple_test_clips_0530_1492626485953676547_0_20.jpg,0.982,1,0.7,0.665,0.09,3
tusimple,tusimple_test_clips_0530_1492626500945677831_0_20.jpg,0.813,1,0.855,0.622,0.017,3
tusimple,tusimple_test_clips_0530_1492626502944016901_0_20.jpg,0.829,1,0.848,0.687,0.008,3
tusimple,tusimple_test_clips_0530_1492626510939139979_0_20.jpg,0.846,1,0.849,0.521,0.078,3
tusimple,tusimple_test_clips_0530_1492626520934288174_0_20.jpg,0.927,1,0.84,0.563,0.098,3
tusimple,tusimple_test_clips_0530_1492626542919708477_0_20.jpg,0.889,1,0.821,0.541,0.06,3
tusimple,tusimple_test_clips_0530_1492626546917370744_0_20.jpg,0.787,1,0.791,0.647,0.093,3
tusimple,tusimple_test_clips_0530_1492626554912480501_0_20.jpg,0.732,1,0.751,0.599,0,3
tusimple,tusimple_test_clips_0530_1492626557910666218_0_20.jpg,0.805,1,0.777,0.611,0.004,3
tusimple,tusimple_test_clips_0530_1492626578897175290_0_20.jpg,1,0.912,0.646,0.628,0.04,3
tusimple,tusimple_test_clips_0530_1492626581895428615_0_20.jpg,0.835,0.841,0.718,0.644,0.025,3
tusimple,tusimple_test_clips_0530_1492626582894858302_0_20.jpg,0.877,0.931,0.698,0.597,0.043,3
tusimple,tusimple_test_clips_0530_1492626592888849021_0_20.jpg,0.988,1,0.725,0.554,0.043,3
tusimple,tusimple_test_clips_0530_1492626606880168230_0_20.jpg,0.79,1,0.775,0.567,0.016,3
tusimple,tusimple_test_clips_0530_1492626611879628614_0_20.jpg,0.838,1,0.824,0.599,0.081,3
tusimple,tusimple_test_clips_0530_1492626613875984115_0_20.jpg,0.822,1,0.818,0.568,0.071,3
tusimple,tusimple_test_clips_0530_1492626621871127985_0_20.jpg,0.813,1,0.804,0.545,0,3
tusimple,tusimple_test_clips_0530_1492626624869329136_0_20.jpg,0.718,1,0.829,0.617,0,3
tusimple,tusimple_test_clips_0530_1492626636862465790_0_20.jpg,0.685,1,0.744,0.524,0.083,3
tusimple,tusimple_test_clips_0530_1492626637861461084_0_20.jpg,0.642,1,0.747,0.612,0.06,3
tusimple,tusimple_test_clips_0530_1492626642858691498_0_20.jpg,0.887,1,0.769,0.508,0.057,3
tusimple,tusimple_test_clips_0530_1492626659848115373_0_20.jpg,0.818,1,0.775,0.604,0.017,3
tusimple,tusimple_test_clips_0530_1492626660847529842_0_20.jpg,0.881,1,0.803,0.621,0,3
tusimple,tusimple_test_clips_0530_1492626678839067297_0_20.jpg,0.823,1,0.783,0.611,0.061,3
tusimple,tusimple_test_clips_0530_1492626682834154260_0_20.jpg,0.896,1,0.75,0.551,0.057,4
tusimple,tusimple_test_clips_0530_1492626698824699002_0_20.jpg,0.826,1,0.83,0.6,0.104,3
tusimple,tusimple_test_clips_0530_1492626700823321621_0_20.jpg,0.935,1,0.824,0.593,0.095,3
tusimple,tusimple_test_clips_0530_1492626704820890456_0_20.jpg,0.819,1,0.823,0.654,0.016,3
tusimple,tusimple_test_clips_0530_1492626710817184556_0_20.jpg,0.839,1,0.814,0.588,0.022,3
tusimple,tusimple_test_clips_0530_1492626713815367437_0_20.jpg,0.882,1,0.803,0.595,0.005,3
tusimple,tusimple_test_clips_0530_1492626717813442341_0_20.jpg,0.884,1,0.794,0.593,0.072,3
tusimple,tusimple_test_clips_0530_1492626729805702922_0_20.jpg,0.844,0.872,0.519,0.628,0.001,4
tusimple,tusimple_test_clips_0530_1492626731804471304_0_20.jpg,0.877,1,0.778,0.541,0,4
tusimple,tusimple_test_clips_0530_1492626735802101275_0_20.jpg,0.79,1,0.731,0.65,0,4
tusimple,tusimple_test_clips_0530_1492626769781603410_0_20.jpg,1,1,0.778,0.561,0,4
tusimple,tusimple_test_clips_0530_1492626773780024386_0_20.jpg,0.861,1,0.809,0.571,0,4
tusimple,tusimple_test_clips_0530_1492626783777220274_0_20.jpg,0.91,1,0.789,0.636,0,4
tusimple,tusimple_test_clips_0530_1492626791768248834_0_20.jpg,0.963,1,0.745,0.608,0.103,4
tusimple,tusimple_test_clips_0530_1492626809757578833_0_20.jpg,0.954,1,0.815,0.631,0,4
tusimple,tusimple_test_clips_0530_1492626815753688929_0_20.jpg,0.847,0.725,0.743,0.534,0,4
tusimple,tusimple_test_clips_0530_1492626819751162937_0_20.jpg,0.825,1,0.826,0.607,0.058,4
tusimple,tusimple_test_clips_0530_1492626827747337449_0_20.jpg,0.872,1,0.8,0.556,0.09,5
tusimple,tusimple_test_clips_0530_1492626835744084332_0_20.jpg,0.819,1,0.796,0.617,0.001,4
tusimple,tusimple_test_clips_0530_1492626840739945544_0_20.jpg,0.974,1,0.796,0.606,0,4
tusimple,tusimple_test_clips_0530_1492626847734235723_0_20.jpg,0.829,1,0.815,0.598,0.001,4
tusimple,tusimple_test_clips_0530_1492626861725776049_0_20.jpg,0.945,1,0.799,0.568,0,4
tusimple,tusimple_test_clips_0530_1492626875719975670_0_20.jpg,0.769,1,0.898,0.614,0,4
tusimple,tusimple_test_clips_0530_1492626876719203773_0_20.jpg,0.75,1,0.894,0.643,0.001,4
tusimple,tusimple_test_clips_0530_1492626886710588325_0_20.jpg,0.821,1,0.899,0.649,0,4
tusimple,tusimple_test_clips_0530_1492626888709649298_0_20.jpg,1,1,0.9,0.672,0,4
tusimple,tusimple_test_clips_0530_1492626893706409672_0_20.jpg,0.895,1,0.899,0.714,0,4
tusimple,tusimple_test_clips_0530_1492626894705755667_0_20.jpg,0.842,1,0.901,0.683,0,4
tusimple,tusimple_test_clips_0530_1492626896704559322_0_20.jpg,0.746,1,0.905,0.713,0.003,4
tusimple,tusimple_test_clips_0530_1492626897706366921_0_20.jpg,0.754,1,0.914,0.684,0.009,4
tusimple,tusimple_test_clips_0530_1492626903700374549_0_20.jpg,0.775,1,0.806,0.443,0.027,4
tusimple,tusimple_test_clips_0530_1492626911695395235_0_20.jpg,0.844,1,0.918,0.58,0.034,4
tusimple,tusimple_test_clips_0530_1492626915693016272_0_20.jpg,0.771,1,0.912,0.725,0.05,4
tusimple,tusimple_test_clips_0530_1492626918691301219_0_20.jpg,1,1,0.889,0.602,0.153,4
tusimple,tusimple_test_clips_0530_1492626923688137552_0_20.jpg,0.835,1,0.822,0.62,0.056,4
tusimple,tusimple_test_clips_0530_1492626931683567851_0_20.jpg,1,1,0.868,0.691,0.069,4
tusimple,tusimple_test_clips_0530_1492626942676696430_0_20.jpg,0.748,1,0.875,0.629,0.061,4
tusimple,tusimple_test_clips_0530_1492626947673715389_0_20.jpg,0.756,1,0.897,0.688,0.023,4
tusimple,tusimple_test_clips_0530_1492626959669246176_0_20.jpg,0.896,1,0.888,0.625,0.088,4
tusimple,tusimple_test_clips_0530_1492626966663670505_0_20.jpg,1,1,0.902,0.625,0.091,4
tusimple,tusimple_test_clips_0530_1492626974659207042_0_20.jpg,0.73,1,0.893,0.609,0.045,5
tusimple,tusimple_test_clips_0530_1492626975657150279_0_20.jpg,0.769,1,0.882,0.562,0.068,5
tusimple,tusimple_test_clips_0530_1492626978657094501_0_20.jpg,0.773,1,0.883,0.604,0.059,4
tusimple,tusimple_test_clips_0530_1492626981653007835_0_20.jpg,0.681,1,0.895,0.651,0.02,4
tusimple,tusimple_test_clips_0530_1492626988650418067_0_20.jpg,0.928,0.407,0.493,0.652,0.141,4
tusimple,tusimple_test_clips_0530_1492626989648235301_0_20.jpg,0.946,0.446,0.589,0.592,0.164,4
tusimple,tusimple_test_clips_0530_1492626991650059747_0_20.jpg,0.945,0.462,0.584,0.584,0.093,4
tusimple,tusimple_test_clips_0530_1492626995644552855_0_20.jpg,0.95,0.528,0.547,0.633,0.188,4
tusimple,tusimple_test_clips_0530_1492626996647452597_0_20.jpg,0.924,0.468,0.524,0.625,0.168,4
tusimple,tusimple_test_clips_0530_1492627005639111172_0_20.jpg,0.995,0.538,0.577,0.586,0.034,4
tusimple,tusimple_test_clips_0530_1492627015632397894_0_20.jpg,0.948,0.578,0.615,0.604,0.073,4
tusimple,tusimple_test_clips_0530_1492627016631847635_0_20.jpg,1,0.525,0.591,0.568,0.083,4
tusimple,tusimple_test_clips_0530_1492627024628422609_0_20.jpg,0.889,0.581,0.668,0.672,0,4
tusimple,tusimple_test_clips_0530_1492627025626349709_0_20.jpg,0.892,0.634,0.641,0.495,0,4
tusimple,tusimple_test_clips_0530_1492627026625853755_0_20.jpg,0.952,0.446,0.544,0.628,0,4
tusimple,tusimple_test_clips_0530_1492627031625585314_0_20.jpg,0.943,0.499,0.561,0.574,0,4
tusimple,tusimple_test_clips_0530_1492627032622200926_0_20.jpg,0.842,0.483,0.621,0.624,0.001,4
tusimple,tusimple_test_clips_0530_1492627045614528253_0_20.jpg,0.881,0.518,0.616,0.602,0.06,4
tusimple,tusimple_test_clips_0530_1492627051610632948_0_20.jpg,0.838,0.476,0.622,0.623,0.07,4
tusimple,tusimple_test_clips_0530_1492627059605858352_0_20.jpg,0.807,0.589,0.512,0.618,0.001,4
tusimple,tusimple_test_clips_0530_1492627068602933406_0_20.jpg,0.912,0.596,0.594,0.503,0,4
tusimple,tusimple_test_clips_0530_1492627069599675377_0_20.jpg,0.881,0.548,0.556,0.584,0,4
tusimple,tusimple_test_clips_0530_1492627071599036251_0_20.jpg,0.915,0.482,0.582,0.642,0,4
tusimple,tusimple_test_clips_0530_1492627072597855670_0_20.jpg,0.938,0.464,0.544,0.631,0,4
tusimple,tusimple_test_clips_0530_1492627077594910499_0_20.jpg,0.958,0.585,0.565,0.585,0.003,4
tusimple,tusimple_test_clips_0530_1492627081595031715_0_20.jpg,0.977,0.574,0.579,0.568,0.005,4
tusimple,tusimple_test_clips_0530_1492627085590025327_0_20.jpg,0.949,0.528,0.61,0.609,0.001,4
tusimple,tusimple_test_clips_0530_1492627096583412101_0_20.jpg,0.88,0.45,0.63,0.551,0.007,4
tusimple,tusimple_test_clips_0530_1492627107576690001_0_20.jpg,0.935,0.423,0.564,0.632,0,4
tusimple,tusimple_test_clips_0530_1492627113574613769_0_20.jpg,0.93,0.562,0.566,0.6,0,4
tusimple,tusimple_test_clips_0530_1492627118570353815_0_20.jpg,0.829,0.664,0.467,0.587,0,4
tusimple,tusimple_test_clips_0530_1492627121568264873_0_20.jpg,0.867,0.627,0.537,0.564,0.001,4
tusimple,tusimple_test_clips_0530_1492627128564091098_0_20.jpg,0.948,0.725,0.559,0.528,0.101,4
tusimple,tusimple_test_clips_0530_1492627131563227541_0_20.jpg,0.944,0.605,0.618,0.56,0.089,4
tusimple,tusimple_test_clips_0530_1492627146553156861_0_20.jpg,0.961,0.566,0.572,0.604,0.051,4
tusimple,tusimple_test_clips_0530_1492627152549544661_0_20.jpg,1,0.541,0.592,0.63,0.08,4
tusimple,tusimple_test_clips_0530_1492627153549159239_0_20.jpg,0.965,0.478,0.601,0.635,0.07,4
tusimple,tusimple_test_clips_0530_1492627163542737719_0_20.jpg,0.905,0.494,0.623,0.578,0.101,4
tusimple,tusimple_test_clips_0530_1492627165541605354_0_20.jpg,0.96,0.58,0.596,0.574,0.013,5
tusimple,tusimple_test_clips_0530_1492627167541142334_0_20.jpg,0.967,0.524,0.621,0.645,0.001,4
tusimple,tusimple_test_clips_0530_1492627171538356342_0_20.jpg,0.943,0.514,0.607,0.633,0.108,4
tusimple,tusimple_test_clips_0530_1492627183530681494_0_20.jpg,0.968,0.657,0.576,0.572,0.025,5
tusimple,tusimple_test_clips_0530_1492627185529526977_0_20.jpg,0.886,0.686,0.539,0.672,0,5
tusimple,tusimple_test_clips_0530_1492627187528823120_0_20.jpg,0.987,0.633,0.614,0.59,0.001,4
tusimple,tusimple_test_clips_0530_1492627191526057088_0_20.jpg,0.831,0.498,0.673,0.673,0.003,4
tusimple,tusimple_test_clips_0530_1492627205517371213_0_20.jpg,0.989,0.398,0.566,0.67,0.047,4
tusimple,tusimple_test_clips_0530_1492627207516112451_0_20.jpg,0.98,0.502,0.566,0.548,0.057,4
tusimple,tusimple_test_clips_0530_1492627226504569565_0_20.jpg,0.948,0.628,0.569,0.545,0,4
tusimple,tusimple_test_clips_0530_1492627239496805831_0_20.jpg,0.914,0.46,0.582,0.586,0.048,4
tusimple,tusimple_test_clips_0530_1492627241495479652_0_20.jpg,0.903,0.483,0.673,0.574,0.026,4
tusimple,tusimple_test_clips_0530_1492627243495944168_0_20.jpg,0.95,0.418,0.678,0.562,0.033,4
tusimple,tusimple_test_clips_0530_1492627244493967020_0_20.jpg,0.945,0.457,0.557,0.603,0.03,4
tusimple,tusimple_test_clips_0530_1492627245493306361_0_20.jpg,0.898,0.424,0.598,0.578,0.008,4
tusimple,tusimple_test_clips_0530_1492627251489525143_0_20.jpg,0.829,0.717,0.517,0.619,0,4
tusimple,tusimple_test_clips_0530_1492627275477495330_0_20.jpg,0.993,0.417,0.588,0.669,0.074,4
tusimple,tusimple_test_clips_0530_1492627287468650122_0_20.jpg,0.861,0.753,0.478,0.604,0.001,4
tusimple,tusimple_test_clips_0530_1492627289466433533_0_20.jpg,0.905,0.47,0.496,0.671,0.005,4
tusimple,tusimple_test_clips_0530_1492627295464537597_0_20.jpg,1,0.489,0.448,0.653,0.19,4
tusimple,tusimple_test_clips_0530_1492627315450775468_0_20.jpg,1,0.556,0.619,0.639,0.077,5
tusimple,tusimple_test_clips_0530_1492627321448785174_0_20.jpg,0.87,0.587,0.578,0.573,0.067,5
tusimple,tusimple_test_clips_0530_1492627322446863141_0_20.jpg,0.933,0.479,0.532,0.645,0.085,4
tusimple,tusimple_test_clips_0530_1492627323446214362_0_20.jpg,0.935,0.538,0.564,0.619,0.076,5
tusimple,tusimple_test_clips_0530_1492627326444405947_0_20.jpg,0.948,0.621,0.636,0.523,0.063,4
tusimple,tusimple_test_clips_0530_1492627330443401562_0_20.jpg,0.92,0.617,0.6,0.554,0.068,4
tusimple,tusimple_test_clips_0530_1492627332441484103_0_20.jpg,0.897,0.574,0.649,0.606,0.07,4
tusimple,tusimple_test_clips_0530_1492627335438978348_0_20.jpg,0.932,0.609,0.67,0.578,0.042,4
tusimple,tusimple_test_clips_0530_1492627345432592947_0_20.jpg,0.931,0.557,0.632,0.586,0.037,4
tusimple,tusimple_test_clips_0530_1492627375547770858_0_20.jpg,0.963,0.574,0.272,0.506,0.039,3
tusimple,tusimple_test_clips_0530_1492627389539518347_0_20.jpg,0.983,0.651,0.507,0.547,0.05,3
tusimple,tusimple_test_clips_0530_1492627406528906037_0_20.jpg,0.994,0.686,0.537,0.536,0,3
tusimple,tusimple_test_clips_0530_1492627411525962908_0_20.jpg,0.963,0.719,0.493,0.589,0,3
tusimple,tusimple_test_clips_0530_1492627422519534914_0_20.jpg,0.994,0.615,0.446,0.534,0,3
tusimple,tusimple_test_clips_0530_1492627427516214216_0_20.jpg,0.965,0.602,0.438,0.561,0.05,3
tusimple,tusimple_test_clips_0530_1492627436511116530_0_20.jpg,0.844,1,0.393,0.573,0.063,3
tusimple,tusimple_test_clips_0530_1492627448503569456_0_20.jpg,0.917,0.854,0.461,0.564,0.001,3
tusimple,tusimple_test_clips_0530_1492627456498688656_0_20.jpg,0.88,1,0.399,0.523,0,3
tusimple,tusimple_test_clips_0530_1492627471490503361_0_20.jpg,0.9,0.971,0.599,0.555,0.052,3
tusimple,tusimple_test_clips_0530_1492627476056061974_0_20.jpg,0.976,0.822,0.516,0.64,0.008,3
tusimple,tusimple_test_clips_0530_1492627478052569489_0_20.jpg,0.959,1,0.587,0.6,0.053,3
tusimple,tusimple_test_clips_0530_1492627483482427157_0_20.jpg,0.963,0.723,0.544,0.604,0.071,3
tusimple,tusimple_test_clips_0530_1492627487481443970_0_20.jpg,1,0.678,0.493,0.601,0.093,3
tusimple,tusimple_test_clips_0530_1492627491479844617_0_20.jpg,1,0.552,0.261,0.588,0.1,3
tusimple,tusimple_test_clips_0530_1492627506468379696_0_20.jpg,1,0.593,0.527,0.585,0.001,3
tusimple,tusimple_test_clips_0530_1492627507467762037_0_20.jpg,1,0.541,0.462,0.516,0,3
tusimple,tusimple_test_clips_0530_1492627509466736747_0_20.jpg,0.969,0.514,0.482,0.598,0,3
tusimple,tusimple_test_clips_0530_1492627516464863401_0_20.jpg,1,0.56,0.414,0.605,0.088,3
tusimple,tusimple_test_clips_0530_1492627519461260231_0_20.jpg,1,0.649,0.509,0.545,0.116,3
tusimple,tusimple_test_clips_0530_1492627521459643220_0_20.jpg,1,0.623,0.484,0.492,0.096,3
tusimple,tusimple_test_clips_0530_1492627522458693923_0_20.jpg,1,0.624,0.534,0.593,0.111,3
tusimple,tusimple_test_clips_0530_1492627538449001625_0_20.jpg,1,0.591,0.64,0.611,0.001,3
tusimple,tusimple_test_clips_0530_1492627542447469476_0_20.jpg,1,0.831,0.526,0.526,0.074,3
tusimple,tusimple_test_clips_0530_1492627568430867765_0_20.jpg,0.974,0.72,0.464,0.631,0,3
tusimple,tusimple_test_clips_0530_1492627576427399372_0_20.jpg,1,0.622,0.457,0.602,0.031,3
tusimple,tusimple_test_clips_0530_1492627584423624703_0_20.jpg,1,0.7,0.574,0.603,0.122,3
tusimple,tusimple_test_clips_0530_1492627589418247276_0_20.jpg,0.952,0.501,0.597,0.617,0.077,3
tusimple,tusimple_test_clips_0530_1492627596413842975_0_20.jpg,1,0.661,0.602,0.624,0.07,3
tusimple,tusimple_test_clips_0530_1492627604409027945_0_20.jpg,0.923,0.667,0.514,0.624,0.05,3
tusimple,tusimple_test_clips_0530_1492627616403460256_0_20.jpg,0.992,0.646,0.505,0.558,0.041,3
tusimple,tusimple_test_clips_0530_1492627617401176660_0_20.jpg,0.991,0.654,0.514,0.654,0.047,3
tusimple,tusimple_test_clips_0530_1492627623397634849_0_20.jpg,0.991,0.569,0.577,0.642,0.043,3
tusimple,tusimple_test_clips_0530_1492627631392675234_0_20.jpg,1,0.76,0.595,0.613,0.025,3
tusimple,tusimple_test_clips_0530_1492627637390227238_0_20.jpg,1,0.56,0.578,0.639,0,3
tusimple,tusimple_test_clips_0530_1492627645384200575_0_20.jpg,1,0.686,0.667,0.561,0.042,3
tusimple,tusimple_test_clips_0530_1492627657379232618_0_20.jpg,1,0.525,0.661,0.55,0.034,3
tusimple,tusimple_test_clips_0530_1492627662373875151_0_20.jpg,1,0.474,0.658,0.631,0.036,3
tusimple,tusimple_test_clips_0530_1492627667370949507_0_20.jpg,1,0.508,0.683,0.528,0.041,3
tusimple,tusimple_test_clips_0530_1492627669371120009_0_20.jpg,1,0.654,0.611,0.585,0.034,3
tusimple,tusimple_test_clips_0530_1492627672367814691_0_20.jpg,1,0.402,0.508,0.599,0.038,3
tusimple,tusimple_test_clips_0530_1492627682361773741_0_20.jpg,0.935,0.738,0.595,0.543,0,3
tusimple,tusimple_test_clips_0530_1492627690357370915_0_20.jpg,0.992,0.653,0.634,0.585,0,3
tusimple,tusimple_test_clips_0530_1492627698352159316_0_20.jpg,1,0.643,0.65,0.541,0.044,3
tusimple,tusimple_test_clips_0530_1492627718341128206_0_20.jpg,1,0.704,0.619,0.535,0.129,3
tusimple,tusimple_test_clips_0530_1492627725338254050_0_20.jpg,1,0.61,0.582,0.587,0.042,3
tusimple,tusimple_test_clips_0530_1492627729333352241_0_20.jpg,1,0.584,0.515,0.643,0.023,3
tusimple,tusimple_test_clips_0530_1492627732331747945_0_20.jpg,1,0.655,0.588,0.563,0.02,3
tusimple,tusimple_test_clips_0530_1492627745323635143_0_20.jpg,0.994,0.581,0.624,0.566,0.001,3
tusimple,tusimple_test_clips_0530_1492627765314283120_0_20.jpg,0.826,0.767,0.389,0.663,0,3
tusimple,tusimple_test_clips_0530_1492627767312822380_0_20.jpg,0.832,0.95,0.455,0.623,0,3
tusimple,tusimple_test_clips_0530_1492627770310824001_0_20.jpg,0.912,0.552,0.482,0.603,0,3
tusimple,tusimple_test_clips_0530_1492627774306120473_0_20.jpg,0.987,0.559,0.571,0.574,0.002,3
tusimple,tusimple_test_clips_0530_1492627776307494740_0_20.jpg,0.994,0.597,0.541,0.647,0.003,3
tusimple,tusimple_test_clips_0530_1492627777304300677_0_20.jpg,1,0.723,0.514,0.592,0,3
tusimple,tusimple_test_clips_0530_1492627815283424034_0_20.jpg,0.988,0.571,0.416,0.601,0.009,3
tusimple,tusimple_test_clips_0530_1492627826275828556_0_20.jpg,1,0.556,0.564,0.6,0.057,3
tusimple,tusimple_test_clips_0530_1492627828273402796_0_20.jpg,0.993,0.617,0.576,0.598,0.063,3
tusimple,tusimple_test_clips_0530_1492627830272283289_0_20.jpg,1,0.524,0.608,0.561,0.052,3
tusimple,tusimple_test_clips_0530_1492627834271872693_0_20.jpg,1,0.551,0.53,0.661,0.04,3
tusimple,tusimple_test_clips_0530_1492627841265914733_0_20.jpg,1,0.427,0.377,0.608,0.014,3
tusimple,tusimple_test_clips_0530_1492627847264792356_0_20.jpg,1,0.544,0.54,0.609,0,3
tusimple,tusimple_test_clips_0530_1492627854257736884_0_20.jpg,0.933,0.646,0.442,0.588,0,3
tusimple,tusimple_test_clips_0530_1492627856256475550_0_20.jpg,0.964,0.509,0.504,0.594,0,3
tusimple,tusimple_test_clips_0530_1492627869249043581_0_20.jpg,0.991,0.706,0.592,0.524,0,3
tusimple,tusimple_test_clips_0530_1492627871247356208_0_20.jpg,0.724,0.697,0.498,0.584,0,3
tusimple,tusimple_test_clips_0530_1492627876246169556_0_20.jpg,1,0.477,0.496,0.653,0.012,3
tusimple,tusimple_test_clips_0530_1492627881241802789_0_20.jpg,1,0.558,0.505,0.612,0,3
tusimple,tusimple_test_clips_0530_1492627893234485344_0_20.jpg,0.945,0.697,0.618,0.545,0.001,3
tusimple,tusimple_test_clips_0530_1492627894233479304_0_20.jpg,0.983,0.729,0.601,0.564,0.002,3
tusimple,tusimple_test_clips_0530_1492627897231684394_0_20.jpg,0.949,0.628,0.51,0.633,0.029,3
tusimple,tusimple_test_clips_0530_1492627905229321814_0_20.jpg,1,0.66,0.614,0.673,0.029,3
tusimple,tusimple_test_clips_0530_1492627914224013192_0_20.jpg,0.964,0.754,0.639,0.54,0.02,3
tusimple,tusimple_test_clips_0530_1492627915220916494_0_20.jpg,0.951,0.796,0.617,0.524,0.024,3
tusimple,tusimple_test_clips_0530_1492627918219099639_0_20.jpg,0.903,0.637,0.675,0.596,0.031,3
tusimple,tusimple_test_clips_0530_1492627921217211555_0_20.jpg,0.884,0.719,0.633,0.592,0.014,3
tusimple,tusimple_test_clips_0530_1492627922217397224_0_20.jpg,0.908,0.736,0.687,0.525,0.018,3
tusimple,tusimple_test_clips_0530_1492627950200142857_0_20.jpg,0.812,0.621,0.563,0.623,0,3
tusimple,tusimple_test_clips_0530_1492627952198486287_0_20.jpg,0.906,0.718,0.49,0.615,0.023,3
tusimple,tusimple_test_clips_0530_1492627954199284220_0_20.jpg,1,0.575,0.552,0.683,0.037,3
tusimple,tusimple_test_clips_0530_1492627960193546966_0_20.jpg,0.883,0.613,0.617,0.668,0.054,3
tusimple,tusimple_test_clips_0530_1492627961193028157_0_20.jpg,0.991,0.5,0.62,0.668,0.037,3
tusimple,tusimple_test_clips_0530_1492627974187179880_0_20.jpg,0.987,0.484,0.67,0.522,0,3
tusimple,tusimple_test_clips_0530_1492627975184478481_0_20.jpg,0.917,0.553,0.594,0.63,0,3
tusimple,tusimple_test_clips_0530_1492627983179641456_0_20.jpg,0.987,0.634,0.651,0.529,0.001,3
tusimple,tusimple_test_clips_0530_1492628001168720629_0_20.jpg,0.963,0.624,0.488,0.623,0.061,3
tusimple,tusimple_test_clips_0530_1492628006168198067_0_20.jpg,1,0.531,0.568,0.67,0.093,3
tusimple,tusimple_test_clips_0530_1492628015160248997_0_20.jpg,1,0.459,0.47,0.63,0.141,3
tusimple,tusimple_test_clips_0530_1492628020157317950_0_20.jpg,0.95,0.576,0.559,0.556,0.115,3
tusimple,tusimple_test_clips_0530_1492628023157504197_0_20.jpg,0.976,0.474,0.46,0.699,0.021,3
tusimple,tusimple_test_clips_0530_1492628031150685356_0_20.jpg,1,0.535,0.616,0.581,0.002,3
tusimple,tusimple_test_clips_0530_1492628058134253237_0_20.jpg,0.991,0.692,0.55,0.597,0.049,3
tusimple,tusimple_test_clips_0530_1492628062134609982_0_20.jpg,0.992,0.746,0.605,0.57,0,3
tusimple,tusimple_test_clips_0530_1492628071126394869_0_20.jpg,1,0.531,0.595,0.606,0.064,3
tusimple,tusimple_test_clips_0530_1492628072126783484_0_20.jpg,1,0.635,0.597,0.63,0.051,3
tusimple,tusimple_test_clips_0530_1492628074124635753_0_20.jpg,1,0.595,0.7,0.614,0.061,3
tusimple,tusimple_test_clips_0530_1492628076125549799_0_20.jpg,1,0.627,0.681,0.612,0.052,3
tusimple,tusimple_test_clips_0530_1492628082120682395_0_20.jpg,1,0.682,0.617,0.599,0.059,3
tusimple,tusimple_test_clips_0530_1492628085118001445_0_20.jpg,0.994,0.55,0.624,0.598,0.058,3
tusimple,tusimple_test_clips_0530_1492628089115565431_0_20.jpg,1,0.581,0.557,0.631,0.069,3
tusimple,tusimple_test_clips_0530_1492628091114320051_0_20.jpg,1,0.614,0.604,0.608,0.096,3
tusimple,tusimple_test_clips_0530_1492628095114701582_0_20.jpg,0.978,0.637,0.554,0.609,0.059,3
tusimple,tusimple_test_clips_0530_1492628104106530792_0_20.jpg,1,0.703,0.459,0.688,0,3
tusimple,tusimple_test_clips_0530_1492628106105854772_0_20.jpg,1,0.718,0.625,0.561,0,3
tusimple,tusimple_test_clips_0530_1492628107104733300_0_20.jpg,0.965,0.722,0.599,0.639,0,3
tusimple,tusimple_test_clips_0530_1492628112101672289_0_20.jpg,1,0.571,0.459,0.642,0.001,3
tusimple,tusimple_test_clips_0530_1492628115099838724_0_20.jpg,1,0.758,0.593,0.588,0,3
tusimple,tusimple_test_clips_0530_1492628124096052297_0_20.jpg,0.964,0.638,0.646,0.591,0,3
tusimple,tusimple_test_clips_0530_1492628127092514314_0_20.jpg,0.928,0.522,0.522,0.691,0,3
tusimple,tusimple_test_clips_0530_1492628132089541047_0_20.jpg,1,0.531,0.412,0.644,0,3
tusimple,tusimple_test_clips_0530_1492628135087679392_0_20.jpg,0.951,0.211,0.469,0.651,0,3
tusimple,tusimple_test_clips_0530_1492628137086603577_0_20.jpg,0.887,0.216,0.378,0.678,0,3
tusimple,tusimple_test_clips_0530_1492628144082242734_0_20.jpg,0.905,0.312,0.441,0.601,0.016,3
tusimple,tusimple_test_clips_0530_1492628146081048262_0_20.jpg,1,0.646,0.344,0.534,0,3
tusimple,tusimple_test_clips_0530_1492628153077520387_0_20.jpg,0.994,0.548,0.595,0.626,0.035,3
tusimple,tusimple_test_clips_0530_1492628167068335902_0_20.jpg,1,0.599,0.583,0.541,0.064,3
tusimple,tusimple_test_clips_0530_1492628168067716766_0_20.jpg,1,0.71,0.606,0.54,0.054,3
tusimple,tusimple_test_clips_0530_1492628171068420921_0_20.jpg,1,0.622,0.573,0.615,0.06,3
tusimple,tusimple_test_clips_0530_1492628172065629178_0_20.jpg,1,0.631,0.665,0.523,0.073,3
tusimple,tusimple_test_clips_0530_1492628176062967644_0_20.jpg,1,0.644,0.541,0.598,0.056,3
tusimple,tusimple_test_clips_0530_1492628181059814588_0_20.jpg,1,0.622,0.556,0.559,0.067,3
tusimple,tusimple_test_clips_0530_1492628187058335938_0_20.jpg,1,0.691,0.514,0.617,0.045,3
tusimple,tusimple_test_clips_0530_1492628201047711011_0_20.jpg,1,0.575,0.562,0.576,0,3
tusimple,tusimple_test_clips_0530_1492628205045293965_0_20.jpg,1,0.543,0.542,0.622,0,3
tusimple,tusimple_test_clips_0530_1492628208043911488_0_20.jpg,1,0.514,0.502,0.629,0,3
tusimple,tusimple_test_clips_0530_1492628229030801235_0_20.jpg,1,0.542,0.422,0.669,0,3
tusimple,tusimple_test_clips_0530_1492628237025975269_0_20.jpg,0.982,0.579,0.61,0.639,0,3
tusimple,tusimple_test_clips_0530_1492628239024709155_0_20.jpg,0.969,0.48,0.614,0.636,0,3
tusimple,tusimple_test_clips_0530_1492628246021014644_0_20.jpg,1,0.551,0.543,0.644,0.052,3
tusimple,tusimple_test_clips_0530_1492628259014675826_0_20.jpg,1,0.542,0.492,0.595,0.047,3
tusimple,tusimple_test_clips_0530_1492628269007753272_0_20.jpg,1,0.627,0.579,0.602,0,3
tusimple,tusimple_test_clips_0530_1492628272007402880_0_20.jpg,1,0.603,0.485,0.606,0.001,3
tusimple,tusimple_test_clips_0530_1492628273005748182_0_20.jpg,1,0.511,0.529,0.599,0,3
tusimple,tusimple_test_clips_0530_1492628278001320796_0_20.jpg,0.968,0.559,0.561,0.613,0.002,3
tusimple,tusimple_test_clips_0530_1492628284998215866_0_20.jpg,0.948,0.583,0.537,0.623,0.033,3
tusimple,tusimple_test_clips_0530_1492628291893049202_0_20.jpg,1,0.532,0.524,0.633,0.035,3
tusimple,tusimple_test_clips_0530_1492628295657178560_0_20.jpg,1,0.629,0.551,0.593,0.026,3
tusimple,tusimple_test_clips_0530_1492628295991132766_0_20.jpg,0.991,0.717,0.529,0.521,0.041,3
tusimple,tusimple_test_clips_0530_1492628299987988107_0_20.jpg,0.955,0.558,0.538,0.655,0.03,3
tusimple,tusimple_test_clips_0530_1492628302986059516_0_20.jpg,0.935,0.629,0.62,0.537,0.03,3
tusimple,tusimple_test_clips_0530_1492628308984419533_0_20.jpg,0.922,0.675,0.545,0.596,0.045,3
tusimple,tusimple_test_clips_0530_1492628312980031740_0_20.jpg,1,0.712,0.539,0.554,0.02,3
tusimple,tusimple_test_clips_0530_1492628319977963847_0_20.jpg,0.977,0.553,0.57,0.586,0.003,3
tusimple,tusimple_test_clips_0530_1492628322975480554_0_20.jpg,0.982,0.656,0.507,0.625,0.003,3
tusimple,tusimple_test_clips_0530_1492628326973771692_0_20.jpg,0.971,0.696,0.561,0.593,0.013,3
tusimple,tusimple_test_clips_0530_1492628331968850997_0_20.jpg,0.925,0.665,0.506,0.624,0.02,3
tusimple,tusimple_test_clips_0530_1492628340963126706_0_20.jpg,0.976,0.711,0.636,0.526,0.028,3
tusimple,tusimple_test_clips_0530_1492628362951557598_0_20.jpg,0.703,1,0.806,0.638,0.016,3
tusimple,tusimple_test_clips_0530_1492628365714746456_0_20.jpg,0.811,1,0.782,0.658,0.013,3
tusimple,tusimple_test_clips_0530_1492628371944210760_0_20.jpg,0.994,1,0.787,0.612,0.007,3
tusimple,tusimple_test_clips_0530_1492628391932177120_0_20.jpg,0.966,1,0.764,0.623,0.033,3
tusimple,tusimple_test_clips_0530_1492628398927921682_0_20.jpg,0.835,1,0.817,0.62,0.01,3
tusimple,tusimple_test_clips_0530_1492628405924468725_0_20.jpg,0.9,1,0.818,0.608,0,3
tusimple,tusimple_test_clips_0530_1492628431311657555_0_20.jpg,0.9,1,0.769,0.649,0,3
tusimple,tusimple_test_clips_0530_1492628437305491167_0_20.jpg,0.891,0.96,0.749,0.657,0,3
tusimple,tusimple_test_clips_0530_1492628439307879930_0_20.jpg,0.773,0.969,0.759,0.657,0,3
tusimple,tusimple_test_clips_0530_1492628447299511407_0_20.jpg,0.868,1,0.799,0.71,0,3
tusimple,tusimple_test_clips_0530_1492628450297589964_0_20.jpg,0.883,1,0.803,0.654,0,3
tusimple,tusimple_test_clips_0530_1492628457293294022_0_20.jpg,0.711,0.578,0.469,0.573,0.022,3
tusimple,tusimple_test_clips_0530_1492628469286098606_0_20.jpg,0.833,0.967,0.781,0.675,0.033,3
tusimple,tusimple_test_clips_0530_1492628479284320929_0_20.jpg,0.857,0.766,0.75,0.658,0.086,3
tusimple,tusimple_test_clips_0530_1492628487276858817_0_20.jpg,0.826,1,0.785,0.697,0,3
tusimple,tusimple_test_clips_0530_1492628488275287653_0_20.jpg,0.822,0.98,0.759,0.782,0,3
tusimple,tusimple_test_clips_0530_1492628494270257096_0_20.jpg,0.863,1,0.758,0.692,0.001,3
tusimple,tusimple_test_clips_0530_1492628511261649903_0_20.jpg,0.75,1,0.768,0.698,0,3
tusimple,tusimple_test_clips_0530_1492628525253657655_0_20.jpg,0.832,1,0.787,0.672,0,3
tusimple,tusimple_test_clips_0530_1492628526250930503_0_20.jpg,0.883,1,0.756,0.626,0,3
tusimple,tusimple_test_clips_0530_1492628529250629947_0_20.jpg,0.857,1,0.774,0.691,0,3
tusimple,tusimple_test_clips_0530_1492628537245194859_0_20.jpg,0.921,0.821,0.725,0.641,0,3
tusimple,tusimple_test_clips_0530_1492628544240059148_0_20.jpg,0.981,0.973,0.754,0.581,0,3
tusimple,tusimple_test_clips_0530_1492628545240318854_0_20.jpg,0.856,0.835,0.732,0.665,0,3
tusimple,tusimple_test_clips_0530_1492628557232252737_0_20.jpg,0.794,1,0.782,0.605,0,3
tusimple,tusimple_test_clips_0530_1492628564229695416_0_20.jpg,0.905,0.894,0.735,0.677,0.017,3
tusimple,tusimple_test_clips_0530_1492628580221006326_0_20.jpg,0.813,1,0.774,0.632,0.011,3
tusimple,tusimple_test_clips_0530_1492628589213497110_0_20.jpg,0.86,1,0.807,0.64,0.035,3
tusimple,tusimple_test_clips_0530_1492628590215050342_0_20.jpg,0.792,1,0.834,0.678,0.016,3
tusimple,tusimple_test_clips_0530_1492628591214025981_0_20.jpg,0.806,1,0.786,0.602,0,4
tusimple,tusimple_test_clips_0530_1492628608202050481_0_20.jpg,0.939,1,0.779,0.651,0,3
tusimple,tusimple_test_clips_0530_1492628612200015912_0_20.jpg,0.847,1,0.803,0.631,0,3
tusimple,tusimple_test_clips_0530_1492628622194466355_0_20.jpg,0.838,1,0.815,0.659,0,3
tusimple,tusimple_test_clips_0530_1492628635185748938_0_20.jpg,0.789,1,0.818,0.686,0,3
tusimple,tusimple_test_clips_0530_1492628657172450699_0_20.jpg,0.84,1,0.747,0.679,0.032,3
tusimple,tusimple_test_clips_0530_1492628671164733621_0_20.jpg,0.818,1,0.828,0.635,0,3
tusimple,tusimple_test_clips_0530_1492628677160276184_0_20.jpg,0.91,1,0.86,0.549,0,3
tusimple,tusimple_test_clips_0530_1492628678162672511_0_20.jpg,0.935,1,0.86,0.65,0.001,3
tusimple,tusimple_test_clips_0530_1492628686156530866_0_20.jpg,0.862,1,0.851,0.617,0,3
tusimple,tusimple_test_clips_0530_1492628693150597954_0_20.jpg,0.951,1,0.786,0.6,0,3
tusimple,tusimple_test_clips_0530_1492628704144226583_0_20.jpg,0.885,1,0.766,0.664,0,3
tusimple,tusimple_test_clips_0530_1492628705145522411_0_20.jpg,0.886,1,0.828,0.612,0.001,3
tusimple,tusimple_test_clips_0530_1492628711139732998_0_20.jpg,0.858,1,0.807,0.686,0,3
tusimple,tusimple_test_clips_0530_1492628715137318229_0_20.jpg,0.878,1,0.764,0.64,0.001,3
tusimple,tusimple_test_clips_0530_1492628718136586604_0_20.jpg,0.904,0.994,0.723,0.589,0,3
tusimple,tusimple_test_clips_0530_1492628725131496677_0_20.jpg,0.881,1,0.768,0.666,0,3
tusimple,tusimple_test_clips_0530_1492628730128199325_0_20.jpg,0.869,1,0.728,0.645,0,3
tusimple,tusimple_test_clips_0530_1492628736124786422_0_20.jpg,0.825,1,0.731,0.625,0,3
tusimple,tusimple_test_clips_0530_1492628739122781318_0_20.jpg,0.872,1,0.753,0.585,0,3
tusimple,tusimple_test_clips_0530_1492628749116786106_0_20.jpg,0.821,1,0.762,0.625,0.009,3
tusimple,tusimple_test_clips_0530_1492628750115526561_0_20.jpg,0.866,1,0.746,0.636,0.004,3
tusimple,tusimple_test_clips_0530_1492628769106755469_0_20.jpg,0.819,1,0.788,0.598,0.005,3
tusimple,tusimple_test_clips_0530_1492628772102140200_0_20.jpg,0.902,1,0.834,0.604,0.01,3
tusimple,tusimple_test_clips_0530_1492628774100872683_0_20.jpg,0.862,1,0.83,0.644,0.004,3
tusimple,tusimple_test_clips_0530_1492628780097320831_0_20.jpg,0.859,1,0.823,0.594,0,3
tusimple,tusimple_test_clips_0530_1492628781096735498_0_20.jpg,0.793,1,0.756,0.719,0,3
tusimple,tusimple_test_clips_0530_1492628809079971594_0_20.jpg,0.868,1,0.793,0.599,0.055,3
tusimple,tusimple_test_clips_0530_1492628814076971981_0_20.jpg,0.851,1,0.788,0.667,0,3
tusimple,tusimple_test_clips_0530_1492628822072697151_0_20.jpg,0.83,1,0.8,0.68,0,3
tusimple,tusimple_test_clips_0530_1492628824070715492_0_20.jpg,0.85,1,0.793,0.667,0,3
tusimple,tusimple_test_clips_0530_1492628825070721022_0_20.jpg,0.89,1,0.781,0.616,0,3
tusimple,tusimple_test_clips_0530_1492628833067689731_0_20.jpg,0.882,1,0.779,0.708,0,3
tusimple,tusimple_test_clips_0530_1492628834064891041_0_20.jpg,0.852,1,0.801,0.689,0,3
tusimple,tusimple_test_clips_0530_1492628836063392352_0_20.jpg,0.86,1,0.807,0.666,0.001,3
tusimple,tusimple_test_clips_0530_1492628837062931978_0_20.jpg,0.852,1,0.815,0.67,0.001,3
tusimple,tusimple_test_clips_0530_1492628843061083411_0_20.jpg,0.797,1,0.812,0.644,0,3
tusimple,tusimple_test_clips_0530_1492628866045283290_0_20.jpg,0.855,1,0.766,0.693,0.069,3
tusimple,tusimple_test_clips_0530_1492628867044589191_0_20.jpg,0.915,1,0.798,0.657,0.019,3
tusimple,tusimple_test_clips_0530_1492628872041600698_0_20.jpg,0.822,1,0.787,0.623,0.017,3
tusimple,tusimple_test_clips_0530_1492628878039902734_0_20.jpg,0.799,1,0.787,0.659,0.043,3
tusimple,tusimple_test_clips_0530_1492628891031694813_0_20.jpg,0.814,1,0.789,0.669,0,3
tusimple,tusimple_test_clips_0530_1492628902023457995_0_20.jpg,0.832,0.924,0.725,0.575,0,3
tusimple,tusimple_test_clips_0530_1492628903022854884_0_20.jpg,0.921,0.988,0.742,0.582,0,3
tusimple,tusimple_test_clips_0530_1492628908020167343_0_20.jpg,0.818,1,0.754,0.63,0,3
tusimple,tusimple_test_clips_0530_1492628909021211012_0_20.jpg,1,1,0.741,0.57,0,3
tusimple,tusimple_test_clips_0530_1492628912018158783_0_20.jpg,0.866,0.93,0.686,0.595,0,3
tusimple,tusimple_test_clips_0530_1492628919380871291_0_20.jpg,0.826,1,0.784,0.678,0,3
tusimple,tusimple_test_clips_0530_1492628936005511899_0_20.jpg,0.869,1,0.79,0.627,0.029,3
tusimple,tusimple_test_clips_0530_1492628952992695825_0_20.jpg,0.842,1,0.775,0.633,0.033,3
tusimple,tusimple_test_clips_0530_1492628970983173539_0_20.jpg,0.886,0.824,0.638,0.572,0,3
tusimple,tusimple_test_clips_0530_1492628979976308214_0_20.jpg,0.902,1,0.792,0.652,0,3
tusimple,tusimple_test_clips_0530_1492628986972995265_0_20.jpg,0.867,1,0.785,0.63,0,3
tusimple,tusimple_test_clips_0530_1492628998967418487_0_20.jpg,0.887,1,0.816,0.668,0,3
tusimple,tusimple_test_clips_0530_1492629010958244433_0_20.jpg,0.923,1,0.874,0.642,0,3
tusimple,tusimple_test_clips_0530_1492629011957087816_0_20.jpg,0.883,1,0.884,0.626,0,3
tusimple,tusimple_test_clips_0530_1492629018952761996_0_20.jpg,0.878,1,0.88,0.566,0.001,3
tusimple,tusimple_test_clips_0530_1492629019952144969_0_20.jpg,0.859,1,0.891,0.635,0,3
tusimple,tusimple_test_clips_0530_1492629020951599362_0_20.jpg,0.892,1,0.881,0.598,0.005,3
tusimple,tusimple_test_clips_0530_1492629021951062028_0_20.jpg,0.841,1,0.878,0.727,0.03,3
tusimple,tusimple_test_clips_0530_1492629026947897247_0_20.jpg,0.892,1,0.794,0.623,0.062,3
tusimple,tusimple_test_clips_0530_1492629028946683055_0_20.jpg,0.88,1,0.747,0.615,0.043,3
tusimple,tusimple_test_clips_0530_1492629029946127043_0_20.jpg,0.93,1,0.735,0.658,0.025,3
tusimple,tusimple_test_clips_0530_1492629035942512072_0_20.jpg,0.855,1,0.844,0.605,0.001,3
tusimple,tusimple_test_clips_0530_1492629039940085443_0_20.jpg,0.949,1,0.749,0.686,0,3
tusimple,tusimple_test_clips_0530_1492629045936481698_0_20.jpg,0.805,1,0.76,0.673,0,3
tusimple,tusimple_test_clips_0530_1492629046936233189_0_20.jpg,0.847,1,0.742,0.613,0,3
tusimple,tusimple_test_clips_0530_1492629048934651230_0_20.jpg,0.808,0.818,0.69,0.725,0,3
tusimple,tusimple_test_clips_0530_1492629052932618035_0_20.jpg,0.776,1,0.746,0.666,0.01,3
tusimple,tusimple_test_clips_0530_1492629715698242606_0_20.jpg,0.803,0.729,0.311,0.664,0.193,3
tusimple,tusimple_test_clips_0530_1492629720695143384_0_20.jpg,0.944,0.505,0.35,0.667,0.032,3
tusimple,tusimple_test_clips_0530_1492629721698396314_0_20.jpg,0.89,0.538,0.296,0.602,0.007,3
tusimple,tusimple_test_clips_0530_1492629730689564203_0_20.jpg,0.963,0.54,0.381,0.626,0.005,3
tusimple,tusimple_test_clips_0530_1492629731688582600_0_20.jpg,0.963,0.431,0.249,0.619,0.012,3
tusimple,tusimple_test_clips_0530_1492629738684273140_0_20.jpg,0.947,0.492,0.287,0.618,0.211,3
tusimple,tusimple_test_clips_0530_1492629741682499382_0_20.jpg,0.959,0.503,0.374,0.637,0.157,3
tusimple,tusimple_test_clips_0530_1492629744680705496_0_20.jpg,1,0.517,0.24,0.583,0.221,3
tusimple,tusimple_test_clips_0530_1492629748678308771_0_20.jpg,0.86,0.557,0.339,0.644,0.014,3
tusimple,tusimple_test_clips_0530_1492629775662096437_0_20.jpg,0.867,0.424,0.279,0.702,0.139,3
tusimple,tusimple_test_clips_0530_1492629796651218080_0_20.jpg,1,0.432,0.293,0.655,0.171,3
tusimple,tusimple_test_clips_0530_1492629804647331158_0_20.jpg,0.951,0.403,0.189,0.651,0.159,3
tusimple,tusimple_test_clips_0530_1492629806643261137_0_20.jpg,1,0.516,0.351,0.507,0.177,3
tusimple,tusimple_test_clips_0530_1492629808642156775_0_20.jpg,1,0.558,0.424,0.57,0.183,3
tusimple,tusimple_test_clips_0530_1492629809642954053_0_20.jpg,0.872,0.574,0.397,0.495,0.171,3
tusimple,tusimple_test_clips_0530_1492629814272085111_0_20.jpg,1,0.65,0.525,0.536,0.274,3
tusimple,tusimple_test_clips_0530_1492629817638721699_0_20.jpg,0.946,0.763,0.49,0.539,0.018,3
tusimple,tusimple_test_clips_0530_1492629820636054918_0_20.jpg,0.874,0.675,0.453,0.666,0.015,3
tusimple,tusimple_test_clips_0530_1492629823632972549_0_20.jpg,0.829,0.802,0.519,0.516,0.015,3
tusimple,tusimple_test_clips_0530_1492629833628506827_0_20.jpg,0.887,0.707,0.431,0.542,0.014,3
tusimple,tusimple_test_clips_0530_1492629837624580056_0_20.jpg,0.85,0.7,0.436,0.549,0.085,3
tusimple,tusimple_test_clips_0530_1492629839624266041_0_20.jpg,0.897,0.611,0.584,0.538,0.072,3
tusimple,tusimple_test_clips_0530_1492629851616009892_0_20.jpg,0.791,0.705,0.489,0.574,0,3
tusimple,tusimple_test_clips_0530_1492629871604205110_0_20.jpg,0.889,0.711,0.542,0.537,0,3
tusimple,tusimple_test_clips_0530_1492629872603376884_0_20.jpg,0.848,0.728,0.536,0.523,0.001,3
tusimple,tusimple_test_clips_0530_1492629881598007784_0_20.jpg,0.819,1,0.464,0.618,0.123,3
tusimple,tusimple_test_clips_0530_1492629890594802063_0_20.jpg,0.922,0.664,0.608,0.486,0,3
tusimple,tusimple_test_clips_0530_1492629892591623165_0_20.jpg,0.925,0.668,0.565,0.522,0.033,3
tusimple,tusimple_test_clips_0530_1492629895589600403_0_20.jpg,0.926,0.608,0.559,0.654,0.14,3
tusimple,tusimple_test_clips_0530_1492629902585244589_0_20.jpg,0.989,0.655,0.577,0.639,0.141,3
tusimple,tusimple_test_clips_0530_1492629924572036071_0_20.jpg,0.924,0.616,0.476,0.624,0.119,3
tusimple,tusimple_test_clips_0530_1492629929569028078_0_20.jpg,0.927,0.642,0.58,0.583,0.034,3
tusimple,tusimple_test_clips_0530_1492629950556320451_0_20.jpg,0.955,0.661,0.585,0.673,0.132,3
tusimple,tusimple_test_clips_0530_1492629957554176874_0_20.jpg,0.807,0.827,0.652,0.559,0,3
tusimple,tusimple_test_clips_0530_1492629961549704364_0_20.jpg,0.881,0.873,0.559,0.56,0.003,3
tusimple,tusimple_test_clips_0530_1492629972545498872_0_20.jpg,1,0.729,0.542,0.54,0.064,3
tusimple,tusimple_test_clips_0530_1492629992530920474_0_20.jpg,1,0.836,0.6,0.572,0.242,3
tusimple,tusimple_test_clips_0530_1492630001526604399_0_20.jpg,0.827,0.73,0.5,0.635,0.001,3
tusimple,tusimple_test_clips_0530_1492630010520460170_0_20.jpg,0.948,0.901,0.63,0.588,0.171,3
tusimple,tusimple_test_clips_0530_1492630013518282969_0_20.jpg,1,0.799,0.606,0.549,0.168,3
tusimple,tusimple_test_clips_0530_1492630014517744269_0_20.jpg,0.855,0.797,0.613,0.622,0.179,3
tusimple,tusimple_test_clips_0530_1492630021513479928_0_20.jpg,0.992,0.743,0.594,0.53,0.128,3
tusimple,tusimple_test_clips_0530_1492630022516852118_0_20.jpg,1,0.742,0.662,0.543,0.144,3
tusimple,tusimple_test_clips_0530_1492630025513246642_0_20.jpg,0.992,0.683,0.541,0.602,0.162,3
tusimple,tusimple_test_clips_0530_1492630028509226923_0_20.jpg,0.845,0.78,0.543,0.648,0.182,3
tusimple,tusimple_test_clips_0530_1492630054493594274_0_20.jpg,1,0.831,0.636,0.614,0.124,3
tusimple,tusimple_test_clips_0530_1492630063490885633_0_20.jpg,0.863,0.801,0.711,0.55,0.208,3
tusimple,tusimple_test_clips_0530_1492630073482137906_0_20.jpg,1,0.981,0.661,0.54,0.016,3
tusimple,tusimple_test_clips_0530_1492630077479545043_0_20.jpg,0.841,0.965,0.668,0.581,0.026,3
tusimple,tusimple_test_clips_0530_1492630079478539091_0_20.jpg,0.926,0.994,0.687,0.704,0.033,3
tusimple,tusimple_test_clips_0530_1492630087476193699_0_20.jpg,1,1,0.699,0.448,0.18,3
tusimple,tusimple_test_clips_0530_1492630090472339216_0_20.jpg,0.856,1,0.728,0.629,0.071,3
tusimple,tusimple_test_clips_0530_1492630102464524801_0_20.jpg,0.732,1,0.658,0.635,0.139,3
tusimple,tusimple_test_clips_0530_1492630108460880317_0_20.jpg,0.913,1,0.622,0.643,0.15,3
tusimple,tusimple_test_clips_0530_1492630111459121143_0_20.jpg,0.841,1,0.726,0.592,0,3
tusimple,tusimple_test_clips_0530_1492630120453660956_0_20.jpg,1,1,0.694,0.624,0.115,3
tusimple,tusimple_test_clips_0530_1492630122455388678_0_20.jpg,1,0.834,0.696,0.673,0.113,3
tusimple,tusimple_test_clips_0530_1492630126450070514_0_20.jpg,0.853,0.969,0.702,0.625,0.114,3
tusimple,tusimple_test_clips_0530_1492630131447069242_0_20.jpg,0.763,1,0.701,0.66,0.004,3
tusimple,tusimple_test_clips_0530_1492630137443360150_0_20.jpg,0.905,1,0.751,0.564,0.13,3
tusimple,tusimple_test_clips_0530_1492630140443199734_0_20.jpg,0.864,1,0.745,0.567,0.104,3
tusimple,tusimple_test_clips_0530_1492630154433139481_0_20.jpg,0.795,1,0.662,0.581,0.005,3
tusimple,tusimple_test_clips_0530_1492630158430765945_0_20.jpg,0.569,1,0.662,0.542,0.013,3
tusimple,tusimple_test_clips_0530_1492630182416228013_0_20.jpg,0.993,1,0.498,0.612,0.013,3
tusimple,tusimple_test_clips_0530_1492630189412620049_0_20.jpg,0.81,1,0.546,0.6,0.17,3
tusimple,tusimple_test_clips_0530_1492630196408051588_0_20.jpg,0.994,0.824,0.433,0.665,0.006,3
tusimple,tusimple_test_clips_0530_1492630208400395369_0_20.jpg,0.994,0.688,0.374,0.645,0.053,3
tusimple,tusimple_test_clips_0530_1492630215397724302_0_20.jpg,1,0.939,0.394,0.587,0.07,3
tusimple,tusimple_test_clips_0530_1492630246377473784_0_20.jpg,1,0.66,0.329,0.631,0,3
tusimple,tusimple_test_clips_0530_1492630247378682190_0_20.jpg,0.994,0.599,0.309,0.628,0,3
tusimple,tusimple_test_clips_0530_1492630254372774917_0_20.jpg,0.981,0.583,0.271,0.612,0.004,3
tusimple,tusimple_test_clips_0530_1492630258372803994_0_20.jpg,0.867,0.588,0.269,0.678,0.043,4
tusimple,tusimple_test_clips_0530_1492630283355211299_0_20.jpg,1,0.686,0.469,0.588,0.054,3
tusimple,tusimple_test_clips_0530_1492630284354630525_0_20.jpg,1,0.718,0.461,0.636,0.028,3
tusimple,tusimple_test_clips_0530_1492630287354946400_0_20.jpg,0.994,0.727,0.33,0.594,0.027,3
tusimple,tusimple_test_clips_0530_1492630293349077975_0_20.jpg,1,1,0.433,0.608,0.001,3
tusimple,tusimple_test_clips_0530_1492630295348044964_0_20.jpg,0.994,0.857,0.432,0.59,0,3
tusimple,tusimple_test_clips_0530_1492630304342595952_0_20.jpg,0.983,0.836,0.363,0.58,0,3
tusimple,tusimple_test_clips_0530_1492630305344554618_0_20.jpg,0.992,0.869,0.379,0.563,0,3
tusimple,tusimple_test_clips_0530_1492630306341517405_0_20.jpg,0.994,0.895,0.376,0.583,0,3
tusimple,tusimple_test_clips_0530_1492630310339050395_0_20.jpg,1,0.955,0.378,0.617,0,3
tusimple,tusimple_test_clips_0530_1492630316335536523_0_20.jpg,0.994,0.941,0.392,0.603,0,3
tusimple,tusimple_test_clips_0530_1492630321335102842_0_20.jpg,1,0.693,0.32,0.613,0,3
tusimple,tusimple_test_clips_0530_1492630323333875876_0_20.jpg,0.994,0.889,0.39,0.601,0,3
tusimple,tusimple_test_clips_0530_1492630332328125257_0_20.jpg,1,0.633,0.31,0.614,0.01,3
tusimple,tusimple_test_clips_0530_1492630343318996369_0_20.jpg,0.956,0.724,0.322,0.604,0.031,3
tusimple,tusimple_test_clips_0530_1492630344318285686_0_20.jpg,0.944,0.759,0.281,0.643,0.04,3
tusimple,tusimple_test_clips_0530_1492630348315926731_0_20.jpg,0.946,0.946,0.298,0.661,0.038,3
tusimple,tusimple_test_clips_0530_1492630349315319837_0_20.jpg,0.942,0.862,0.288,0.6,0.041,3
tusimple,tusimple_test_clips_0530_1492630357310530180_0_20.jpg,0.719,1,0.373,0.603,0.001,3
tusimple,tusimple_test_clips_0530_1492630365305780056_0_20.jpg,0.994,0.702,0.276,0.511,0.022,3
tusimple,tusimple_test_clips_0530_1492630367304959069_0_20.jpg,0.993,0.785,0.406,0.509,0.019,3
tusimple,tusimple_test_clips_0530_1492630371302032554_0_20.jpg,0.98,0.399,0.584,0.665,0.022,3
tusimple,tusimple_test_clips_0530_1492630386293027988_0_20.jpg,0.994,0.604,0.274,0.629,0.017,3
tusimple,tusimple_test_clips_0530_1492630393288753931_0_20.jpg,0.976,0.688,0.291,0.588,0.006,3
tusimple,tusimple_test_clips_0530_1492630398285720550_0_20.jpg,0.933,0.334,0.69,0.584,0.011,3
tusimple,tusimple_test_clips_0530_1492630405281533960_0_20.jpg,1,0.578,0.234,0.617,0.023,3
tusimple,tusimple_test_clips_0530_1492630408279701034_0_20.jpg,0.887,0.544,0.24,0.642,0,3
tusimple,tusimple_test_clips_0530_1492630413276653236_0_20.jpg,1,0.578,0.272,0.563,0.005,3
tusimple,tusimple_test_clips_0530_1492630414278641440_0_20.jpg,0.994,0.635,0.287,0.653,0,3
tusimple,tusimple_test_clips_0530_1492630418273907745_0_20.jpg,0.929,0.692,0.325,0.615,0.005,3
tusimple,tusimple_test_clips_0530_1492630431265837350_0_20.jpg,0.981,0.562,0.247,0.59,0.002,3
tusimple,tusimple_test_clips_0530_1492630440260453990_0_20.jpg,0.975,0.63,0.319,0.628,0,3
tusimple,tusimple_test_clips_0530_1492630450254356565_0_20.jpg,0.965,0.588,0.353,0.64,0.014,3
tusimple,tusimple_test_clips_0530_1492630452253140159_0_20.jpg,1,0.571,0.27,0.613,0.014,3
tusimple,tusimple_test_clips_0530_1492630467245072517_0_20.jpg,1,0.768,0.318,0.538,0.004,3
tusimple,tusimple_test_clips_0530_1492630468243488660_0_20.jpg,1,0.682,0.296,0.597,0.001,3
tusimple,tusimple_test_clips_0530_1492630470242516612_0_20.jpg,1,0.75,0.301,0.517,0,3
tusimple,tusimple_test_clips_0530_1492630475239245785_0_20.jpg,1,0.761,0.31,0.607,0,3
tusimple,tusimple_test_clips_0530_1492630485233558054_0_20.jpg,0.949,0.751,0.302,0.651,0,3
tusimple,tusimple_test_clips_0530_1492630487231989666_0_20.jpg,0.968,0.818,0.273,0.626,0.001,3
tusimple,tusimple_test_clips_0530_1492630495227201767_0_20.jpg,1,0.764,0.311,0.616,0,3
tusimple,tusimple_test_clips_0530_1492630498225552356_0_20.jpg,1,0.634,0.305,0.695,0,3
tusimple,tusimple_test_clips_0530_1492630502225894528_0_20.jpg,1,0.692,0.306,0.588,0,3
tusimple,tusimple_test_clips_0530_1492630516214532014_0_20.jpg,1,0.766,0.363,0.499,0,3
tusimple,tusimple_test_clips_0530_1492630524209645048_0_20.jpg,1,0.741,0.334,0.68,0,3
tusimple,tusimple_test_clips_0530_1492630525209094421_0_20.jpg,1,0.653,0.33,0.572,0,3
tusimple,tusimple_test_clips_0530_1492630554191641655_0_20.jpg,0.966,0.666,0.308,0.622,0,3
tusimple,tusimple_test_clips_0530_1492630557189772086_0_20.jpg,0.976,0.966,0.379,0.603,0.012,3
tusimple,tusimple_test_clips_0530_1492630566184382417_0_20.jpg,1,0.875,0.376,0.65,0.008,3
tusimple,tusimple_test_clips_0530_1492630568183109828_0_20.jpg,1,0.896,0.431,0.638,0.001,3
tusimple,tusimple_test_clips_0530_1492630572180684863_0_20.jpg,0.983,0.729,0.369,0.59,0,3
tusimple,tusimple_test_clips_0530_1492630574179499235_0_20.jpg,1,0.838,0.347,0.589,0.001,3
tusimple,tusimple_test_clips_0530_1492630575178913068_0_20.jpg,1,0.787,0.355,0.586,0,3
tusimple,tusimple_test_clips_0530_1492630579176470398_0_20.jpg,1,0.749,0.351,0.618,0.001,3
tusimple,tusimple_test_clips_0530_1492630580175990659_0_20.jpg,1,0.852,0.425,0.573,0,3
tusimple,tusimple_test_clips_0530_1492630582174670101_0_20.jpg,1,0.839,0.343,0.628,0,3
tusimple,tusimple_test_clips_0530_1492630587171839261_0_20.jpg,1,0.86,0.339,0.602,0.001,3
tusimple,tusimple_test_clips_0530_1492630590169822592_0_20.jpg,1,0.935,0.388,0.573,0,3
tusimple,tusimple_test_clips_0530_1492630595168548707_0_20.jpg,1,0.945,0.42,0.616,0,3
tusimple,tusimple_test_clips_0530_1492630615154685029_0_20.jpg,1,0.753,0.371,0.664,0,3
tusimple,tusimple_test_clips_0530_1492630616154684453_0_20.jpg,1,0.763,0.323,0.556,0,3
tusimple,tusimple_test_clips_0530_1492630619152702503_0_20.jpg,1,0.779,0.323,0.564,0.011,3
tusimple,tusimple_test_clips_0530_1492630623149913266_0_20.jpg,1,0.657,0.285,0.628,0.008,3
tusimple,tusimple_test_clips_0530_1492630631145072411_0_20.jpg,1,0.714,0.336,0.626,0,3
tusimple,tusimple_test_clips_0530_1492630633143870969_0_20.jpg,1,0.984,0.377,0.508,0,3
tusimple,tusimple_test_clips_0530_1492630636142253593_0_20.jpg,0.991,0.706,0.331,0.635,0,3
tusimple,tusimple_test_clips_0530_1492630654131493967_0_20.jpg,0.988,0.683,0.315,0.711,0.014,3
tusimple,tusimple_test_clips_0530_1492630664125241227_0_20.jpg,1,0.894,0.35,0.614,0,3
tusimple,tusimple_test_clips_0530_1492630675120493272_0_20.jpg,1,0.882,0.341,0.596,0.002,3
tusimple,tusimple_test_clips_0530_1492630678116699154_0_20.jpg,1,0.839,0.331,0.601,0.002,3
tusimple,tusimple_test_clips_0530_1492630679116103145_0_20.jpg,1,0.864,0.403,0.564,0,3
tusimple,tusimple_test_clips_0530_1492630680115777157_0_20.jpg,1,0.884,0.426,0.575,0,3
tusimple,tusimple_test_clips_0530_1492630702102296363_0_20.jpg,0.987,0.954,0.414,0.604,0,3
tusimple,tusimple_test_clips_0530_1492630718092573205_0_20.jpg,1,0.942,0.372,0.569,0,3
tusimple,tusimple_test_clips_0530_1492630744076815615_0_20.jpg,0.918,1,0.35,0.603,0.002,3
tusimple,tusimple_test_clips_0530_1492630760067218583_0_20.jpg,1,0.909,0.298,0.54,0,3
tusimple,tusimple_test_clips_0530_1492630770061908881_0_20.jpg,1,0.758,0.32,0.619,0,3
tusimple,tusimple_test_clips_0530_1492630774058754391_0_20.jpg,1,0.863,0.35,0.6,0,3
tusimple,tusimple_test_clips_0530_1492630783053293226_0_20.jpg,1,0.815,0.358,0.63,0,3
tusimple,tusimple_test_clips_0530_1492630788052900828_0_20.jpg,0.976,0.765,0.292,0.621,0,3
tusimple,tusimple_test_clips_0530_1492630793047301338_0_20.jpg,1,0.872,0.293,0.6,0.001,3
tusimple,tusimple_test_clips_0530_1492630803041226376_0_20.jpg,1,0.863,0.343,0.582,0,3
tusimple,tusimple_test_clips_0530_1492630813037173240_0_20.jpg,0.983,0.758,0.324,0.647,0,3
tusimple,tusimple_test_clips_0530_1492630818032178013_0_20.jpg,0.991,0.845,0.367,0.602,0,3
tusimple,tusimple_test_clips_0530_1492630822029917221_0_20.jpg,0.945,1,0.413,0.557,0,3
tusimple,tusimple_test_clips_0530_1492630835021920991_0_20.jpg,0.994,0.836,0.326,0.641,0,3
tusimple,tusimple_test_clips_0530_1492630842017796604_0_20.jpg,1,0.912,0.359,0.627,0,3
tusimple,tusimple_test_clips_0530_1492630848014051813_0_20.jpg,0.972,0.812,0.366,0.639,0.001,4
tusimple,tusimple_test_clips_0530_1492630854010503280_0_20.jpg,0.991,0.956,0.564,0.637,0.225,3
tusimple,tusimple_test_clips_0530_1492630865003939229_0_20.jpg,1,1,0.769,0.715,0,2
tusimple,tusimple_test_clips_0530_1492631383626480848_0_20.jpg,0.994,0.854,0.408,0.632,0,3
tusimple,tusimple_test_clips_0530_1492631389620994812_0_20.jpg,1,0.908,0.475,0.646,0,3
tusimple,tusimple_test_clips_0530_1492631415605237852_0_20.jpg,1,0.913,0.394,0.646,0,3
tusimple,tusimple_test_clips_0530_1492631428597334711_0_20.jpg,0.994,0.784,0.366,0.619,0.001,3
tusimple,tusimple_test_clips_0530_1492631429596734476_0_20.jpg,1,0.767,0.403,0.629,0,3
tusimple,tusimple_test_clips_0530_1492631436592563874_0_20.jpg,0.994,0.836,0.378,0.624,0.001,3
tusimple,tusimple_test_clips_0530_1492631439590798183_0_20.jpg,1,0.757,0.374,0.671,0,3
tusimple,tusimple_test_clips_0530_1492631449584994109_0_20.jpg,1,0.807,0.382,0.637,0.001,3
tusimple,tusimple_test_clips_0530_1492631458579323189_0_20.jpg,0.97,0.909,0.352,0.606,0,3
tusimple,tusimple_test_clips_0530_1492631462578632536_0_20.jpg,0.994,0.894,0.394,0.621,0,3
tusimple,tusimple_test_clips_0530_1492631469572622991_0_20.jpg,0.988,0.799,0.359,0.614,0,3
tusimple,tusimple_test_clips_0530_1492631470572188814_0_20.jpg,1,0.83,0.408,0.611,0,3
tusimple,tusimple_test_clips_0530_1492631492558787812_0_20.jpg,0.921,0.815,0.292,0.576,0.014,3
tusimple,tusimple_test_clips_0530_1492631495557021988_0_20.jpg,1,0.88,0.334,0.612,0.013,3
tusimple,tusimple_test_clips_0530_1492631496558674543_0_20.jpg,0.952,0.867,0.395,0.63,0.014,3
tusimple,tusimple_test_clips_0530_1492631498555184541_0_20.jpg,1,0.675,0.28,0.681,0,3
tusimple,tusimple_test_clips_0530_1492631501553952982_0_20.jpg,1,0.873,0.367,0.651,0,3
tusimple,tusimple_test_clips_0530_1492631503552440918_0_20.jpg,1,0.809,0.302,0.668,0.001,3
tusimple,tusimple_test_clips_0530_1492631506550392233_0_20.jpg,0.994,0.829,0.411,0.608,0,3
tusimple,tusimple_test_clips_0530_1492631507551707983_0_20.jpg,1,0.719,0.319,0.608,0,3
tusimple,tusimple_test_clips_0530_1492631526538379247_0_20.jpg,0.987,0.944,0.442,0.635,0.001,3
tusimple,tusimple_test_clips_0530_1492631529538772768_0_20.jpg,1,0.84,0.449,0.62,0,3
tusimple,tusimple_test_clips_0530_1492631537532668842_0_20.jpg,0.975,0.81,0.355,0.6,0,3
tusimple,tusimple_test_clips_0530_1492631538531201477_0_20.jpg,1,0.851,0.349,0.618,0,3
tusimple,tusimple_test_clips_0530_1492631547531297041_0_20.jpg,0.944,1,0.354,0.657,0,3
tusimple,tusimple_test_clips_0530_1492631551523307470_0_20.jpg,0.883,1,0.364,0.615,0.001,3
tusimple,tusimple_test_clips_0530_1492631559518595143_0_20.jpg,1,0.877,0.356,0.55,0,3
tusimple,tusimple_test_clips_0530_1492631565514997005_0_20.jpg,1,0.815,0.325,0.669,0,3
tusimple,tusimple_test_clips_0530_1492631569512810732_0_20.jpg,1,0.795,0.292,0.604,0,3
tusimple,tusimple_test_clips_0530_1492631606490193282_0_20.jpg,1,0.775,0.338,0.619,0,3
tusimple,tusimple_test_clips_0530_1492631607491681471_0_20.jpg,1,0.747,0.367,0.645,0,3
tusimple,tusimple_test_clips_0530_1492631608489007266_0_20.jpg,1,0.702,0.354,0.628,0,3
tusimple,tusimple_test_clips_0530_1492631614487766374_0_20.jpg,1,0.826,0.36,0.613,0.006,3
tusimple,tusimple_test_clips_0530_1492631637474112002_0_20.jpg,0.983,0.731,0.323,0.623,0,3
tusimple,tusimple_test_clips_0530_1492631645466782810_0_20.jpg,1,0.714,0.375,0.659,0,3
tusimple,tusimple_test_clips_0530_1492631646466294247_0_20.jpg,0.994,0.829,0.435,0.605,0.001,3
tusimple,tusimple_test_clips_0530_1492631648465024127_0_20.jpg,1,0.854,0.393,0.629,0,3
tusimple,tusimple_test_clips_0530_1492631665454690042_0_20.jpg,0.987,0.634,0.281,0.659,0,3
tusimple,tusimple_test_clips_0530_1492631683443944095_0_20.jpg,0.97,0.747,0.319,0.609,0,3
tusimple,tusimple_test_clips_0530_1492631690441767008_0_20.jpg,1,0.784,0.384,0.64,0,3
tusimple,tusimple_test_clips_0530_1492631691439206574_0_20.jpg,1,0.775,0.338,0.645,0.001,3
tusimple,tusimple_test_clips_0530_1492631695436701013_0_20.jpg,0.987,0.682,0.297,0.615,0,3
tusimple,tusimple_test_clips_0530_1492631696438260848_0_20.jpg,1,0.587,0.265,0.673,0,3
tusimple,tusimple_test_clips_0530_1492631698435714677_0_20.jpg,1,0.732,0.354,0.63,0,3
tusimple,tusimple_test_clips_0530_1492631701435544614_0_20.jpg,1,0.844,0.397,0.521,0.003,3
tusimple,tusimple_test_clips_0530_1492631702432500627_0_20.jpg,1,0.783,0.377,0.61,0,3
tusimple,tusimple_test_clips_0530_1492631707429478129_0_20.jpg,1,0.623,0.307,0.581,0.004,3
tusimple,tusimple_test_clips_0530_1492631751402989647_0_20.jpg,0.987,0.597,0.267,0.622,0,3
tusimple,tusimple_test_clips_0530_1492631754401324989_0_20.jpg,0.969,0.66,0.294,0.698,0,3
tusimple,tusimple_test_clips_0530_1492631755400602161_0_20.jpg,1,0.635,0.304,0.648,0,3
tusimple,tusimple_test_clips_0530_1492631756399960120_0_20.jpg,1,0.724,0.298,0.603,0,3
tusimple,tusimple_test_clips_0530_1492631771393285810_0_20.jpg,1,0.752,0.301,0.564,0.01,3
tusimple,tusimple_test_clips_0530_1492631775388606359_0_20.jpg,1,0.683,0.309,0.625,0.008,3
tusimple,tusimple_test_clips_0530_1492631792380624623_0_20.jpg,0.955,0.701,0.303,0.62,0,3
tusimple,tusimple_test_clips_0530_1492631796376004485_0_20.jpg,0.988,0.655,0.298,0.583,0,3
tusimple,tusimple_test_clips_0530_1492631810367593927_0_20.jpg,0.921,0.592,0.224,0.659,0.001,3
tusimple,tusimple_test_clips_0530_1492631821360983765_0_20.jpg,0.944,0.553,0.14,0.666,0,3
tusimple,tusimple_test_clips_0530_1492631827357795094_0_20.jpg,0.981,0.711,0.252,0.595,0.003,3
tusimple,tusimple_test_clips_0530_1492631836351837214_0_20.jpg,1,0.77,0.271,0.564,0,3
tusimple,tusimple_test_clips_0530_1492631838351091117_0_20.jpg,1,0.724,0.275,0.582,0,3
tusimple,tusimple_test_clips_0530_1492631839350132179_0_20.jpg,0.98,0.604,0.221,0.597,0,3
tusimple,tusimple_test_clips_0530_1492631842348297657_0_20.jpg,0.829,0.857,0.34,0.497,0.046,3
tusimple,tusimple_test_clips_0530_1492631862336313950_0_20.jpg,1,0.702,0.408,0.626,0.023,3
tusimple,tusimple_test_clips_0530_1492631863335658695_0_20.jpg,1,0.715,0.345,0.575,0.012,3
tusimple,tusimple_test_clips_0530_1492631864335060528_0_20.jpg,1,0.809,0.382,0.602,0.009,3
tusimple,tusimple_test_clips_0530_1492631870331560658_0_20.jpg,1,0.829,0.374,0.629,0.003,3
tusimple,tusimple_test_clips_0530_1492631876330156837_0_20.jpg,1,0.797,0.324,0.6,0.012,3
tusimple,tusimple_test_clips_0530_1492631892320971174_0_20.jpg,1,0.904,0.394,0.566,0.018,3
tusimple,tusimple_test_clips_0530_1492631893317644412_0_20.jpg,1,0.776,0.362,0.609,0.029,3
tusimple,tusimple_test_clips_0530_1492631894319299026_0_20.jpg,1,0.81,0.445,0.587,0.03,3
tusimple,tusimple_test_clips_0530_1492631896315935548_0_20.jpg,0.994,0.887,0.356,0.566,0.018,3
tusimple,tusimple_test_clips_0530_1492631897316962483_0_20.jpg,1,0.886,0.383,0.484,0.025,3
tusimple,tusimple_test_clips_0530_1492631905312041853_0_20.jpg,0.914,0.599,0.288,0.634,0.007,3
tusimple,tusimple_test_clips_0530_1492631910307419076_0_20.jpg,1,0.844,0.36,0.608,0.012,3
tusimple,tusimple_test_clips_0530_1492631911308701264_0_20.jpg,0.988,0.807,0.351,0.568,0.016,3
tusimple,tusimple_test_clips_0530_1492631917305318240_0_20.jpg,1,0.985,0.41,0.593,0.026,3
tusimple,tusimple_test_clips_0530_1492631928296597354_0_20.jpg,1,0.904,0.373,0.617,0.011,3
tusimple,tusimple_test_clips_0530_1492631932296588370_0_20.jpg,0.887,1,0.357,0.667,0.006,3
tusimple,tusimple_test_clips_0530_1492631934293011748_0_20.jpg,0.909,0.997,0.335,0.588,0,3
tusimple,tusimple_test_clips_0530_1492631938293361620_0_20.jpg,0.919,0.997,0.39,0.651,0.001,3
tusimple,tusimple_test_clips_0530_1492631940289412570_0_20.jpg,0.931,0.978,0.379,0.602,0,3
tusimple,tusimple_test_clips_0530_1492631950283400495_0_20.jpg,1,0.921,0.43,0.63,0.011,3
tusimple,tusimple_test_clips_0530_1492631951282846975_0_20.jpg,1,1,0.473,0.535,0,3
tusimple,tusimple_test_clips_0530_1492631954285944843_0_20.jpg,0.982,0.93,0.391,0.558,0,3
tusimple,tusimple_test_clips_0530_1492631955280466279_0_20.jpg,1,0.871,0.354,0.609,0,3
tusimple,tusimple_test_clips_0530_1492631968272565902_0_20.jpg,0.993,0.871,0.371,0.629,0.001,3
tusimple,tusimple_test_clips_0530_1492634594865383532_0_20.jpg,0.976,0.609,0.312,0.686,0.002,4
tusimple,tusimple_test_clips_0530_1492634604860920990_0_20.jpg,0.981,0.596,0.345,0.629,0.043,3
tusimple,tusimple_test_clips_0530_1492634608859302343_0_20.jpg,0.987,0.714,0.373,0.664,0.049,3
tusimple,tusimple_test_clips_0530_1492634615852746878_0_20.jpg,0.987,0.74,0.416,0.619,0.048,3
tusimple,tusimple_test_clips_0530_1492634623847903760_0_20.jpg,0.968,0.783,0.392,0.63,0.005,3
tusimple,tusimple_test_clips_0530_1492634627847664357_0_20.jpg,1,0.637,0.389,0.633,0,3
tusimple,tusimple_test_clips_0530_1492634637839471526_0_20.jpg,1,0.586,0.29,0.717,0.042,3
tusimple,tusimple_test_clips_0530_1492634647833846606_0_20.jpg,1,0.751,0.437,0.698,0.001,3
tusimple,tusimple_test_clips_0530_1492634650834468295_0_20.jpg,0.919,0.834,0.331,0.657,0.004,3
tusimple,tusimple_test_clips_0530_1492634651833690179_0_20.jpg,0.959,1,0.403,0.543,0.009,3
tusimple,tusimple_test_clips_0530_1492634654829160643_0_20.jpg,0.963,0.921,0.356,0.638,0.06,3
tusimple,tusimple_test_clips_0530_1492634666822063122_0_20.jpg,0.673,1,0.681,0.692,0.034,3
tusimple,tusimple_test_clips_0530_1492634673818381346_0_20.jpg,0.788,1,0.69,0.652,0.002,3
tusimple,tusimple_test_clips_0530_1492634674817118562_0_20.jpg,0.69,1,0.696,0.621,0.004,3
tusimple,tusimple_test_clips_0530_1492634680813576434_0_20.jpg,0.841,1,0.809,0.635,0.013,3
tusimple,tusimple_test_clips_0530_1492634693807620645_0_20.jpg,0.821,1,0.731,0.617,0.004,3
tusimple,tusimple_test_clips_0530_1492634706797897634_0_20.jpg,0.868,1,0.752,0.505,0.036,3
tusimple,tusimple_test_clips_0530_1492634707798183618_0_20.jpg,0.887,1,0.753,0.543,0.041,3
tusimple,tusimple_test_clips_0530_1492634709796152316_0_20.jpg,0.865,1,0.734,0.561,0.006,3
tusimple,tusimple_test_clips_0530_1492634716793858745_0_20.jpg,0.818,1,0.63,0.549,0,3
tusimple,tusimple_test_clips_0530_1492634718793469969_0_20.jpg,0.764,1,0.665,0.634,0,3
tusimple,tusimple_test_clips_0530_1492634720789508931_0_20.jpg,0.859,1,0.762,0.641,0.001,3
tusimple,tusimple_test_clips_0530_1492634738781055231_0_20.jpg,0.826,0.916,0.709,0.664,0.053,3
tusimple,tusimple_test_clips_0530_1492634749772025677_0_20.jpg,0.827,1,0.684,0.53,0,3
tusimple,tusimple_test_clips_0530_1492634753769599121_0_20.jpg,0.843,1,0.772,0.607,0,3
tusimple,tusimple_test_clips_0530_1492634759766028508_0_20.jpg,0.786,0.867,0.716,0.616,0.096,3
tusimple,tusimple_test_clips_0530_1492634769761772778_0_20.jpg,1,0.775,0.69,0.624,0.093,3
tusimple,tusimple_test_clips_0530_1492634771758865937_0_20.jpg,0.915,0.813,0.68,0.623,0.104,3
tusimple,tusimple_test_clips_0530_1492634775759008873_0_20.jpg,1,0.778,0.685,0.64,0.091,3
tusimple,tusimple_test_clips_0530_1492634784753555633_0_20.jpg,0.803,0.775,0.633,0.712,0.001,3
tusimple,tusimple_test_clips_0530_1492634805738370765_0_20.jpg,1,1,0.638,0.55,0.097,3
tusimple,tusimple_test_clips_0530_1492634809735890717_0_20.jpg,0.924,0.96,0.656,0.462,0.121,3
tusimple,tusimple_test_clips_0530_1492634811734725961_0_20.jpg,0.924,0.988,0.659,0.559,0.11,3
tusimple,tusimple_test_clips_0530_1492634812734469881_0_20.jpg,0.93,0.954,0.671,0.631,0.133,3
tusimple,tusimple_test_clips_0530_1492634818732650649_0_20.jpg,0.848,1,0.67,0.488,0.115,3
tusimple,tusimple_test_clips_0530_1492634826725747878_0_20.jpg,0.919,1,0.689,0.58,0,3
tusimple,tusimple_test_clips_0530_1492634830723338154_0_20.jpg,0.842,1,0.699,0.495,0,3
tusimple,tusimple_test_clips_0530_1492634838720404787_0_20.jpg,0.856,1,0.647,0.486,0,3
tusimple,tusimple_test_clips_0530_1492634853709505378_0_20.jpg,1,0.899,0.649,0.603,0.165,3
tusimple,tusimple_test_clips_0530_1492634856707709511_0_20.jpg,0.956,0.785,0.543,0.636,0.2,3
tusimple,tusimple_test_clips_0530_1492634880695220231_0_20.jpg,0.79,0.956,0.686,0.49,0,3
tusimple,tusimple_test_clips_0530_1492634887689149786_0_20.jpg,0.951,0.766,0.63,0.532,0.126,3
tusimple,tusimple_test_clips_0530_1492634912676502495_0_20.jpg,0.797,0.849,0.45,0.532,0.154,3
tusimple,tusimple_test_clips_0530_1492634913673448129_0_20.jpg,0.798,0.84,0.414,0.564,0.14,3
tusimple,tusimple_test_clips_0530_1492634921668613973_0_20.jpg,0.818,0.759,0.575,0.629,0.033,3
tusimple,tusimple_test_clips_0530_1492634926665916146_0_20.jpg,0.811,0.837,0.62,0.597,0.044,3
tusimple,tusimple_test_clips_0530_1492634929663830347_0_20.jpg,0.816,0.98,0.619,0.467,0.003,3
tusimple,tusimple_test_clips_0530_1492634934660770171_0_20.jpg,1,0.971,0.648,0.415,0.038,3
tusimple,tusimple_test_clips_0530_1492634939657756982_0_20.jpg,0.777,0.781,0.608,0.498,0.039,3
tusimple,tusimple_test_clips_0530_1492634947653298066_0_20.jpg,0.686,0.901,0.618,0.505,0.09,3
tusimple,tusimple_test_clips_0530_1492634949652914954_0_20.jpg,0.755,0.898,0.626,0.575,0.054,3
tusimple,tusimple_test_clips_0530_1492634963643566032_0_20.jpg,0.791,0.879,0.552,0.544,0.001,3
tusimple,tusimple_test_clips_0530_1492634969639782632_0_20.jpg,0.732,0.909,0.635,0.571,0.003,3
tusimple,tusimple_test_clips_0530_1492634972638999132_0_20.jpg,0.725,0.784,0.534,0.573,0.003,3
tusimple,tusimple_test_clips_0530_1492634984630682349_0_20.jpg,0.927,0.525,0.467,0.659,0.097,3
tusimple,tusimple_test_clips_0530_1492634987628941789_0_20.jpg,0.899,0.541,0.591,0.674,0.06,3
tusimple,tusimple_test_clips_0530_1492635003621479316_0_20.jpg,1,1,0.625,0.591,0.258,3
tusimple,tusimple_test_clips_0530_1492635018610365318_0_20.jpg,0.886,1,0.696,0.537,0.097,3
tusimple,tusimple_test_clips_0530_1492635022607983077_0_20.jpg,0.851,1,0.663,0.543,0.006,3
tusimple,tusimple_test_clips_0530_1492635031602544043_0_20.jpg,0.881,0.848,0.643,0.56,0.019,4
tusimple,tusimple_test_clips_0530_1492635037601101665_0_20.jpg,0.908,0.907,0.673,0.52,0,3
tusimple,tusimple_test_clips_0530_1492635041596493583_0_20.jpg,0.974,0.851,0.472,0.535,0.097,3
tusimple,tusimple_test_clips_0530_1492635044594834286_0_20.jpg,0.738,1,0.615,0.619,0.049,3
tusimple,tusimple_test_clips_0530_1492635060585336187_0_20.jpg,0.82,0.448,0.341,0.605,0.199,3
tusimple,tusimple_test_clips_0530_1492635062583801430_0_20.jpg,1,0.49,0.284,0.524,0.197,3
tusimple,tusimple_test_clips_0530_1492635067580787261_0_20.jpg,0.848,0.592,0.29,0.632,0.109,3
tusimple,tusimple_test_clips_0530_1492635069579703886_0_20.jpg,0.803,0.525,0.38,0.593,0.156,3
tusimple,tusimple_test_clips_0530_1492635070579092854_0_20.jpg,0.936,0.497,0.344,0.552,0.165,3
tusimple,tusimple_test_clips_0530_1492635086669293239_0_20.jpg,1,0.617,0.407,0.572,0.314,3
tusimple,tusimple_test_clips_0530_1492635091566406686_0_20.jpg,0.748,0.825,0.481,0.548,0.031,3
tusimple,tusimple_test_clips_0530_1492635093566778947_0_20.jpg,0.748,0.86,0.431,0.5,0.014,3
tusimple,tusimple_test_clips_0530_1492635096563426853_0_20.jpg,0.981,0.457,0.434,0.599,0.19,3
tusimple,tusimple_test_clips_0530_1492635098564371239_0_20.jpg,1,0.526,0.32,0.656,0.227,3
tusimple,tusimple_test_clips_0530_1492635099561765072_0_20.jpg,0.957,0.523,0.288,0.602,0.232,3
tusimple,tusimple_test_clips_0530_1492635101562536937_0_20.jpg,0.959,0.502,0.279,0.638,0.253,3
tusimple,tusimple_test_clips_0530_1492635113553622586_0_20.jpg,0.772,0.576,0.387,0.546,0.08,3
tusimple,tusimple_test_clips_0530_1492635116551414489_0_20.jpg,0.796,0.546,0.414,0.553,0.104,3
tusimple,tusimple_test_clips_0530_1492635140536980999_0_20.jpg,0.964,0.452,0.349,0.684,0.182,3
tusimple,tusimple_test_clips_0530_1492635142535853975_0_20.jpg,0.787,0.403,0.316,0.643,0.075,3
tusimple,tusimple_test_clips_0530_1492635144534716254_0_20.jpg,0.829,0.554,0.378,0.572,0.004,3
tusimple,tusimple_test_clips_0530_1492635149531573047_0_20.jpg,0.827,0.619,0.349,0.644,0.127,3
tusimple,tusimple_test_clips_0530_1492635152532038125_0_20.jpg,0.877,0.592,0.348,0.604,0.072,3
tusimple,tusimple_test_clips_0530_1492635156527984626_0_20.jpg,0.784,0.631,0.375,0.618,0.003,3
tusimple,tusimple_test_clips_0530_1492635157526682685_0_20.jpg,0.847,0.596,0.364,0.666,0.025,3
tusimple,tusimple_test_clips_0530_1492635165521998613_0_20.jpg,1,0.656,0.362,0.586,0.204,3
tusimple,tusimple_test_clips_0530_1492635178514168494_0_20.jpg,0.804,0.594,0.406,0.542,0.001,3
tusimple,tusimple_test_clips_0530_1492635186509352495_0_20.jpg,0.894,0.535,0.421,0.591,0.119,3
tusimple,tusimple_test_clips_0530_1492635188508127640_0_20.jpg,0.856,0.66,0.469,0.49,0.11,3
tusimple,tusimple_test_clips_0530_1492635195504014431_0_20.jpg,0.881,0.719,0.51,0.484,0.008,3
tusimple,tusimple_test_clips_0530_1492635198502202424_0_20.jpg,0.79,0.711,0.496,0.55,0.001,3
tusimple,tusimple_test_clips_0530_1492635215491925484_0_20.jpg,0.801,0.644,0.516,0.55,0.084,3
tusimple,tusimple_test_clips_0530_1492635226819909784_0_20.jpg,0.812,1,0.456,0.538,0,3
tusimple,tusimple_test_clips_0530_1492635229483521258_0_20.jpg,0.869,1,0.698,0.638,0,4
tusimple,tusimple_test_clips_0530_1492635237478693580_0_20.jpg,0.801,0.815,0.551,0.5,0.013,3
tusimple,tusimple_test_clips_0530_1492635239477395118_0_20.jpg,0.853,0.713,0.693,0.659,0.001,3
tusimple,tusimple_test_clips_0530_1492635242477777961_0_20.jpg,0.922,0.683,0.706,0.641,0.014,3
tusimple,tusimple_test_clips_0530_1492635244476328792_0_20.jpg,0.875,0.684,0.715,0.66,0.028,3
tusimple,tusimple_test_clips_0530_1492635248472044112_0_20.jpg,0.952,0.761,0.69,0.561,0.138,3
tusimple,tusimple_test_clips_0530_1492635251470247056_0_20.jpg,1,0.756,0.678,0.643,0.156,3
tusimple,tusimple_test_clips_0530_1492635252469692027_0_20.jpg,0.932,0.679,0.643,0.649,0.162,3
tusimple,tusimple_test_clips_0530_1492635263463833789_0_20.jpg,0.872,0.799,0.743,0.672,0.116,3
tusimple,tusimple_test_clips_0530_1492635273460494085_0_20.jpg,0.952,1,0.799,0.609,0.002,3
tusimple,tusimple_test_clips_0530_1492635281452967072_0_20.jpg,0.939,1,0.793,0.636,0,3
tusimple,tusimple_test_clips_0530_1492635285450763377_0_20.jpg,0.856,1,0.79,0.645,0.001,3
tusimple,tusimple_test_clips_0530_1492635286450089090_0_20.jpg,0.897,1,0.82,0.665,0,3
tusimple,tusimple_test_clips_0530_1492635289450454316_0_20.jpg,0.892,1,0.825,0.659,0.001,3
tusimple,tusimple_test_clips_0530_1492635293445768146_0_20.jpg,0.913,1,0.844,0.633,0,3
tusimple,tusimple_test_clips_0530_1492635295444582813_0_20.jpg,0.916,1,0.822,0.671,0,3
tusimple,tusimple_test_clips_0530_1492635301441071368_0_20.jpg,0.892,1,0.784,0.672,0,3
tusimple,tusimple_test_clips_0530_1492635322428406126_0_20.jpg,0.942,1,0.836,0.667,0,3
tusimple,tusimple_test_clips_0530_1492635334421126781_0_20.jpg,0.853,1,0.78,0.684,0,3
tusimple,tusimple_test_clips_0530_1492635349412233241_0_20.jpg,0.88,1,0.817,0.663,0,3
tusimple,tusimple_test_clips_0530_1492635355408524239_0_20.jpg,0.842,1,0.812,0.693,0.001,3
tusimple,tusimple_test_clips_0530_1492635361404995962_0_20.jpg,0.895,1,0.822,0.639,0.019,3
tusimple,tusimple_test_clips_0530_1492635376395981744_0_20.jpg,0.889,1,0.829,0.663,0,3
tusimple,tusimple_test_clips_0530_1492635388388728427_0_20.jpg,0.967,1,0.793,0.62,0.001,3
tusimple,tusimple_test_clips_0530_1492635395384582652_0_20.jpg,0.879,1,0.855,0.702,0,3
tusimple,tusimple_test_clips_0530_1492635405382308763_0_20.jpg,0.928,1,0.82,0.647,0.045,3
tusimple,tusimple_test_clips_0530_1492635414373076250_0_20.jpg,0.841,1,0.875,0.628,0.06,3
tusimple,tusimple_test_clips_0530_1492635428364979680_0_20.jpg,0.84,1,0.883,0.612,0,3
tusimple,tusimple_test_clips_0530_1492635434364669050_0_20.jpg,0.948,1,0.891,0.619,0,3
tusimple,tusimple_test_clips_0530_1492635443355678629_0_20.jpg,0.867,1,0.885,0.709,0.035,3
tusimple,tusimple_test_clips_0530_1492635447353487443_0_20.jpg,0.813,1,0.876,0.653,0.098,3
tusimple,tusimple_test_clips_0530_1492635457347445735_0_20.jpg,0.872,1,0.866,0.6,0,3
tusimple,tusimple_test_clips_0530_1492635463343735189_0_20.jpg,0.961,1,0.818,0.62,0,3
tusimple,tusimple_test_clips_0530_1492635464345647454_0_20.jpg,0.89,1,0.863,0.596,0.001,3
tusimple,tusimple_test_clips_0530_1492635474337030898_0_20.jpg,0.831,1,0.825,0.638,0,3
tusimple,tusimple_test_clips_0530_1492635483331757452_0_20.jpg,0.893,1,0.79,0.643,0,3
tusimple,tusimple_test_clips_0530_1492635484335079212_0_20.jpg,0.862,0.959,0.773,0.646,0,3
tusimple,tusimple_test_clips_0530_1492635486329894082_0_20.jpg,0.887,1,0.821,0.552,0,3
tusimple,tusimple_test_clips_0530_1492635489327445865_0_20.jpg,0.889,0.882,0.835,0.678,0,3
tusimple,tusimple_test_clips_0530_1492635513314328574_0_20.jpg,0.895,1,0.858,0.601,0.048,3
tusimple,tusimple_test_clips_0530_1492635517310604339_0_20.jpg,0.857,1,0.834,0.643,0.001,3
tusimple,tusimple_test_clips_0530_1492635518310199166_0_20.jpg,0.839,1,0.843,0.627,0,3
tusimple,tusimple_test_clips_0530_1492635533300905278_0_20.jpg,0.793,1,0.855,0.65,0.001,3
tusimple,tusimple_test_clips_0530_1492635539297320005_0_20.jpg,0.907,1,0.885,0.684,0.001,3
tusimple,tusimple_test_clips_0530_1492635541296179051_0_20.jpg,0.812,1,0.889,0.63,0,3
tusimple,tusimple_test_clips_0530_1492635543298040200_0_20.jpg,0.839,1,0.895,0.61,0,3
tusimple,tusimple_test_clips_0530_1492635556287146031_0_20.jpg,0.929,1,0.862,0.59,0.054,3
tusimple,tusimple_test_clips_0530_1492635567280597946_0_20.jpg,0.883,1,0.865,0.646,0.031,3
tusimple,tusimple_test_clips_0530_1492635571280902972_0_20.jpg,0.853,1,0.844,0.55,0.03,3
tusimple,tusimple_test_clips_0530_1492635580273075393_0_20.jpg,0.736,1,0.795,0.628,0.009,3
tusimple,tusimple_test_clips_0530_1492635581272161668_0_20.jpg,0.799,0.79,0.746,0.648,0.004,3
tusimple,tusimple_test_clips_0530_1492635582273458965_0_20.jpg,0.874,0.703,0.729,0.565,0,3
tusimple,tusimple_test_clips_0530_1492635595263929751_0_20.jpg,0.852,1,0.794,0.652,0.001,3
tusimple,tusimple_test_clips_0530_1492635597264754763_0_20.jpg,0.922,1,0.864,0.648,0.001,3
tusimple,tusimple_test_clips_0530_1492635603259705688_0_20.jpg,0.81,1,0.763,0.668,0.003,3
tusimple,tusimple_test_clips_0530_1492635605257947499_0_20.jpg,0.745,1,0.794,0.556,0.041,3
tusimple,tusimple_test_clips_0530_1492635607256534909_0_20.jpg,0.703,1,0.684,0.586,0.064,3
tusimple,tusimple_test_clips_0530_1492635620248766429_0_20.jpg,0.889,1,0.812,0.584,0.049,3
tusimple,tusimple_test_clips_0530_1492635625246353257_0_20.jpg,0.891,1,0.817,0.63,0.001,3
tusimple,tusimple_test_clips_0530_1492635641238728671_0_20.jpg,0.887,1,0.825,0.611,0.09,3
tusimple,tusimple_test_clips_0530_1492635648232147248_0_20.jpg,0.891,1,0.85,0.635,0,3
tusimple,tusimple_test_clips_0530_1492636334419830084_0_20.jpg,0.992,0.714,0.428,0.647,0,3
tusimple,tusimple_test_clips_0530_1492636457679073181_0_20.jpg,0.926,0.356,0.33,0.664,0.043,3
tusimple,tusimple_test_clips_0530_1492636600393245467_0_20.jpg,0.932,0.624,0.483,0.596,0.023,3
tusimple,tusimple_test_clips_0530_1492636895715599393_0_20.jpg,0.961,0.518,0.572,0.571,0,3
tusimple,tusimple_test_clips_0530_1492637052323829842_0_20.jpg,1,0.93,0.617,0.596,0,3
tusimple,tusimple_test_clips_0530_1492637685473100906_0_20.jpg,0.623,1,0.725,0.495,0.032,3
tusimple,tusimple_test_clips_0530_1492637687473306735_0_20.jpg,0.766,1,0.768,0.5,0,3
tusimple,tusimple_test_clips_0530_1492637693468437179_0_20.jpg,0.829,1,0.763,0.507,0,3
tusimple,tusimple_test_clips_0530_1492637698465290557_0_20.jpg,0.962,0.571,0.547,0.586,0.004,3
tusimple,tusimple_test_clips_0530_1492637709458845602_0_20.jpg,0.72,1,0.834,0.698,0.073,3
tusimple,tusimple_test_clips_0530_1492637713456211265_0_20.jpg,0.811,1,0.852,0.654,0.06,3
tusimple,tusimple_test_clips_0530_1492637728447152986_0_20.jpg,0.669,1,0.856,0.635,0.083,3
tusimple,tusimple_test_clips_0530_1492637730446000147_0_20.jpg,0.683,1,0.849,0.61,0.074,3
tusimple,tusimple_test_clips_0530_1492637734443606530_0_20.jpg,0.761,1,0.866,0.571,0.079,3
tusimple,tusimple_test_clips_0530_1492637738441533852_0_20.jpg,0.628,1,0.865,0.682,0.099,3
tusimple,tusimple_test_clips_0530_1492637746437134259_0_20.jpg,0.851,1,0.888,0.582,0.097,4
tusimple,tusimple_test_clips_0530_1492637751434303496_0_20.jpg,0.757,1,0.786,0.657,0.079,3
tusimple,tusimple_test_clips_0530_1492637762426652515_0_20.jpg,0.74,1,0.631,0.534,0,3
tusimple,tusimple_test_clips_0530_1492637770422839970_0_20.jpg,0.757,1,0.752,0.571,0,3
tusimple,tusimple_test_clips_0530_1492637778419174130_0_20.jpg,0.676,1,0.85,0.544,0,4
tusimple,tusimple_test_clips_0530_1492637784413492427_0_20.jpg,0.791,1,0.82,0.615,0,3
tusimple,tusimple_test_clips_0530_1492637788410978188_0_20.jpg,0.709,1,0.795,0.579,0,3
tusimple,tusimple_test_clips_0530_1492637790409737001_0_20.jpg,0.744,1,0.785,0.493,0.001,3
tusimple,tusimple_test_clips_0530_1492637799404424688_0_20.jpg,0.662,1,0.78,0.55,0.023,3
tusimple,tusimple_test_clips_0530_1492637801403226265_0_20.jpg,0.69,1,0.756,0.647,0.038,3
tusimple,tusimple_test_clips_0530_1492637804401388153_0_20.jpg,0.658,1,0.809,0.54,0.038,3
tusimple,tusimple_test_clips_0530_1492637812396594688_0_20.jpg,0.789,1,0.788,0.579,0.063,3
tusimple,tusimple_test_clips_0530_1492637813395891674_0_20.jpg,0.791,1,0.755,0.559,0.09,3
tusimple,tusimple_test_clips_0530_1492637820394498338_0_20.jpg,0.742,1,0.613,0.545,0.001,3
tusimple,tusimple_test_clips_0530_1492637823392630002_0_20.jpg,0.735,1,0.68,0.59,0,3
tusimple,tusimple_test_clips_0530_1492637825389514517_0_20.jpg,0.843,0.927,0.637,0.554,0,3
tusimple,tusimple_test_clips_0530_1492637844377274277_0_20.jpg,0.862,1,0.743,0.633,0,3
tusimple,tusimple_test_clips_0530_1492637857369971106_0_20.jpg,0.761,1,0.779,0.646,0.014,3
tusimple,tusimple_test_clips_0530_1492637871360889605_0_20.jpg,0.758,1,0.793,0.612,0.015,3
tusimple,tusimple_test_clips_0530_1492637873359818584_0_20.jpg,0.738,1,0.767,0.517,0.029,3
tusimple,tusimple_test_clips_0530_1492637877357310518_0_20.jpg,0.755,1,0.794,0.532,0.001,3
tusimple,tusimple_test_clips_0530_1492637880355578580_0_20.jpg,0.701,1,0.822,0.557,0,3
tusimple,tusimple_test_clips_0530_1492637883353694187_0_20.jpg,0.768,1,0.787,0.462,0,3
tusimple,tusimple_test_clips_0530_1492637895348975571_0_20.jpg,0.706,1,0.782,0.455,0,3
tusimple,tusimple_test_clips_0530_1492637896346200684_0_20.jpg,0.617,1,0.749,0.478,0.007,3
tusimple,tusimple_test_clips_0530_1492637897345232169_0_20.jpg,0.647,1,0.714,0.554,0,3
tusimple,tusimple_test_clips_0530_1492637901342862709_0_20.jpg,0.744,1,0.749,0.5,0,3
tusimple,tusimple_test_clips_0530_1492637927328120185_0_20.jpg,0.896,1,0.783,0.53,0,3
tusimple,tusimple_test_clips_0530_1492637938320574349_0_20.jpg,1,1,0.735,0.637,0.077,3
tusimple,tusimple_test_clips_0530_1492637943318647796_0_20.jpg,0.883,1,0.726,0.478,0.064,3
tusimple,tusimple_test_clips_0530_1492637950313287169_0_20.jpg,0.803,1,0.771,0.662,0,3
tusimple,tusimple_test_clips_0530_1492637955310379460_0_20.jpg,0.83,1,0.777,0.51,0,3
tusimple,tusimple_test_clips_0530_1492637956309692731_0_20.jpg,0.896,1,0.763,0.506,0,3
tusimple,tusimple_test_clips_0530_1492637957311562909_0_20.jpg,0.781,1,0.796,0.643,0.015,3
tusimple,tusimple_test_clips_0530_1492637970301187471_0_20.jpg,0.604,1,0.776,0.634,0.069,3
tusimple,tusimple_test_clips_0530_1492637972300034228_0_20.jpg,1,1,0.762,0.582,0.095,3
tusimple,tusimple_test_clips_0530_1492637981294736087_0_20.jpg,0.878,1,0.662,0.441,0.002,3
tusimple,tusimple_test_clips_0530_1492637995286215262_0_20.jpg,0.782,1,0.617,0.643,0.063,3
tusimple,tusimple_test_clips_0530_1492638001282511188_0_20.jpg,0.955,0.445,0.463,0.633,0.014,3
tusimple,tusimple_test_clips_0530_1492638004283347059_0_20.jpg,0.981,0.462,0.602,0.671,0,3
tusimple,tusimple_test_clips_0530_1492638009277743415_0_20.jpg,0.844,0.512,0.404,0.617,0.004,3
tusimple,tusimple_test_clips_0530_1492638018272524920_0_20.jpg,1,0.512,0.512,0.659,0.001,3
tusimple,tusimple_test_clips_0530_1492638030270999106_0_20.jpg,0.994,0.392,0.527,0.658,0,3
tusimple,tusimple_test_clips_0530_1492638032263876297_0_20.jpg,0.974,0.38,0.434,0.645,0,3
tusimple,tusimple_test_clips_0530_1492638033264778129_0_20.jpg,0.854,0.408,0.564,0.694,0,3
tusimple,tusimple_test_clips_0530_1492638037260876350_0_20.jpg,0.975,0.428,0.535,0.652,0.006,3
tusimple,tusimple_test_clips_0530_1492638050253529437_0_20.jpg,0.935,0.527,0.464,0.633,0.026,3
tusimple,tusimple_test_clips_0530_1492638062248196276_0_20.jpg,0.934,0.589,0.422,0.676,0,3
tusimple,tusimple_test_clips_0530_1492638067245225984_0_20.jpg,1,0.648,0.239,0.631,0,3
tusimple,tusimple_test_clips_0530_1492638078238566017_0_20.jpg,1,0.498,0.581,0.638,0,3
tusimple,tusimple_test_clips_0530_1492638085231891924_0_20.jpg,0.941,0.516,0.529,0.603,0.008,4
tusimple,tusimple_test_clips_0530_1492638088230069228_0_20.jpg,0.883,0.443,0.453,0.627,0.001,4
tusimple,tusimple_test_clips_0530_1492638096225184832_0_20.jpg,0.974,0.615,0.4,0.531,0.061,3
tusimple,tusimple_test_clips_0530_1492638103221114385_0_20.jpg,0.837,0.474,0.388,0.634,0.047,3
tusimple,tusimple_test_clips_0530_1492638104220491809_0_20.jpg,0.928,0.472,0.457,0.596,0.039,3
tusimple,tusimple_test_clips_0530_1492638113215039138_0_20.jpg,0.795,0.54,0.488,0.638,0.094,3
tusimple,tusimple_test_clips_0530_1492638115213759314_0_20.jpg,0.824,0.612,0.383,0.649,0.075,3
tusimple,tusimple_test_clips_0530_1492638121212659094_0_20.jpg,0.868,0.526,0.387,0.625,0.001,3
tusimple,tusimple_test_clips_0530_1492638122209619696_0_20.jpg,0.828,0.487,0.462,0.654,0.014,3
tusimple,tusimple_test_clips_0530_1492638160186633358_0_20.jpg,0.817,0.582,0.333,0.679,0.002,3
tusimple,tusimple_test_clips_0530_1492638161187788415_0_20.jpg,0.881,0.465,0.401,0.602,0.02,3
tusimple,tusimple_test_clips_0530_1492638183177856002_0_20.jpg,0.986,0.624,0.611,0.613,0.046,3
tusimple,tusimple_test_clips_0530_1492638187170354129_0_20.jpg,1,0.537,0.626,0.68,0.054,3
tusimple,tusimple_test_clips_0530_1492638193166776661_0_20.jpg,0.986,0.508,0.556,0.546,0.003,3
tusimple,tusimple_test_clips_0530_1492638214153993163_0_20.jpg,0.94,0.59,0.512,0.646,0,3
tusimple,tusimple_test_clips_0530_1492638216152841196_0_20.jpg,0.914,0.57,0.362,0.648,0,3
tusimple,tusimple_test_clips_0530_1492638225150208828_0_20.jpg,0.85,0.552,0.501,0.625,0.016,4
tusimple,tusimple_test_clips_0530_1492638231143852352_0_20.jpg,0.953,0.596,0.592,0.596,0.052,3
tusimple,tusimple_test_clips_0530_1492638232143181720_0_20.jpg,0.988,0.751,0.61,0.495,0.057,4
tusimple,tusimple_test_clips_0530_1492638233144742691_0_20.jpg,0.988,0.772,0.624,0.615,0.059,4
tusimple,tusimple_test_clips_0530_1492638250132309516_0_20.jpg,0.951,0.416,0.352,0.645,0.065,5
tusimple,tusimple_test_clips_0530_1492638252131107643_0_20.jpg,1,0.652,0.562,0.615,0.049,5
tusimple,tusimple_test_clips_0530_1492638259126983425_0_20.jpg,0.989,0.533,0.381,0.68,0.001,4
tusimple,tusimple_test_clips_0530_1492638260126297346_0_20.jpg,0.974,0.587,0.445,0.623,0.001,4
tusimple,tusimple_test_clips_0530_1492638262125221942_0_20.jpg,0.989,0.579,0.36,0.535,0,4
tusimple,tusimple_test_clips_0530_1492638277118497652_0_20.jpg,0.911,0.607,0.58,0.569,0.002,4
tusimple,tusimple_test_clips_0530_1492638280115359372_0_20.jpg,0.944,0.648,0.578,0.619,0.012,4
tusimple,tusimple_test_clips_0530_1492638285111208805_0_20.jpg,0.926,0.596,0.487,0.554,0.003,4
tusimple,tusimple_test_clips_0530_1492638286111826630_0_20.jpg,0.899,0.747,0.559,0.578,0.021,4
tusimple,tusimple_test_clips_0530_1492638298103333950_0_20.jpg,0.906,0.463,0.359,0.57,0.001,4
tusimple,tusimple_test_clips_0530_1492638302101399279_0_20.jpg,0.548,1,0.626,0.62,0.06,4
tusimple,tusimple_test_clips_0530_1492638303100352055_0_20.jpg,0.947,0.535,0.454,0.588,0.06,4
tusimple,tusimple_test_clips_0530_1492638307097922753_0_20.jpg,0.925,0.457,0.396,0.612,0.002,4
tusimple,tusimple_test_clips_0530_1492638317092059953_0_20.jpg,0.928,0.801,0.405,0.585,0.097,5
tusimple,tusimple_test_clips_0530_1492638327085918575_0_20.jpg,0.927,0.739,0.393,0.614,0.089,5
tusimple,tusimple_test_clips_0530_1492638333082259606_0_20.jpg,0.862,0.626,0.535,0.573,0.058,5
tusimple,tusimple_test_clips_0530_1492638344077681606_0_20.jpg,0.944,0.588,0.495,0.649,0.057,5
tusimple,tusimple_test_clips_0530_1492638352072065944_0_20.jpg,0.975,0.619,0.487,0.59,0.08,5
tusimple,tusimple_test_clips_0530_1492638367063276789_0_20.jpg,0.898,0.387,0.546,0.615,0.039,4
tusimple,tusimple_test_clips_0530_1492638370061755144_0_20.jpg,0.845,0.541,0.46,0.651,0.018,4
tusimple,tusimple_test_clips_0530_1492638376056269527_0_20.jpg,0.923,0.592,0.429,0.602,0.052,4
tusimple,tusimple_test_clips_0530_1492638399042543386_0_20.jpg,0.853,0.672,0.475,0.626,0.044,5
tusimple,tusimple_test_clips_0530_1492638402040596736_0_20.jpg,1,0.625,0.437,0.588,0.07,5
tusimple,tusimple_test_clips_0530_1492638407037549920_0_20.jpg,0.98,0.512,0.435,0.559,0.016,5
tusimple,tusimple_test_clips_0530_1492638411035291697_0_20.jpg,0.717,0.619,0.546,0.572,0.007,5
tusimple,tusimple_test_clips_0530_1492638412034847897_0_20.jpg,0.697,0.755,0.497,0.597,0.049,5
tusimple,tusimple_test_clips_0530_1492638429024449894_0_20.jpg,0.862,0.422,0.444,0.661,0.077,3
tusimple,tusimple_test_clips_0530_1492638438018889353_0_20.jpg,0.845,0.492,0.488,0.618,0.001,5
tusimple,tusimple_test_clips_0530_1492638449012272064_0_20.jpg,0.884,0.453,0.423,0.607,0.013,5
tusimple,tusimple_test_clips_0530_1492638450011631841_0_20.jpg,0.81,0.529,0.374,0.597,0.001,5
tusimple,tusimple_test_clips_0530_1492638454009240843_0_20.jpg,0.802,0.575,0.53,0.625,0,5
tusimple,tusimple_test_clips_0530_1492638459006351377_0_20.jpg,0.71,0.743,0.529,0.638,0.009,5
tusimple,tusimple_test_clips_0530_1492638460005692328_0_20.jpg,0.768,0.646,0.497,0.658,0.007,5
tusimple,tusimple_test_clips_0530_1492638470998963229_0_20.jpg,0.79,0.535,0.591,0.613,0.035,4
tusimple,tusimple_test_clips_0530_1492638474996557344_0_20.jpg,0.846,0.46,0.431,0.638,0.086,4
tusimple,tusimple_test_clips_0530_1492638475996743036_0_20.jpg,0.877,0.496,0.496,0.563,0.087,4
tusimple,tusimple_test_clips_0530_1492638480993150954_0_20.jpg,0.938,0.466,0.514,0.631,0.123,5
tusimple,tusimple_test_clips_0530_1492638489987564573_0_20.jpg,0.82,0.595,0.566,0.598,0,5
tusimple,tusimple_test_clips_0530_1492638492985818702_0_20.jpg,0.616,0.787,0.581,0.613,0.061,5
tusimple,tusimple_test_clips_0530_1492638499981502389_0_20.jpg,0.909,0.452,0.487,0.633,0.009,5
tusimple,tusimple_test_clips_0530_1492638510974875443_0_20.jpg,0.873,0.441,0.505,0.618,0,5
tusimple,tusimple_test_clips_0530_1492638517970605896_0_20.jpg,0.953,0.49,0.558,0.606,0.001,5
tusimple,tusimple_test_clips_0530_1492638523967059744_0_20.jpg,0.85,0.565,0.366,0.591,0,5
tusimple,tusimple_test_clips_0530_1492638536959201655_0_20.jpg,0.85,0.517,0.454,0.65,0.001,4
tusimple,tusimple_test_clips_0530_1492638541956408046_0_20.jpg,0.872,0.564,0.484,0.616,0.09,5
tusimple,tusimple_test_clips_0530_1492638548952710781_0_20.jpg,0.812,0.619,0.543,0.622,0.038,5
tusimple,tusimple_test_clips_0530_1492638549951314986_0_20.jpg,0.639,0.91,0.522,0.662,0.05,5
tusimple,tusimple_test_clips_0530_1492638556947099581_0_20.jpg,0.84,0.77,0.552,0.505,0.068,5
tusimple,tusimple_test_clips_0530_1492638561944067468_0_20.jpg,0.932,0.576,0.525,0.604,0.113,4
tusimple,tusimple_test_clips_0530_1492638575935672199_0_20.jpg,0.877,0.502,0.495,0.643,0,5
tusimple,tusimple_test_clips_0530_1492638597922435915_0_20.jpg,0.845,0.467,0.518,0.651,0,5
tusimple,tusimple_test_clips_0530_1492638606918631841_0_20.jpg,0.881,0.566,0.463,0.573,0,5
tusimple,tusimple_test_clips_0530_1492638612980023451_0_20.jpg,0.928,0.398,0.489,0.638,0.069,4
tusimple,tusimple_test_clips_0530_1492638616910902250_0_20.jpg,0.802,0.512,0.352,0.648,0.1,4
tusimple,tusimple_test_clips_0530_1492638620908664909_0_20.jpg,0.835,0.634,0.458,0.661,0.069,4
tusimple,tusimple_test_clips_0530_1492638632901247156_0_20.jpg,0.529,1,0.538,0.649,0,3
tusimple,tusimple_test_clips_0530_1492638636898887729_0_20.jpg,0.771,0.828,0.475,0.581,0,4
tusimple,tusimple_test_clips_0530_1492638648891596406_0_20.jpg,1,0.548,0.314,0.629,0.051,4
tusimple,tusimple_test_clips_0530_1492638653888644536_0_20.jpg,1,0.56,0.309,0.59,0.065,4
tusimple,tusimple_test_clips_0530_1492638666880800418_0_20.jpg,0.979,0.67,0.501,0.475,0.002,5
tusimple,tusimple_test_clips_0530_1492638668879668949_0_20.jpg,1,0.49,0.577,0.532,0,4
tusimple,tusimple_test_clips_0530_1492638676874777066_0_20.jpg,0.948,0.608,0.366,0.553,0,4
tusimple,tusimple_test_clips_0530_1492638681871769100_0_20.jpg,0.973,0.548,0.61,0.597,0,5
tusimple,tusimple_test_clips_0530_1492638682871142770_0_20.jpg,0.97,0.493,0.527,0.585,0,5
tusimple,tusimple_test_clips_0530_1492638690866249670_0_20.jpg,0.937,0.556,0.509,0.554,0.047,4
tusimple,tusimple_test_clips_0530_1492638697862180964_0_20.jpg,0.993,0.616,0.339,0.623,0.001,5
tusimple,tusimple_test_clips_0530_1492638698861478462_0_20.jpg,0.941,0.581,0.322,0.613,0,5
tusimple,tusimple_test_clips_0530_1492638710857445188_0_20.jpg,0.801,0.62,0.418,0.662,0.004,5
tusimple,tusimple_test_clips_0530_1492638727846022775_0_20.jpg,0.826,0.691,0.423,0.577,0.013,5
tusimple,tusimple_test_clips_0530_1492638729842764270_0_20.jpg,0.869,0.809,0.444,0.577,0.024,4
tusimple,tusimple_test_clips_0530_1492638740836086364_0_20.jpg,0.94,0.512,0.387,0.555,0,5
tusimple,tusimple_test_clips_0530_1492638743834232693_0_20.jpg,0.955,0.534,0.329,0.57,0.024,5
tusimple,tusimple_test_clips_0530_1492638748831224175_0_20.jpg,0.907,0.529,0.372,0.539,0.051,5
tusimple,tusimple_test_clips_0530_1492638752831441083_0_20.jpg,0.966,0.468,0.412,0.614,0.038,4
tusimple,tusimple_test_clips_0530_1492638760826674913_0_20.jpg,0.882,0.412,0.422,0.669,0.001,5
tusimple,tusimple_test_clips_0530_1492638771817779899_0_20.jpg,0.932,0.482,0.472,0.65,0.012,5
tusimple,tusimple_test_clips_0530_1492638779812701053_0_20.jpg,0.886,0.581,0.512,0.604,0,5
tusimple,tusimple_test_clips_0530_1492638782810677468_0_20.jpg,0.857,0.657,0.622,0.637,0,5
tusimple,tusimple_test_clips_0530_1492638788810084635_0_20.jpg,0.831,0.638,0.638,0.634,0.001,5
tusimple,tusimple_test_clips_0530_1492638797802220417_0_20.jpg,0.884,0.383,0.323,0.685,0.005,5
tusimple,tusimple_test_clips_0530_1492638799801647381_0_20.jpg,0.852,0.392,0.52,0.65,0.009,5
tusimple,tusimple_test_clips_0530_1492638803798068326_0_20.jpg,0.936,0.463,0.448,0.65,0.074,5
tusimple,tusimple_test_clips_0530_1492638812794581016_0_20.jpg,0.826,0.52,0.429,0.644,0,5
tusimple,tusimple_test_clips_0530_1492638833779970046_0_20.jpg,0.925,0.493,0.529,0.617,0,5
tusimple,tusimple_test_clips_0530_1492638834779368821_0_20.jpg,0.955,0.482,0.521,0.64,0,5
tusimple,tusimple_test_clips_0530_1492638835778787848_0_20.jpg,0.924,0.471,0.51,0.608,0,5
tusimple,tusimple_test_clips_0530_1492638852770843569_0_20.jpg,0.973,0.458,0.549,0.629,0.08,5
tusimple,tusimple_test_clips_0530_1492638858764957257_0_20.jpg,1,0.361,0.434,0.649,0.014,5
tusimple,tusimple_test_clips_0530_1492638865760673048_0_20.jpg,0.881,0.685,0.508,0.575,0.014,4
tusimple,tusimple_test_clips_0530_1492638866760210893_0_20.jpg,0.873,0.567,0.396,0.592,0.017,4
tusimple,tusimple_test_clips_0530_1492638873755844015_0_20.jpg,0.806,0.616,0.335,0.532,0.018,5
tusimple,tusimple_test_clips_0530_1492638877755606223_0_20.jpg,0.82,0.589,0.398,0.638,0,4
tusimple,tusimple_test_clips_0530_1492638900739906213_0_20.jpg,0.979,0.53,0.466,0.584,0,5
tusimple,tusimple_test_clips_0530_1492638902738423008_0_20.jpg,0.966,0.482,0.497,0.617,0.015,4
tusimple,tusimple_test_clips_0530_1492638903739697938_0_20.jpg,0.94,0.541,0.513,0.591,0.033,4
tusimple,tusimple_test_clips_0530_1492638911735654403_0_20.jpg,0.946,0.444,0.437,0.619,0,4
tusimple,tusimple_test_clips_0530_1492638915730374411_0_20.jpg,0.883,0.523,0.531,0.639,0.01,4
tusimple,tusimple_test_clips_0530_1492638922734277126_0_20.jpg,0.991,0.578,0.472,0.596,0.028,5
tusimple,tusimple_test_clips_0530_1492638925725690321_0_20.jpg,1,0.59,0.463,0.57,0.042,5
tusimple,tusimple_test_clips_0530_1492638926723775798_0_20.jpg,1,0.717,0.452,0.634,0.04,4
tusimple,tusimple_test_clips_0530_1492638929722075733_0_20.jpg,1,0.784,0.52,0.607,0.031,4
tusimple,tusimple_test_clips_0530_1492638937717194746_0_20.jpg,0.899,0.503,0.301,0.627,0.004,5
tusimple,tusimple_test_clips_0530_1492638941714753572_0_20.jpg,0.842,0.702,0.453,0.632,0.034,4
tusimple,tusimple_test_clips_0530_1492638942716723270_0_20.jpg,0.896,0.667,0.432,0.57,0.058,3
tusimple,tusimple_test_clips_0530_1492638948710552190_0_20.jpg,0.963,0.629,0.496,0.564,0,5
tusimple,tusimple_test_clips_0530_1492638976693671330_0_20.jpg,0.811,1,0.752,0.681,0.012,4
tusimple,tusimple_test_clips_0530_1492720183607312769_0_20.jpg,0.741,0.558,0.348,0.623,0,4
tusimple,tusimple_test_clips_0530_1492720201463893488_0_20.jpg,0.867,0.592,0.591,0.651,0,4
tusimple,tusimple_test_clips_0530_1492720209758175848_0_20.jpg,0.932,0.526,0.576,0.655,0,4
tusimple,tusimple_test_clips_0530_1492720211957206385_0_20.jpg,0.861,0.568,0.6,0.573,0,4
tusimple,tusimple_test_clips_0530_1492720219518947091_0_20.jpg,0.942,0.59,0.574,0.63,0,4
tusimple,tusimple_test_clips_0530_1492720220185730033_0_20.jpg,0.968,0.413,0.375,0.649,0,4
tusimple,tusimple_test_clips_0530_1492720221784444635_0_20.jpg,0.754,0.532,0.53,0.615,0,4
tusimple,tusimple_test_clips_0530_1492720236876811973_0_20.jpg,0.769,0.608,0.534,0.563,0.038,4
tusimple,tusimple_test_clips_0530_1492720252332756822_0_20.jpg,0.819,0.755,0.522,0.613,0,4
tusimple,tusimple_test_clips_0530_1492720255030877453_0_20.jpg,0.749,0.642,0.447,0.521,0.008,4
tusimple,tusimple_test_clips_0530_1492720257131019848_0_20.jpg,0.708,0.488,0.37,0.661,0.007,4
tusimple,tusimple_test_clips_0530_1492720257762556176_0_20.jpg,0.734,0.605,0.434,0.579,0.005,4
tusimple,tusimple_test_clips_0530_1492720268723156106_0_20.jpg,0.897,0.502,0.415,0.584,0,4
tusimple,tusimple_test_clips_0530_1492720299805545699_0_20.jpg,0.787,0.531,0.335,0.672,0.007,4
tusimple,tusimple_test_clips_0530_1492720386684733881_0_20.jpg,0.868,0.515,0.356,0.586,0,4
tusimple,tusimple_test_clips_0530_1492720417632656484_0_20.jpg,0.737,0.753,0.432,0.566,0.017,4
tusimple,tusimple_test_clips_0530_1492720450482528279_0_20.jpg,0.903,0.521,0.332,0.564,0,4
tusimple,tusimple_test_clips_0530_1492720465004225068_0_20.jpg,0.791,0.461,0.499,0.587,0.011,4
tusimple,tusimple_test_clips_0530_1492720528465756354_0_20.jpg,0.817,0.682,0.489,0.606,0.067,4
tusimple,tusimple_test_clips_0530_1492720581067740730_0_20.jpg,0.908,0.434,0.267,0.646,0.026,4
tusimple,tusimple_test_clips_0530_1492720691900358737_0_20.jpg,0.908,0.64,0.388,0.518,0,4
tusimple,tusimple_test_clips_0530_1492720860267080182_0_20.jpg,0.893,0.758,0.419,0.579,0.001,3
tusimple,tusimple_test_clips_0530_1492721432886472057_0_20.jpg,0.904,0.532,0.308,0.568,0.003,3
tusimple,tusimple_test_clips_0530_1492721433552704788_0_20.jpg,0.885,0.518,0.289,0.658,0.011,3
tusimple,tusimple_test_clips_0530_1492721434885296101_0_20.jpg,0.875,0.56,0.313,0.625,0.001,3
tusimple,tusimple_test_clips_0530_1492721509343139518_0_20.jpg,0.882,1,0.857,0.566,0.005,3
tusimple,tusimple_test_clips_0530_1492722380083241850_0_20.jpg,1,0.415,0.6,0.574,0.056,4
tusimple,tusimple_test_clips_0530_1492722386079621511_0_20.jpg,0.995,0.468,0.365,0.623,0.056,4
tusimple,tusimple_test_clips_0530_1492722388078481322_0_20.jpg,1,0.398,0.443,0.647,0.034,4
tusimple,tusimple_test_clips_0530_1492722392075966494_0_20.jpg,1,0.463,0.455,0.61,0.037,4
tusimple,tusimple_test_clips_0530_1492722397074545925_0_20.jpg,1,0.821,0.486,0.527,0,5
tusimple,tusimple_test_clips_0530_1492722408067408292_0_20.jpg,0.784,0.923,0.491,0.524,0.071,4
tusimple,tusimple_test_clips_0530_1492722411064511434_0_20.jpg,0.928,0.904,0.512,0.662,0.042,4
tusimple,tusimple_test_clips_0530_1492722412066175697_0_20.jpg,0.941,0.969,0.484,0.597,0.048,4
tusimple,tusimple_test_clips_0530_1492722414062972056_0_20.jpg,0.766,0.972,0.48,0.621,0.04,4
tusimple,tusimple_test_clips_0530_1492722425525688148_0_20.jpg,0.987,0.785,0.434,0.614,0.048,5
tusimple,tusimple_test_clips_0530_1492722429686699752_0_20.jpg,1,0.73,0.386,0.61,0.033,5
tusimple,tusimple_test_clips_0530_1492722438350317924_0_20.jpg,1,0.87,0.575,0.581,0.052,4
tusimple,tusimple_test_clips_0530_1492722492182425815_0_20.jpg,1,1,0.425,0.605,0.057,4
tusimple,tusimple_test_clips_0530_1492722533057930737_0_20.jpg,1,0.738,0.547,0.586,0.072,4
tusimple,tusimple_test_clips_0530_1492722536959306853_0_20.jpg,1,0.882,0.505,0.609,0.06,4
tusimple,tusimple_test_clips_0530_1492722566473537693_0_20.jpg,0.973,0.674,0.621,0.616,0.058,3
tusimple,tusimple_test_clips_0530_1492722585695455213_0_20.jpg,0.928,0.737,0.178,0.554,0.101,3
tusimple,tusimple_test_clips_0530_1492722598551949432_0_20.jpg,0.901,1,0.585,0.475,0,3
tusimple,tusimple_test_clips_0530_1492722649622804098_0_20.jpg,0.994,0.87,0.527,0.55,0.069,3
tusimple,tusimple_test_clips_0530_1492722658049820940_0_20.jpg,1,0.809,0.527,0.572,0.044,3
tusimple,tusimple_test_clips_0530_1492722662380182079_0_20.jpg,1,0.63,0.523,0.594,0,3
tusimple,tusimple_test_clips_0530_1492722678503793419_0_20.jpg,0.987,0.673,0.595,0.55,0.025,3
tusimple,tusimple_test_clips_0530_1492722688567474655_0_20.jpg,0.731,1,0.453,0.615,0.017,3
tusimple,tusimple_test_clips_0530_1492722693032204602_0_20.jpg,0.917,0.831,0.542,0.562,0.027,3
tusimple,tusimple_test_clips_0530_1492722725375612783_0_20.jpg,1,0.717,0.547,0.609,0.019,3
tusimple,tusimple_test_clips_0530_1492722774917854549_0_20.jpg,1,0.62,0.605,0.512,0,3
tusimple,tusimple_test_clips_0530_1492722777111465032_0_20.jpg,1,0.491,0.612,0.632,0,3
tusimple,tusimple_test_clips_0530_1492722792238100041_0_20.jpg,1,0.493,0.547,0.605,0.02,3
tusimple,tusimple_test_clips_0530_1492722807629670473_0_20.jpg,1,0.645,0.674,0.509,0.032,3
tusimple,tusimple_test_clips_0530_1492722910031325889_0_20.jpg,0.951,0.706,0.554,0.622,0.017,3
tusimple,tusimple_test_clips_0530_1492723148188631619_0_20.jpg,0.968,0.755,0.374,0.518,0.09,3
tusimple,tusimple_test_clips_0530_1492728028963277308_0_20.jpg,1,0.578,0.612,0.651,0.002,3
tusimple,tusimple_test_clips_0531_1492626253262712112_20.jpg,1,0.628,0.581,0.594,0.003,3
tusimple,tusimple_test_clips_0531_1492626271917313999_20.jpg,0.952,0.756,0.662,0.585,0.197,3
tusimple,tusimple_test_clips_0531_1492626292371547028_20.jpg,0.928,0.586,0.538,0.563,0.005,4
tusimple,tusimple_test_clips_0531_1492626323818607492_20.jpg,0.735,0.718,0.355,0.596,0.005,3
tusimple,tusimple_test_clips_0531_1492626328182638628_20.jpg,0.72,1,0.253,0.635,0.001,3
tusimple,tusimple_test_clips_0531_1492626344839162069_20.jpg,0.982,0.658,0.341,0.661,0.082,3
tusimple,tusimple_test_clips_0531_1492626364327255872_20.jpg,0.973,0.566,0.339,0.577,0.021,3
tusimple,tusimple_test_clips_0531_1492626473860953990_20.jpg,0.816,1,0.725,0.585,0.068,3
tusimple,tusimple_test_clips_0531_1492626475893014602_20.jpg,0.794,1,0.75,0.515,0.009,3
tusimple,tusimple_test_clips_0531_1492626477558988952_20.jpg,0.758,1,0.795,0.611,0,3
tusimple,tusimple_test_clips_0531_1492626488918644847_20.jpg,0.824,1,0.754,0.678,0.063,3
tusimple,tusimple_test_clips_0531_1492626499813320696_20.jpg,0.962,1,0.844,0.669,0.04,3
tusimple,tusimple_test_clips_0531_1492626549851148880_20.jpg,0.752,1,0.759,0.59,0.073,2
tusimple,tusimple_test_clips_0531_1492626578566731141_20.jpg,0.892,0.935,0.55,0.558,0.041,3
tusimple,tusimple_test_clips_0531_1492626674406553912_20.jpg,0.928,0.715,0.521,0.658,0,3
tusimple,tusimple_test_clips_0531_1492626718748019090_20.jpg,0.826,1,0.812,0.565,0.069,3
tusimple,tusimple_test_clips_0531_1492626720211673794_20.jpg,0.81,1,0.769,0.602,0.059,3
tusimple,tusimple_test_clips_0531_1492626723443175705_20.jpg,0.824,1,0.721,0.612,0.025,3
tusimple,tusimple_test_clips_0531_1492626724445214242_20.jpg,0.82,1,0.719,0.634,0.018,3
tusimple,tusimple_test_clips_0531_1492626726476963805_20.jpg,0.8,0.916,0.632,0.557,0,3
tusimple,tusimple_test_clips_0531_1492626749527113213_20.jpg,0.73,1,0.716,0.66,0.058,3
tusimple,tusimple_test_clips_0531_1492626806192769618_20.jpg,0.87,1,0.775,0.703,0.05,3
tusimple,tusimple_test_clips_0531_1492626868723674847_20.jpg,0.816,1,0.901,0.672,0.058,4
tusimple,tusimple_test_clips_0531_1492626934515044019_20.jpg,0.809,1,0.883,0.579,0.049,4
tusimple,tusimple_test_clips_0531_1492626939345388665_20.jpg,0.676,1,0.879,0.617,0.051,4
tusimple,tusimple_test_clips_0531_1492627006406286891_20.jpg,0.931,0.508,0.602,0.606,0.046,4
tusimple,tusimple_test_clips_0531_1492627128130967757_20.jpg,0.843,0.642,0.568,0.601,0.045,4
tusimple,tusimple_test_clips_0531_1492627132361834524_20.jpg,0.894,0.675,0.579,0.563,0.035,4
tusimple,tusimple_test_clips_0531_1492627161710595343_20.jpg,0.959,0.498,0.621,0.523,0.047,4
tusimple,tusimple_test_clips_0531_1492627189161981049_20.jpg,0.784,0.591,0.611,0.644,0,4
tusimple,tusimple_test_clips_0531_1492627190793480864_20.jpg,0.922,0.584,0.598,0.588,0,4
tusimple,tusimple_test_clips_0531_1492627317650154687_20.jpg,0.952,0.592,0.496,0.639,0.091,4
tusimple,tusimple_test_clips_0531_1492627319814884706_20.jpg,0.906,0.678,0.643,0.587,0.101,4
tusimple,tusimple_test_clips_0531_1492627323845744117_20.jpg,0.944,0.539,0.533,0.656,0.096,4
tusimple,tusimple_test_clips_0531_1492627337937131941_20.jpg,0.981,0.628,0.653,0.53,0,4
tusimple,tusimple_test_clips_0531_1492627349131844229_20.jpg,0.975,0.556,0.383,0.619,0.051,3
tusimple,tusimple_test_clips_0531_1492627416356301566_20.jpg,0.869,0.544,0.577,0.634,0,3
tusimple,tusimple_test_clips_0531_1492627470057312036_20.jpg,0.797,0.883,0.615,0.632,0.068,3
tusimple,tusimple_test_clips_0531_1492627474056053725_20.jpg,0.933,0.84,0.544,0.593,0,3
tusimple,tusimple_test_clips_0531_1492627476056061974_20.jpg,0.976,0.822,0.516,0.64,0.008,3
tusimple,tusimple_test_clips_0531_1492627477053120506_20.jpg,0.967,0.955,0.551,0.619,0.018,3
tusimple,tusimple_test_clips_0531_1492627479051638371_20.jpg,0.944,1,0.575,0.494,0.094,3
tusimple,tusimple_test_clips_0531_1492627482449795089_20.jpg,0.948,0.711,0.506,0.588,0.126,3
tusimple,tusimple_test_clips_0531_1492627488412811772_20.jpg,1,0.613,0.504,0.543,0.108,3
tusimple,tusimple_test_clips_0531_1492627507236095163_20.jpg,0.988,0.544,0.453,0.539,0.001,3
tusimple,tusimple_test_clips_0531_1492627513464189092_20.jpg,1,0.533,0.46,0.562,0.129,3
tusimple,tusimple_test_clips_0531_1492627515463990014_20.jpg,1,0.499,0.376,0.643,0.123,3
tusimple,tusimple_test_clips_0531_1492627516495714167_20.jpg,1,0.6,0.471,0.554,0.129,3
tusimple,tusimple_test_clips_0531_1492627519427225157_20.jpg,1,0.625,0.515,0.51,0.133,3
tusimple,tusimple_test_clips_0531_1492627520493208456_20.jpg,1,0.574,0.46,0.548,0.124,3
tusimple,tusimple_test_clips_0531_1492627525623470452_20.jpg,0.976,0.589,0.433,0.571,0.117,3
tusimple,tusimple_test_clips_0531_1492627527622248315_20.jpg,1,0.664,0.492,0.554,0.117,3
tusimple,tusimple_test_clips_0531_1492627570598294523_20.jpg,0.975,0.772,0.55,0.557,0.051,3
tusimple,tusimple_test_clips_0531_1492627586519860071_20.jpg,1,0.661,0.566,0.596,0.213,3
tusimple,tusimple_test_clips_0531_1492627606874276944_20.jpg,0.926,0.772,0.57,0.573,0.06,3
tusimple,tusimple_test_clips_0531_1492627607908463563_20.jpg,0.89,0.78,0.505,0.599,0.038,3
tusimple,tusimple_test_clips_0531_1492627676098964116_20.jpg,0.85,0.576,0.499,0.61,0,3
tusimple,tusimple_test_clips_0531_1492627677100951408_20.jpg,0.829,0.569,0.528,0.576,0,3
tusimple,tusimple_test_clips_0531_1492627763079931571_20.jpg,1,0.64,0.516,0.572,0.001,3
tusimple,tusimple_test_clips_0531_1492627794294178571_20.jpg,0.83,0.738,0.359,0.651,0.029,3
tusimple,tusimple_test_clips_0531_1492627799060607107_20.jpg,0.794,0.779,0.343,0.581,0.044,3
tusimple,tusimple_test_clips_0531_1492627800226099252_20.jpg,1,0.728,0.418,0.621,0.049,3
tusimple,tusimple_test_clips_0531_1492627837967873644_20.jpg,1,0.508,0.45,0.598,0.053,3
tusimple,tusimple_test_clips_0531_1492627868152045480_20.jpg,1,0.645,0.621,0.613,0,3
tusimple,tusimple_test_clips_0531_1492627938008984840_20.jpg,0.849,0.516,0.634,0.643,0,3
tusimple,tusimple_test_clips_0531_1492627958694436076_20.jpg,0.991,0.89,0.585,0.633,0.045,3
tusimple,tusimple_test_clips_0531_1492627985180730080_20.jpg,0.951,0.517,0.715,0.551,0.052,3
tusimple,tusimple_test_clips_0531_1492627997570890181_20.jpg,0.743,1,0.595,0.578,0.061,3
tusimple,tusimple_test_clips_0531_1492628026320478715_20.jpg,1,0.531,0.675,0.616,0,3
tusimple,tusimple_test_clips_0531_1492628027554005406_20.jpg,0.94,0.51,0.573,0.658,0,3
tusimple,tusimple_test_clips_0531_1492628031017373452_20.jpg,0.987,0.649,0.657,0.476,0,3
tusimple,tusimple_test_clips_0531_1492628032250037427_20.jpg,1,0.658,0.687,0.571,0,3
tusimple,tusimple_test_clips_0531_1492628138352398699_20.jpg,0.923,0.224,0.302,0.695,0.001,3
tusimple,tusimple_test_clips_0531_1492628168367978947_20.jpg,1,0.557,0.567,0.65,0.064,3
tusimple,tusimple_test_clips_0531_1492628291893049202_20.jpg,1,0.532,0.524,0.633,0.035,3
tusimple,tusimple_test_clips_0531_1492628295657178560_20.jpg,1,0.629,0.551,0.593,0.026,3
tusimple,tusimple_test_clips_0531_1492628301886679061_20.jpg,0.943,0.526,0.552,0.637,0.031,3
tusimple,tusimple_test_clips_0531_1492628343028525364_20.jpg,1,0.606,0.542,0.595,0.016,3
tusimple,tusimple_test_clips_0531_1492628364152947274_20.jpg,0.796,1,0.773,0.606,0.018,3
tusimple,tusimple_test_clips_0531_1492628366948915805_20.jpg,0.799,1,0.801,0.541,0.01,3
tusimple,tusimple_test_clips_0531_1492628367980837458_20.jpg,0.851,1,0.841,0.618,0.007,3
tusimple,tusimple_test_clips_0531_1492628387568500974_20.jpg,0.696,1,0.793,0.601,0.069,3
tusimple,tusimple_test_clips_0531_1492628392132013744_20.jpg,0.839,1,0.803,0.558,0.028,3
tusimple,tusimple_test_clips_0531_1492628418216963114_20.jpg,0.833,1,0.781,0.633,0.01,3
tusimple,tusimple_test_clips_0531_1492628502305753430_20.jpg,0.936,1,0.77,0.63,0.001,3
tusimple,tusimple_test_clips_0531_1492628544439813675_20.jpg,0.903,0.993,0.772,0.617,0,3
tusimple,tusimple_test_clips_0531_1492628587415848414_20.jpg,1,1,0.783,0.653,0.057,3
tusimple,tusimple_test_clips_0531_1492628591945172200_20.jpg,0.814,1,0.756,0.633,0.001,3
tusimple,tusimple_test_clips_0531_1492628594546111920_20.jpg,0.763,1,0.813,0.666,0,3
tusimple,tusimple_test_clips_0531_1492628599374049377_20.jpg,0.845,0.969,0.751,0.689,0,3
tusimple,tusimple_test_clips_0531_1492628601509303200_20.jpg,0.844,1,0.776,0.656,0.001,3
tusimple,tusimple_test_clips_0531_1492628625491550287_20.jpg,0.92,1,0.801,0.652,0,3
tusimple,tusimple_test_clips_0531_1492628664370406195_20.jpg,0.69,1,0.797,0.633,0.004,3
tusimple,tusimple_test_clips_0531_1492628667300386583_20.jpg,0.844,1,0.769,0.629,0,3
tusimple,tusimple_test_clips_0531_1492628695149390877_20.jpg,0.89,1,0.823,0.67,0,3
tusimple,tusimple_test_clips_0531_1492628696217316783_20.jpg,0.93,1,0.817,0.69,0,3
tusimple,tusimple_test_clips_0531_1492628698680508401_20.jpg,0.855,1,0.795,0.711,0,3
tusimple,tusimple_test_clips_0531_1492628704743589708_20.jpg,1,1,0.798,0.656,0,3
tusimple,tusimple_test_clips_0531_1492628712239022180_20.jpg,0.95,1,0.793,0.616,0.001,3
tusimple,tusimple_test_clips_0531_1492628714404399341_20.jpg,0.904,1,0.765,0.632,0,3
tusimple,tusimple_test_clips_0531_1492628715539221502_20.jpg,1,1,0.752,0.638,0,3
tusimple,tusimple_test_clips_0531_1492628717669110483_20.jpg,0.962,1,0.721,0.643,0,3
tusimple,tusimple_test_clips_0531_1492628724165531225_20.jpg,0.851,1,0.766,0.651,0.002,3
tusimple,tusimple_test_clips_0531_1492628741021852199_20.jpg,0.989,0.992,0.701,0.542,0.044,3
tusimple,tusimple_test_clips_0531_1492628742154362911_20.jpg,0.991,0.912,0.604,0.472,0.039,3
tusimple,tusimple_test_clips_0531_1492628744719501991_20.jpg,0.913,0.885,0.558,0.601,0.064,3
tusimple,tusimple_test_clips_0531_1492628745752079739_20.jpg,0.888,0.962,0.628,0.567,0.058,3
tusimple,tusimple_test_clips_0531_1492628748683581912_20.jpg,0.82,1,0.739,0.54,0.016,3
tusimple,tusimple_test_clips_0531_1492628750151281927_20.jpg,0.849,1,0.731,0.614,0.021,3
tusimple,tusimple_test_clips_0531_1492628752214081481_20.jpg,0.8,1,0.699,0.556,0,3
tusimple,tusimple_test_clips_0531_1492628753214604895_20.jpg,0.826,1,0.747,0.59,0,3
tusimple,tusimple_test_clips_0531_1492628755813584156_20.jpg,0.846,1,0.687,0.61,0,3
tusimple,tusimple_test_clips_0531_1492628756811316586_20.jpg,0.874,0.977,0.747,0.667,0,3
tusimple,tusimple_test_clips_0531_1492628758843461643_20.jpg,0.834,0.976,0.694,0.66,0.027,3
tusimple,tusimple_test_clips_0531_1492628759843106892_20.jpg,0.815,0.955,0.64,0.548,0.043,3
tusimple,tusimple_test_clips_0531_1492628763407344447_20.jpg,0.903,1,0.728,0.54,0.074,3
tusimple,tusimple_test_clips_0531_1492628765839172717_20.jpg,0.815,1,0.76,0.602,0.06,3
tusimple,tusimple_test_clips_0531_1492628784394669656_20.jpg,0.81,1,0.746,0.545,0.027,3
tusimple,tusimple_test_clips_0531_1492628785560580255_20.jpg,0.844,1,0.753,0.582,0.035,3
tusimple,tusimple_test_clips_0531_1492628787992527189_20.jpg,0.836,1,0.805,0.602,0.079,3
tusimple,tusimple_test_clips_0531_1492628791892679406_20.jpg,0.803,1,0.789,0.583,0.086,3
tusimple,tusimple_test_clips_0531_1492628792926986263_20.jpg,1,1,0.774,0.738,0.075,3
tusimple,tusimple_test_clips_0531_1492628810148112071_20.jpg,0.825,1,0.778,0.639,0,3
tusimple,tusimple_test_clips_0531_1492628811411748910_20.jpg,0.841,1,0.771,0.675,0,3
tusimple,tusimple_test_clips_0531_1492628825003655955_20.jpg,0.909,1,0.772,0.634,0,3
tusimple,tusimple_test_clips_0531_1492628850321379797_20.jpg,0.831,1,0.82,0.684,0.074,3
tusimple,tusimple_test_clips_0531_1492628879337209706_20.jpg,0.851,1,0.785,0.661,0.056,3
tusimple,tusimple_test_clips_0531_1492628880603080608_20.jpg,0.831,1,0.78,0.596,0.056,3
tusimple,tusimple_test_clips_0531_1492628886999243620_20.jpg,0.937,1,0.789,0.646,0,3
tusimple,tusimple_test_clips_0531_1492628897293002112_20.jpg,0.885,1,0.758,0.594,0,3
tusimple,tusimple_test_clips_0531_1492628900892398626_20.jpg,0.862,1,0.73,0.57,0,3
tusimple,tusimple_test_clips_0531_1492628910351761783_20.jpg,0.857,0.888,0.705,0.675,0,3
tusimple,tusimple_test_clips_0531_1492628912583733966_20.jpg,0.85,0.918,0.724,0.586,0.001,3
tusimple,tusimple_test_clips_0531_1492628915781811493_20.jpg,0.878,1,0.781,0.638,0,3
tusimple,tusimple_test_clips_0531_1492628918313586234_20.jpg,0.871,1,0.795,0.647,0,3
tusimple,tusimple_test_clips_0531_1492628921178579983_20.jpg,0.874,1,0.767,0.656,0,3
tusimple,tusimple_test_clips_0531_1492628922444411334_20.jpg,0.902,1,0.806,0.592,0,3
tusimple,tusimple_test_clips_0531_1492628925209797907_20.jpg,0.832,1,0.77,0.684,0,3
tusimple,tusimple_test_clips_0531_1492628926208885581_20.jpg,0.878,1,0.73,0.656,0.005,3
tusimple,tusimple_test_clips_0531_1492628937802191932_20.jpg,1,0.954,0.738,0.593,0.073,3
tusimple,tusimple_test_clips_0531_1492628938835510564_20.jpg,1,0.972,0.749,0.597,0.085,3
tusimple,tusimple_test_clips_0531_1492628947329392249_20.jpg,0.987,0.936,0.734,0.534,0.089,3
tusimple,tusimple_test_clips_0531_1492628949461638265_20.jpg,0.982,1,0.75,0.475,0.071,3
tusimple,tusimple_test_clips_0531_1492628950694005104_20.jpg,1,1,0.76,0.465,0.068,3
tusimple,tusimple_test_clips_0531_1492628956193074143_20.jpg,0.936,1,0.773,0.486,0.083,3
tusimple,tusimple_test_clips_0531_1492628973915862903_20.jpg,0.824,1,0.754,0.608,0.001,3
tusimple,tusimple_test_clips_0531_1492629023616576029_20.jpg,1,1,0.768,0.556,0.074,3
tusimple,tusimple_test_clips_0531_1492629058095739400_20.jpg,0.881,1,0.835,0.595,0.089,3
tusimple,tusimple_test_clips_0531_1492629461254673704_20.jpg,0.843,1,0.923,0.646,0,3
tusimple,tusimple_test_clips_0531_1492629462251318442_20.jpg,0.831,1,0.916,0.522,0,3
tusimple,tusimple_test_clips_0531_1492629464252957095_20.jpg,0.858,1,0.913,0.687,0.003,3
tusimple,tusimple_test_clips_0531_1492629493832252271_20.jpg,0.744,1,0.826,0.667,0,3
tusimple,tusimple_test_clips_0531_1492629585676756764_20.jpg,0.75,1,0.878,0.618,0.021,3
tusimple,tusimple_test_clips_0531_1492629601734155742_20.jpg,0.777,1,0.811,0.617,0,3
tusimple,tusimple_test_clips_0531_1492629609902870514_20.jpg,0.696,1,0.797,0.657,0.019,3
tusimple,tusimple_test_clips_0531_1492629612860359004_20.jpg,0.841,1,0.751,0.615,0.038,3
tusimple,tusimple_test_clips_0531_1492629616758003181_20.jpg,0.953,1,0.8,0.564,0.16,3
tusimple,tusimple_test_clips_0531_1492629623420736118_20.jpg,1,1,0.807,0.596,0.11,3
tusimple,tusimple_test_clips_0531_1492629624586585212_20.jpg,0.84,1,0.761,0.628,0.139,3
tusimple,tusimple_test_clips_0531_1492629626720641603_20.jpg,0.595,1,0.798,0.649,0.093,3
tusimple,tusimple_test_clips_0531_1492629629217301613_20.jpg,0.957,1,0.806,0.686,0.123,3
tusimple,tusimple_test_clips_0531_1492629645240815462_20.jpg,0.736,1,0.696,0.523,0,3
tusimple,tusimple_test_clips_0531_1492629648274609680_20.jpg,0.914,1,0.842,0.653,0,3
tusimple,tusimple_test_clips_0531_1492629649538164911_20.jpg,0.791,1,0.856,0.634,0.001,3
tusimple,tusimple_test_clips_0531_1492629653635715043_20.jpg,0.939,1,0.686,0.618,0,4
tusimple,tusimple_test_clips_0531_1492629659498789891_20.jpg,0.872,0.904,0.668,0.59,0,3
tusimple,tusimple_test_clips_0531_1492629660564979286_20.jpg,0.939,0.959,0.656,0.65,0.001,3
tusimple,tusimple_test_clips_0531_1492629661566518975_20.jpg,1,0.94,0.592,0.669,0.04,3
tusimple,tusimple_test_clips_0531_1492629666928709607_20.jpg,0.737,0.475,0.325,0.676,0.065,3
tusimple,tusimple_test_clips_0531_1492629674456604561_20.jpg,0.819,0.491,0.354,0.681,0,3
tusimple,tusimple_test_clips_0531_1492629700240878893_20.jpg,1,0.769,0.407,0.653,0.256,3
tusimple,tusimple_test_clips_0531_1492629722027809022_20.jpg,0.894,0.452,0.349,0.615,0,3
tusimple,tusimple_test_clips_0531_1492629731089295543_20.jpg,0.857,0.556,0.294,0.622,0,3
tusimple,tusimple_test_clips_0531_1492629736818822193_20.jpg,0.951,0.438,0.224,0.612,0.171,3
tusimple,tusimple_test_clips_0531_1492629739850317013_20.jpg,0.988,0.491,0.34,0.655,0.151,3
tusimple,tusimple_test_clips_0531_1492629741049561476_20.jpg,0.923,0.487,0.274,0.684,0.166,3
tusimple,tusimple_test_clips_0531_1492629748145650599_20.jpg,0.951,0.495,0.415,0.666,0.041,3
tusimple,tusimple_test_clips_0531_1492629757139920666_20.jpg,0.806,0.593,0.311,0.625,0.082,3
tusimple,tusimple_test_clips_0531_1492629758139220602_20.jpg,0.743,0.471,0.291,0.608,0.073,3
tusimple,tusimple_test_clips_0531_1492629764202222740_20.jpg,0.836,0.759,0.4,0.52,0,3
tusimple,tusimple_test_clips_0531_1492629765637525287_20.jpg,0.69,0.859,0.394,0.568,0.002,3
tusimple,tusimple_test_clips_0531_1492629768899386794_20.jpg,0.897,0.517,0.308,0.628,0.106,3
tusimple,tusimple_test_clips_0531_1492629769965430291_20.jpg,0.925,0.331,0.304,0.71,0.095,3
tusimple,tusimple_test_clips_0531_1492629773332530394_20.jpg,1,0.315,0.281,0.637,0.158,3
tusimple,tusimple_test_clips_0531_1492629806210230278_20.jpg,1,0.534,0.334,0.59,0.378,3
tusimple,tusimple_test_clips_0531_1492629814272085111_20.jpg,1,0.65,0.525,0.536,0.274,3
tusimple,tusimple_test_clips_0531_1492629831863244351_20.jpg,1,0.634,0.302,0.587,0.006,3
tusimple,tusimple_test_clips_0531_1492629838157591962_20.jpg,0.976,0.653,0.463,0.602,0.136,3
tusimple,tusimple_test_clips_0531_1492629840889151422_20.jpg,0.963,0.609,0.485,0.652,0.104,3
tusimple,tusimple_test_clips_0531_1492629842921302736_20.jpg,0.785,0.736,0.496,0.624,0.078,3
tusimple,tusimple_test_clips_0531_1492629851849242925_20.jpg,0.79,0.769,0.523,0.559,0,3
tusimple,tusimple_test_clips_0531_1492629884063207756_20.jpg,0.631,1,0.567,0.515,0.067,3
tusimple,tusimple_test_clips_0531_1492629894290309063_20.jpg,0.914,0.617,0.536,0.631,0.153,3
tusimple,tusimple_test_clips_0531_1492629899986823911_20.jpg,1,0.634,0.547,0.581,0.206,3
tusimple,tusimple_test_clips_0531_1492629926504138530_20.jpg,1,0.629,0.555,0.653,0.169,3
tusimple,tusimple_test_clips_0531_1492629947824612800_20.jpg,0.963,0.601,0.558,0.645,0.153,3
tusimple,tusimple_test_clips_0531_1492629948857412707_20.jpg,0.974,0.617,0.65,0.59,0.143,3
tusimple,tusimple_test_clips_0531_1492629968347062256_20.jpg,0.828,0.958,0.495,0.53,0.065,3
tusimple,tusimple_test_clips_0531_1492629975074846716_20.jpg,1,0.685,0.535,0.57,0.202,3
tusimple,tusimple_test_clips_0531_1492630009687268297_20.jpg,0.933,0.935,0.614,0.481,0.136,3
tusimple,tusimple_test_clips_0531_1492630023645524394_20.jpg,0.836,0.685,0.697,0.679,0.118,3
tusimple,tusimple_test_clips_0531_1492630028209467575_20.jpg,0.942,0.83,0.625,0.685,0.144,3
tusimple,tusimple_test_clips_0531_1492630040302603209_20.jpg,0.891,0.852,0.592,0.537,0.084,3
tusimple,tusimple_test_clips_0531_1492630052928577496_20.jpg,0.965,0.766,0.622,0.601,0.158,3
tusimple,tusimple_test_clips_0531_1492630063223854419_20.jpg,1,0.77,0.661,0.538,0.271,3
tusimple,tusimple_test_clips_0531_1492630076013802816_20.jpg,0.844,0.862,0.666,0.771,0.023,3
tusimple,tusimple_test_clips_0531_1492630077446274253_20.jpg,0.876,0.914,0.681,0.731,0.027,3
tusimple,tusimple_test_clips_0531_1492630086874253878_20.jpg,0.975,1,0.692,0.605,0.155,3
tusimple,tusimple_test_clips_0531_1492630120020607688_20.jpg,1,1,0.737,0.594,0.075,3
tusimple,tusimple_test_clips_0531_1492630159797145595_20.jpg,0.714,1,0.545,0.654,0.094,3
tusimple,tusimple_test_clips_0531_1492630177054730450_20.jpg,0.994,0.896,0.409,0.612,0.015,3
tusimple,tusimple_test_clips_0531_1492630255671959446_20.jpg,1,0.566,0.252,0.612,0.054,3
tusimple,tusimple_test_clips_0531_1492630278191641862_20.jpg,1,0.976,0.575,0.688,0.055,3
tusimple,tusimple_test_clips_0531_1492630283155342441_20.jpg,1,0.752,0.484,0.648,0.093,3
tusimple,tusimple_test_clips_0531_1492630284154670685_20.jpg,1,0.664,0.464,0.654,0.086,3
tusimple,tusimple_test_clips_0531_1492630286153500793_20.jpg,1,0.727,0.406,0.671,0.057,3
tusimple,tusimple_test_clips_0531_1492630353512848397_20.jpg,0.776,1,0.292,0.618,0.038,3
tusimple,tusimple_test_clips_0531_1492630356444307894_20.jpg,0.639,1,0.358,0.69,0,3
tusimple,tusimple_test_clips_0531_1492630415841815295_20.jpg,0.935,0.682,0.298,0.582,0,3
tusimple,tusimple_test_clips_0531_1492630492262395208_20.jpg,0.974,0.717,0.305,0.639,0,3
tusimple,tusimple_test_clips_0531_1492630760134568054_20.jpg,1,0.753,0.307,0.594,0.001,3
tusimple,tusimple_test_clips_0531_1492631377662145887_20.jpg,1,0.978,0.426,0.638,0,3
tusimple,tusimple_test_clips_0531_1492631618585192435_20.jpg,1,0.822,0.418,0.637,0.006,3
tusimple,tusimple_test_clips_0531_1492631747039679635_20.jpg,0.994,0.62,0.315,0.675,0,3
tusimple,tusimple_test_clips_0531_1492631797808463012_20.jpg,0.976,0.69,0.316,0.646,0.001,3
tusimple,tusimple_test_clips_0531_1492631846346458627_20.jpg,0.989,0.881,0.259,0.635,0.07,3
tusimple,tusimple_test_clips_0531_1492631900113746734_20.jpg,0.994,0.645,0.37,0.645,0.04,3
tusimple,tusimple_test_clips_0531_1492631922167623251_20.jpg,1,0.693,0.311,0.6,0.033,3
tusimple,tusimple_test_clips_0531_1492631948517753905_20.jpg,0.983,0.8,0.357,0.629,0,3
tusimple,tusimple_test_clips_0531_1492634563084424711_20.jpg,0.948,0.687,0.496,0.634,0.006,3
tusimple,tusimple_test_clips_0531_1492634565083450959_20.jpg,1,0.875,0.502,0.667,0.013,3
tusimple,tusimple_test_clips_0531_1492634634608032492_20.jpg,1,1,0.333,0.551,0.164,3
tusimple,tusimple_test_clips_0531_1492634665125659146_20.jpg,0.988,1,0.683,0.573,0.073,3
tusimple,tusimple_test_clips_0531_1492634670686284594_20.jpg,0.683,1,0.663,0.648,0.005,3
tusimple,tusimple_test_clips_0531_1492634769528481068_20.jpg,0.963,0.809,0.641,0.554,0.152,3
tusimple,tusimple_test_clips_0531_1492634854509152819_20.jpg,0.955,0.781,0.59,0.593,0.18,3
tusimple,tusimple_test_clips_0531_1492634860671998133_20.jpg,0.967,0.649,0.562,0.628,0.179,3
tusimple,tusimple_test_clips_0531_1492634862271155319_20.jpg,0.957,0.691,0.529,0.624,0.183,3
tusimple,tusimple_test_clips_0531_1492634904779181766_20.jpg,0.633,0.952,0.481,0.562,0.01,3
tusimple,tusimple_test_clips_0531_1492634967108001954_20.jpg,0.858,0.946,0.651,0.562,0,3
tusimple,tusimple_test_clips_0531_1492634975702797737_20.jpg,0.864,0.9,0.549,0.397,0.175,3
tusimple,tusimple_test_clips_0531_1492634978601148079_20.jpg,0.762,0.7,0.402,0.519,0.141,3
tusimple,tusimple_test_clips_0531_1492634982935036351_20.jpg,0.901,0.602,0.511,0.627,0.122,3
tusimple,tusimple_test_clips_0531_1492634995058412581_20.jpg,0.758,1,0.602,0.549,0.001,3
tusimple,tusimple_test_clips_0531_1492635002453424466_20.jpg,1,0.944,0.573,0.534,0.366,3
tusimple,tusimple_test_clips_0531_1492635016544967099_20.jpg,1,0.88,0.578,0.49,0.308,3
tusimple,tusimple_test_clips_0531_1492635018112813269_20.jpg,1,1,0.659,0.556,0.283,3
tusimple,tusimple_test_clips_0531_1492635038232714655_20.jpg,0.786,0.831,0.607,0.649,0.025,3
tusimple,tusimple_test_clips_0531_1492635040463935320_20.jpg,1,0.818,0.515,0.475,0.235,3
tusimple,tusimple_test_clips_0531_1492635045461847517_20.jpg,0.776,1,0.603,0.567,0.211,3
tusimple,tusimple_test_clips_0531_1492635055554735244_20.jpg,1,0.477,0.555,0.49,0.213,3
tusimple,tusimple_test_clips_0531_1492635061251256398_20.jpg,1,0.454,0.344,0.543,0.292,3
tusimple,tusimple_test_clips_0531_1492635073510558516_20.jpg,0.795,0.54,0.416,0.565,0.001,3
tusimple,tusimple_test_clips_0531_1492635081672323988_20.jpg,1,0.601,0.372,0.439,0.276,3
tusimple,tusimple_test_clips_0531_1492635086669293239_20.jpg,1,0.617,0.407,0.572,0.314,3
tusimple,tusimple_test_clips_0531_1492635104194391867_20.jpg,1,0.508,0.363,0.598,0.151,3
tusimple,tusimple_test_clips_0531_1492635138574506999_20.jpg,0.744,1,0.372,0.627,0.153,3
tusimple,tusimple_test_clips_0531_1492635226819909784_20.jpg,0.812,1,0.456,0.538,0,3
tusimple,tusimple_test_clips_0531_1492635235914861258_20.jpg,1,1,0.701,0.581,0.007,3
tusimple,tusimple_test_clips_0531_1492635419637621960_20.jpg,0.899,1,0.846,0.682,0.095,3
tusimple,tusimple_test_clips_0531_1492635421901926440_20.jpg,0.898,1,0.826,0.622,0.127,3
tusimple,tusimple_test_clips_0531_1492635425133375781_20.jpg,0.902,1,0.837,0.656,0.035,3
tusimple,tusimple_test_clips_0531_1492635492425508308_20.jpg,0.565,0.268,0.182,0.699,0.047,3
tusimple,tusimple_test_clips_0531_1492635523873705532_20.jpg,0.835,1,0.709,0.645,0,3
tusimple,tusimple_test_clips_0531_1492635546926112236_20.jpg,0.908,1,0.868,0.618,0.042,3
tusimple,tusimple_test_clips_0531_1492635549292553036_20.jpg,0.801,1,0.881,0.617,0.031,3
tusimple,tusimple_test_clips_0531_1492635555287799062_20.jpg,0.904,1,0.862,0.668,0.045,3
tusimple,tusimple_test_clips_0531_1492635556553703521_20.jpg,0.933,1,0.854,0.585,0.078,3
tusimple,tusimple_test_clips_0531_1492635569079615104_20.jpg,0.867,1,0.869,0.671,0.033,3
tusimple,tusimple_test_clips_0531_1492635570378837124_20.jpg,0.841,1,0.843,0.645,0.041,3
tusimple,tusimple_test_clips_0531_1492635576477496714_20.jpg,0.685,1,0.821,0.604,0.027,3
tusimple,tusimple_test_clips_0531_1492635607056705529_20.jpg,0.654,1,0.629,0.538,0.138,3
tusimple,tusimple_test_clips_0531_1492635711627226753_20.jpg,0.697,1,0.828,0.656,0.004,3
tusimple,tusimple_test_clips_0531_1492635803872100797_20.jpg,1,1,0.841,0.645,0.044,3
tusimple,tusimple_test_clips_0531_1492635835219702058_20.jpg,0.859,1,0.835,0.695,0,3
tusimple,tusimple_test_clips_0531_1492635838017983538_20.jpg,0.957,1,0.808,0.603,0.001,3
tusimple,tusimple_test_clips_0531_1492635942257653533_20.jpg,0.899,1,0.788,0.674,0.044,3
tusimple,tusimple_test_clips_0531_1492635948385025702_20.jpg,0.805,1,0.766,0.572,0.053,3
tusimple,tusimple_test_clips_0531_1492635950017419056_20.jpg,0.654,1,0.506,0.587,0.039,3
tusimple,tusimple_test_clips_0531_1492636004151510169_20.jpg,0.547,1,0.439,0.477,0.083,3
tusimple,tusimple_test_clips_0531_1492636041829132987_20.jpg,0.83,1,0.768,0.647,0,3
tusimple,tusimple_test_clips_0531_1492636069245749617_20.jpg,0.802,0.792,0.503,0.583,0.001,3
tusimple,tusimple_test_clips_0531_1492636071712874645_20.jpg,0.872,0.686,0.564,0.543,0.01,3
tusimple,tusimple_test_clips_0531_1492636138271023579_20.jpg,1,0.664,0.574,0.599,0.026,3
tusimple,tusimple_test_clips_0531_1492636165621272495_20.jpg,1,0.625,0.513,0.604,0.006,3
tusimple,tusimple_test_clips_0531_1492636210494183955_20.jpg,1,0.813,0.335,0.661,0.028,3
tusimple,tusimple_test_clips_0531_1492636238013551709_20.jpg,1,0.822,0.508,0.582,0.07,3
tusimple,tusimple_test_clips_0531_1492636314331814943_20.jpg,1,0.551,0.525,0.616,0.092,3
tusimple,tusimple_test_clips_0531_1492636332422260674_20.jpg,1,0.75,0.434,0.642,0.032,3
tusimple,tusimple_test_clips_0531_1492636333420490993_20.jpg,0.992,0.833,0.318,0.636,0.017,3
tusimple,tusimple_test_clips_0531_1492636368268934703_20.jpg,0.994,0.507,0.585,0.664,0,3
tusimple,tusimple_test_clips_0531_1492636385755608838_20.jpg,1,0.592,0.602,0.642,0.133,3
tusimple,tusimple_test_clips_0531_1492636406576387983_20.jpg,0.95,0.562,0.672,0.601,0.104,3
tusimple,tusimple_test_clips_0531_1492636507817700031_20.jpg,0.975,0.662,0.548,0.621,0.001,3
tusimple,tusimple_test_clips_0531_1492636532667338642_20.jpg,1,0.866,0.672,0.493,0.026,3
tusimple,tusimple_test_clips_0531_1492636550889667474_20.jpg,0.943,0.688,0.543,0.521,0.065,3
tusimple,tusimple_test_clips_0531_1492636562515999144_20.jpg,0.917,0.652,0.583,0.525,0.063,3
tusimple,tusimple_test_clips_0531_1492636563548691825_20.jpg,1,0.661,0.594,0.567,0.157,3
tusimple,tusimple_test_clips_0531_1492636567813102557_20.jpg,1,0.594,0.589,0.592,0.139,3
tusimple,tusimple_test_clips_0531_1492636576474239511_20.jpg,1,0.71,0.65,0.541,0.071,3
tusimple,tusimple_test_clips_0531_1492636578474936420_20.jpg,1,0.767,0.687,0.569,0.062,3
tusimple,tusimple_test_clips_0531_1492636579472464132_20.jpg,1,0.683,0.672,0.593,0.056,3
tusimple,tusimple_test_clips_0531_1492636581472236072_20.jpg,1,0.808,0.705,0.537,0.052,3
tusimple,tusimple_test_clips_0531_1492636582470616211_20.jpg,1,0.854,0.737,0.557,0.01,3
tusimple,tusimple_test_clips_0531_1492636584469475013_20.jpg,1,0.793,0.652,0.51,0.007,3
tusimple,tusimple_test_clips_0531_1492636585468964080_20.jpg,1,0.83,0.649,0.587,0.007,3
tusimple,tusimple_test_clips_0531_1492636587634196226_20.jpg,1,0.645,0.533,0.517,0.017,3
tusimple,tusimple_test_clips_0531_1492636588800242830_20.jpg,0.993,0.644,0.53,0.536,0.002,3
tusimple,tusimple_test_clips_0531_1492636590932403788_20.jpg,0.968,0.641,0.444,0.64,0,3
tusimple,tusimple_test_clips_0531_1492636594396885382_20.jpg,0.906,0.67,0.394,0.558,0.001,3
tusimple,tusimple_test_clips_0531_1492636598960834765_20.jpg,0.913,0.706,0.548,0.512,0.008,3
tusimple,tusimple_test_clips_0531_1492636606789330227_20.jpg,1,0.625,0.656,0.578,0.012,3
tusimple,tusimple_test_clips_0531_1492636704833112996_20.jpg,0.896,0.828,0.373,0.511,0,3
tusimple,tusimple_test_clips_0531_1492636711826230105_20.jpg,0.91,0.629,0.47,0.512,0.002,3
tusimple,tusimple_test_clips_0531_1492636805270000510_20.jpg,0.869,0.95,0.486,0.527,0.049,3
tusimple,tusimple_test_clips_0531_1492636814431090956_20.jpg,0.922,0.945,0.697,0.5,0.009,4
tusimple,tusimple_test_clips_0531_1492636817429327121_20.jpg,0.872,0.704,0.671,0.578,0.001,4
tusimple,tusimple_test_clips_0531_1492636820594379860_20.jpg,0.93,0.652,0.705,0.596,0,4
tusimple,tusimple_test_clips_0531_1492636821593556828_20.jpg,0.994,0.77,0.723,0.49,0.001,4
tusimple,tusimple_test_clips_0531_1492636823596822487_20.jpg,1,0.834,0.637,0.51,0.005,3
tusimple,tusimple_test_clips_0531_1492636854007591530_20.jpg,1,0.726,0.745,0.569,0.127,3
tusimple,tusimple_test_clips_0531_1492636890751837930_20.jpg,0.929,0.773,0.513,0.566,0.025,3
tusimple,tusimple_test_clips_0531_1492636894249729768_20.jpg,0.934,0.745,0.638,0.676,0.001,3
tusimple,tusimple_test_clips_0531_1492636895715599393_20.jpg,0.961,0.518,0.572,0.571,0,3
tusimple,tusimple_test_clips_0531_1492636897714296401_20.jpg,0.933,0.771,0.715,0.588,0,3
tusimple,tusimple_test_clips_0531_1492636898713676535_20.jpg,1,0.689,0.689,0.527,0,3
tusimple,tusimple_test_clips_0531_1492636929495939023_20.jpg,1,0.633,0.574,0.519,0.203,3
tusimple,tusimple_test_clips_0531_1492636971472511282_20.jpg,0.93,0.662,0.412,0.552,0.054,4
tusimple,tusimple_test_clips_0531_1492636973601978842_20.jpg,1,0.811,0.593,0.588,0.125,4
tusimple,tusimple_test_clips_0531_1492636975601252688_20.jpg,0.981,0.73,0.49,0.591,0.18,3
tusimple,tusimple_test_clips_0531_1492637000120338328_20.jpg,0.799,0.883,0.359,0.605,0.103,3
tusimple,tusimple_test_clips_0531_1492637004987678044_20.jpg,0.715,0.771,0.547,0.573,0.048,3
tusimple,tusimple_test_clips_0531_1492637035000862652_20.jpg,0.933,0.923,0.36,0.632,0.09,3
tusimple,tusimple_test_clips_0531_1492637039697657495_20.jpg,0.758,1,0.453,0.514,0.035,3
tusimple,tusimple_test_clips_0531_1492637046991099773_20.jpg,0.642,0.875,0.548,0.52,0,3
tusimple,tusimple_test_clips_0531_1492637050322491488_20.jpg,0.605,1,0.669,0.562,0,3
tusimple,tusimple_test_clips_0531_1492637052323829842_20.jpg,1,0.93,0.617,0.596,0,3
tusimple,tusimple_test_clips_0531_1492637054321880209_20.jpg,0.983,0.908,0.499,0.646,0,3
tusimple,tusimple_test_clips_0531_1492637055319910031_20.jpg,0.983,0.986,0.621,0.56,0,3
tusimple,tusimple_test_clips_0531_1492637057318346571_20.jpg,0.972,0.922,0.647,0.625,0.012,3
tusimple,tusimple_test_clips_0531_1492637062281932181_20.jpg,0.912,0.823,0.652,0.521,0.056,3
tusimple,tusimple_test_clips_0531_1492637116582582777_20.jpg,0.928,0.769,0.598,0.652,0,3
tusimple,tusimple_test_clips_0531_1492637131307096806_20.jpg,0.936,1,0.535,0.535,0.09,3
tusimple,tusimple_test_clips_0531_1492637133938888891_20.jpg,0.881,1,0.468,0.588,0.113,3
tusimple,tusimple_test_clips_0531_1492637138669280283_20.jpg,1,0.828,0.578,0.654,0.173,3
tusimple,tusimple_test_clips_0531_1492637146664485019_20.jpg,1,0.834,0.635,0.597,0.105,3
tusimple,tusimple_test_clips_0531_1492637147863793706_20.jpg,0.974,0.931,0.51,0.581,0.099,3
tusimple,tusimple_test_clips_0531_1492637153926793401_20.jpg,1,0.746,0.583,0.55,0.098,3
tusimple,tusimple_test_clips_0531_1492637157791165984_20.jpg,1,0.798,0.462,0.505,0.093,3
tusimple,tusimple_test_clips_0531_1492637172915425158_20.jpg,0.8,0.822,0.721,0.577,0.07,4
tusimple,tusimple_test_clips_0531_1492637174181293433_20.jpg,0.958,0.632,0.682,0.599,0.078,3
tusimple,tusimple_test_clips_0531_1492637176414105575_20.jpg,0.957,0.759,0.75,0.592,0.072,3
tusimple,tusimple_test_clips_0531_1492637177412678327_20.jpg,0.991,0.716,0.743,0.532,0.084,3
tusimple,tusimple_test_clips_0531_1492637193103643705_20.jpg,0.884,0.787,0.558,0.667,0.001,3
tusimple,tusimple_test_clips_0531_1492637215958206845_20.jpg,0.988,0.584,0.456,0.616,0,3
tusimple,tusimple_test_clips_0531_1492637226050080888_20.jpg,1,0.64,0.516,0.587,0.035,3
tusimple,tusimple_test_clips_0531_1492637227149541027_20.jpg,1,0.653,0.571,0.58,0.036,3
tusimple,tusimple_test_clips_0531_1492637268124665118_20.jpg,0.818,1,0.588,0.558,0.047,3
tusimple,tusimple_test_clips_0531_1492637270392417900_20.jpg,0.826,1,0.535,0.56,0.081,3
tusimple,tusimple_test_clips_0531_1492637286547275650_20.jpg,0.929,0.789,0.554,0.545,0.03,3
tusimple,tusimple_test_clips_0531_1492637290178021936_20.jpg,0.936,0.762,0.501,0.547,0.126,3
tusimple,tusimple_test_clips_0531_1492637291410610433_20.jpg,0.887,0.727,0.55,0.513,0.116,3
tusimple,tusimple_test_clips_0531_1492637303172331366_20.jpg,0.914,0.736,0.447,0.589,0.001,3
tusimple,tusimple_test_clips_0531_1492637313530668555_20.jpg,0.908,0.706,0.353,0.621,0.072,3
tusimple,tusimple_test_clips_0531_1492637319493737960_20.jpg,0.991,0.846,0.549,0.646,0.119,3
tusimple,tusimple_test_clips_0531_1492637340347923322_20.jpg,0.888,0.825,0.579,0.519,0,3
tusimple,tusimple_test_clips_0531_1492637347312844521_20.jpg,0.948,0.718,0.744,0.595,0.063,3
tusimple,tusimple_test_clips_0531_1492637357271013135_20.jpg,0.877,0.777,0.427,0.597,0,3
tusimple,tusimple_test_clips_0531_1492637359902744923_20.jpg,0.779,0.687,0.531,0.601,0,3
tusimple,tusimple_test_clips_0531_1492637373194745306_20.jpg,0.869,0.847,0.548,0.609,0,3
tusimple,tusimple_test_clips_0531_1492637387652665575_20.jpg,0.904,0.753,0.342,0.676,0.002,3
tusimple,tusimple_test_clips_0531_1492637402746058180_20.jpg,0.937,0.601,0.457,0.591,0.072,3
tusimple,tusimple_test_clips_0531_1492637403909600758_20.jpg,0.965,0.687,0.536,0.599,0.053,3
tusimple,tusimple_test_clips_0531_1492637407540654748_20.jpg,0.936,0.682,0.507,0.589,0.012,3
tusimple,tusimple_test_clips_0531_1492637424963562763_20.jpg,0.963,0.659,0.466,0.607,0.001,3
tusimple,tusimple_test_clips_0531_1492637451680721567_20.jpg,0.917,0.851,0.502,0.599,0.176,3
tusimple,tusimple_test_clips_0531_1492637452680117051_20.jpg,0.921,0.943,0.518,0.592,0.164,3
tusimple,tusimple_test_clips_0531_1492637456944254885_20.jpg,1,1,0.822,0.645,0.149,3
tusimple,tusimple_test_clips_0531_1492637467238029120_20.jpg,0.862,1,0.879,0.615,0.068,3
tusimple,tusimple_test_clips_0531_1492637493988554673_20.jpg,0.785,1,0.836,0.646,0,3
tusimple,tusimple_test_clips_0531_1492637495221171425_20.jpg,0.714,1,0.863,0.591,0,3
tusimple,tusimple_test_clips_0531_1492637528735535238_20.jpg,0.705,1,0.806,0.626,0.032,3
tusimple,tusimple_test_clips_0531_1492637543792612112_20.jpg,0.925,1,0.866,0.573,0,3
tusimple,tusimple_test_clips_0531_1492637551787879582_20.jpg,0.671,1,0.751,0.575,0.001,3
tusimple,tusimple_test_clips_0531_1492637602223325603_20.jpg,0.785,1,0.788,0.585,0.011,3
tusimple,tusimple_test_clips_0531_1492637633004761139_20.jpg,0.731,1,0.836,0.629,0.047,3
tusimple,tusimple_test_clips_0531_1492637635836357679_20.jpg,0.829,1,0.854,0.53,0.1,3
tusimple,tusimple_test_clips_0531_1492637666284979784_20.jpg,0.679,1,0.778,0.488,0,3
tusimple,tusimple_test_clips_0531_1492637705527704932_20.jpg,1,0.89,0.808,0.593,0.191,3
tusimple,tusimple_test_clips_0531_1492637707695833502_20.jpg,0.799,0.978,0.826,0.609,0.128,3
tusimple,tusimple_test_clips_0531_1492637708725801165_20.jpg,0.824,1,0.837,0.617,0.112,3
tusimple,tusimple_test_clips_0531_1492637744105325851_20.jpg,0.74,1,0.852,0.575,0.059,3
tusimple,tusimple_test_clips_0531_1492637749401904547_20.jpg,0.669,1,0.844,0.57,0.071,3
tusimple,tusimple_test_clips_0531_1492637775518721256_20.jpg,0.856,1,0.813,0.598,0,4
tusimple,tusimple_test_clips_0531_1492637776520146368_20.jpg,0.871,1,0.853,0.638,0.001,4
tusimple,tusimple_test_clips_0531_1492637782348301504_20.jpg,0.869,1,0.846,0.569,0,3
tusimple,tusimple_test_clips_0531_1492637783347455011_20.jpg,0.823,1,0.822,0.53,0.003,3
tusimple,tusimple_test_clips_0531_1492637819792126880_20.jpg,0.706,1,0.701,0.615,0.004,3
tusimple,tusimple_test_clips_0531_1492637864298595691_20.jpg,0.566,1,0.739,0.441,0.043,3
tusimple,tusimple_test_clips_0531_1492637913568775940_20.jpg,0.771,1,0.708,0.576,0.118,3
tusimple,tusimple_test_clips_0531_1492637931225154103_20.jpg,0.702,1,0.666,0.473,0.039,3
tusimple,tusimple_test_clips_0531_1492637976864072842_20.jpg,0.823,1,0.724,0.56,0,3
tusimple,tusimple_test_clips_0531_1492637990324654898_20.jpg,0.908,1,0.665,0.543,0.122,3
tusimple,tusimple_test_clips_0531_1492638060313502706_20.jpg,0.854,0.503,0.418,0.648,0.035,3
tusimple,tusimple_test_clips_0531_1492638066909585291_20.jpg,0.874,0.549,0.465,0.668,0,3
tusimple,tusimple_test_clips_0531_1492638087930244513_20.jpg,0.771,0.413,0.339,0.685,0,3
tusimple,tusimple_test_clips_0531_1492638091994514474_20.jpg,0.892,0.492,0.496,0.591,0,3
tusimple,tusimple_test_clips_0531_1492638093260334063_20.jpg,0.849,0.56,0.285,0.62,0.016,3
tusimple,tusimple_test_clips_0531_1492638102554748875_20.jpg,0.854,0.5,0.395,0.561,0.015,3
tusimple,tusimple_test_clips_0531_1492638105153488549_20.jpg,1,0.448,0.523,0.573,0.021,3
tusimple,tusimple_test_clips_0531_1492638127075969445_20.jpg,0.992,0.359,0.443,0.64,0.001,3
tusimple,tusimple_test_clips_0531_1492638140831690008_20.jpg,0.805,0.562,0.357,0.638,0.007,3
tusimple,tusimple_test_clips_0531_1492638155589429392_20.jpg,0.803,0.512,0.384,0.707,0,3
tusimple,tusimple_test_clips_0531_1492638156690688906_20.jpg,0.843,0.555,0.358,0.644,0,3
tusimple,tusimple_test_clips_0531_1492638160386477733_20.jpg,0.769,0.61,0.33,0.562,0.063,3
tusimple,tusimple_test_clips_0531_1492638162219218006_20.jpg,0.826,0.655,0.363,0.586,0.129,3
tusimple,tusimple_test_clips_0531_1492638173678537940_20.jpg,0.811,0.618,0.395,0.642,0.179,3
tusimple,tusimple_test_clips_0531_1492638178377953940_20.jpg,0.852,0.463,0.513,0.663,0.158,3
tusimple,tusimple_test_clips_0531_1492638192100661712_20.jpg,0.994,0.638,0.483,0.606,0.019,3
tusimple,tusimple_test_clips_0531_1492638208126576446_20.jpg,0.98,0.543,0.635,0.621,0.001,3
tusimple,tusimple_test_clips_0531_1492638226013551048_20.jpg,0.879,0.716,0.518,0.584,0.016,4
tusimple,tusimple_test_clips_0531_1492638228146895567_20.jpg,0.959,0.514,0.59,0.632,0.006,3
tusimple,tusimple_test_clips_0531_1492638229178283132_20.jpg,0.954,0.507,0.633,0.659,0.029,3
tusimple,tusimple_test_clips_0531_1492638245337349327_20.jpg,0.851,0.724,0.515,0.557,0.032,3
tusimple,tusimple_test_clips_0531_1492638293772682589_20.jpg,0.865,0.751,0.506,0.587,0.001,3
tusimple,tusimple_test_clips_0531_1492638298503091596_20.jpg,0.962,0.445,0.391,0.62,0.034,3
tusimple,tusimple_test_clips_0531_1492638309496541848_20.jpg,0.99,0.485,0.669,0.598,0.022,4
tusimple,tusimple_test_clips_0531_1492638320589814777_20.jpg,0.925,0.602,0.468,0.575,0.136,4
tusimple,tusimple_test_clips_0531_1492638323554616115_20.jpg,0.935,0.503,0.469,0.577,0.233,4
tusimple,tusimple_test_clips_0531_1492638399175704698_20.jpg,0.963,0.58,0.515,0.564,0.044,4
tusimple,tusimple_test_clips_0531_1492638412800797419_20.jpg,0.627,0.674,0.499,0.557,0.064,4
tusimple,tusimple_test_clips_0531_1492638416533956519_20.jpg,0.793,0.663,0.383,0.653,0.173,4
tusimple,tusimple_test_clips_0531_1492638420496100516_20.jpg,0.658,0.553,0.497,0.602,0.139,4
tusimple,tusimple_test_clips_0531_1492638425228746225_20.jpg,0.813,0.583,0.413,0.634,0.153,4
tusimple,tusimple_test_clips_0531_1492638491719799581_20.jpg,0.205,1,0.94,0.494,0.018,4
tusimple,tusimple_test_clips_0531_1492638509542348492_20.jpg,0.844,0.524,0.543,0.63,0.001,4
tusimple,tusimple_test_clips_0531_1492638566875405993_20.jpg,0.261,1,0.721,0.605,0,4
tusimple,tusimple_test_clips_0531_1492638612980023451_20.jpg,0.928,0.398,0.489,0.638,0.069,4
tusimple,tusimple_test_clips_0531_1492638617945022881_20.jpg,0.804,0.594,0.326,0.671,0.064,4
tusimple,tusimple_test_clips_0531_1492638620042347098_20.jpg,0.834,0.689,0.435,0.644,0.085,4
tusimple,tusimple_test_clips_0531_1492638621175073249_20.jpg,0.902,0.659,0.496,0.566,0.074,3
tusimple,tusimple_test_clips_0531_1492638623307039035_20.jpg,0.863,0.819,0.5,0.563,0.059,3
tusimple,tusimple_test_clips_0531_1492638633169692956_20.jpg,0.265,1,0.854,0.68,0,2
tusimple,tusimple_test_clips_0531_1492638691435390710_20.jpg,0.877,0.673,0.546,0.569,0.04,3
tusimple,tusimple_test_clips_0531_1492638709821432581_20.jpg,0.784,0.473,0.654,0.585,0.011,3
tusimple,tusimple_test_clips_0531_1492638728610174855_20.jpg,0.894,0.644,0.274,0.638,0,3
tusimple,tusimple_test_clips_0531_1492638734806370674_20.jpg,1,0.546,0.428,0.568,0,3
tusimple,tusimple_test_clips_0531_1492638736405511235_20.jpg,0.973,0.498,0.364,0.654,0.001,3
tusimple,tusimple_test_clips_0531_1492638747000263376_20.jpg,0.94,0.435,0.412,0.58,0.088,3
tusimple,tusimple_test_clips_0531_1492638750896691263_20.jpg,0.933,0.572,0.395,0.608,0.095,3
tusimple,tusimple_test_clips_0531_1492638832414333181_20.jpg,0.3,1,0.868,0.599,0.001,4
tusimple,tusimple_test_clips_0531_1492638847738291738_20.jpg,1,0.497,0.555,0.607,0.128,4
tusimple,tusimple_test_clips_0531_1492638872656486870_20.jpg,0.704,0.921,0.453,0.508,0.058,4
tusimple,tusimple_test_clips_0531_1492638897609542066_20.jpg,0.364,1,0.9,0.783,0.004,3
tusimple,tusimple_test_clips_0531_1492638931221179579_20.jpg,0.88,0.707,0.388,0.637,0.014,3
tusimple,tusimple_test_clips_0531_1492638944880515494_20.jpg,0.929,0.602,0.454,0.646,0.044,3
tusimple,tusimple_test_clips_0531_1492638988222044292_20.jpg,0.739,1,0.695,0.521,0.065,3
tusimple,tusimple_test_clips_0531_1492638998447240671_20.jpg,0.774,1,0.771,0.617,0.047,3
tusimple,tusimple_test_clips_0531_1492639020200656425_20.jpg,0.712,1,0.79,0.597,0,3
tusimple,tusimple_test_clips_0531_1492639021866422596_20.jpg,0.637,0.915,0.773,0.535,0.013,4
tusimple,tusimple_test_clips_0531_1492639025564232949_20.jpg,0.617,1,0.747,0.615,0.038,4
tusimple,tusimple_test_clips_0531_1492639026565526922_20.jpg,0.606,1,0.746,0.644,0.05,4
tusimple,tusimple_test_clips_0531_1492639028562435952_20.jpg,0.572,0.952,0.643,0.593,0.066,4
tusimple,tusimple_test_clips_0531_1492639029564331314_20.jpg,0.673,1,0.732,0.588,0.049,4
tusimple,tusimple_test_clips_0531_1492639031560513163_20.jpg,0.549,1,0.694,0.633,0.065,4
tusimple,tusimple_test_clips_0531_1492639032560559464_20.jpg,0.564,1,0.76,0.654,0.061,4
tusimple,tusimple_test_clips_0531_1492639037157160495_20.jpg,0.646,1,0.827,0.662,0.01,4
tusimple,tusimple_test_clips_0531_1492639052347992144_20.jpg,0.636,1,0.774,0.61,0.029,4
tusimple,tusimple_test_clips_0531_1492639060577979809_20.jpg,0.894,0.995,0.781,0.532,0.118,4
tusimple,tusimple_test_clips_0531_1492639063241668721_20.jpg,0.681,1,0.85,0.633,0.058,4
tusimple,tusimple_test_clips_0531_1492639085094766807_20.jpg,0.754,0.639,0.631,0.704,0.023,4
tusimple,tusimple_test_clips_0531_1492720362332694269_20.jpg,0.797,0.529,0.358,0.634,0,4
tusimple,tusimple_test_clips_0531_1492720427260150883_20.jpg,0.8,0.742,0.503,0.553,0.014,4
tusimple,tusimple_test_clips_0531_1492720528332451807_20.jpg,0.871,0.631,0.4,0.512,0.101,4
tusimple,tusimple_test_clips_0531_1492720860531891761_20.jpg,0.885,0.932,0.461,0.551,0.004,3
tusimple,tusimple_test_clips_0531_1492721430321325029_20.jpg,0.82,0.547,0.211,0.592,0.007,3
tusimple,tusimple_test_clips_0531_1492721506408738140_20.jpg,0.726,1,0.814,0.61,0.027,3
tusimple,tusimple_test_clips_0531_1492721508276825002_20.jpg,0.874,1,0.738,0.64,0.001,3
tusimple,tusimple_test_clips_0531_1492721512971446348_20.jpg,0.878,1,0.853,0.634,0.004,3
tusimple,tusimple_test_clips_0531_1492721518501554866_20.jpg,0.849,1,0.804,0.689,0.07,3
tusimple,tusimple_test_clips_0531_1492721524664443125_20.jpg,0.851,1,0.73,0.658,0.105,3
tusimple,tusimple_test_clips_0531_1492721529994523466_20.jpg,0.875,1,0.863,0.692,0.085,3
tusimple,tusimple_test_clips_0531_1492721665679357348_20.jpg,0.497,1,0.828,0.546,0.025,3
tusimple,tusimple_test_clips_0531_1492721765888005121_20.jpg,0.766,1,0.817,0.636,0.082,3
tusimple,tusimple_test_clips_0531_1492721799532431504_20.jpg,0.708,1,0.836,0.63,0.015,3
tusimple,tusimple_test_clips_0531_1492721863060543870_20.jpg,0.775,1,0.894,0.632,0.007,4
tusimple,tusimple_test_clips_0531_1492721924623389420_20.jpg,0.925,1,0.885,0.613,0.189,4
tusimple,tusimple_test_clips_0531_1492721972761020648_20.jpg,0.86,1,0.861,0.646,0.039,3
tusimple,tusimple_test_clips_0531_1492721978858023288_20.jpg,0.78,1,0.903,0.588,0.032,4
tusimple,tusimple_test_clips_0531_1492721984887044353_20.jpg,0.74,1,0.874,0.568,0.047,3
tusimple,tusimple_test_clips_0531_1492722106147344833_20.jpg,1,0.44,0.572,0.61,0.033,3
tusimple,tusimple_test_clips_0531_1492722382384370433_20.jpg,1,0.441,0.422,0.606,0.1,3
tusimple,tusimple_test_clips_0531_1492722384383546981_20.jpg,1,0.496,0.429,0.567,0.104,3
tusimple,tusimple_test_clips_0531_1492722385383683965_20.jpg,1,0.528,0.453,0.556,0.089,3
tusimple,tusimple_test_clips_0531_1492722387379471063_20.jpg,1,0.434,0.513,0.571,0.074,3
tusimple,tusimple_test_clips_0531_1492722388378198951_20.jpg,1,0.515,0.426,0.575,0.081,3
tusimple,tusimple_test_clips_0531_1492722390379789303_20.jpg,1,0.471,0.345,0.608,0.076,3
tusimple,tusimple_test_clips_0531_1492722391377168123_20.jpg,0.992,0.445,0.442,0.604,0.081,3
tusimple,tusimple_test_clips_0531_1492722397139625713_20.jpg,0.975,0.729,0.37,0.597,0.001,3
tusimple,tusimple_test_clips_0531_1492722398439379822_20.jpg,0.94,0.812,0.35,0.562,0,3
tusimple,tusimple_test_clips_0531_1492722419792704472_20.jpg,1,0.914,0.328,0.604,0.128,3
tusimple,tusimple_test_clips_0531_1492722471761360450_20.jpg,0.947,0.792,0.449,0.602,0.018,3
tusimple,tusimple_test_clips_0531_1492722542521107379_20.jpg,0.946,0.681,0.502,0.61,0.002,3
tusimple,tusimple_test_clips_0531_1492722550480730935_20.jpg,0.987,0.885,0.558,0.607,0.001,3
tusimple,tusimple_test_clips_0531_1492722566508285682_20.jpg,1,0.63,0.613,0.583,0.046,3
tusimple,tusimple_test_clips_0531_1492722568270595370_20.jpg,1,0.802,0.578,0.609,0.006,3
tusimple,tusimple_test_clips_0531_1492722573000576285_20.jpg,1,0.882,0.601,0.599,0.009,3
tusimple,tusimple_test_clips_0531_1492722575368809568_20.jpg,0.976,0.763,0.356,0.589,0.06,3
tusimple,tusimple_test_clips_0531_1492722689531523433_20.jpg,0.667,1,0.642,0.545,0.054,3
tusimple,tusimple_test_clips_0531_1492722704491890993_20.jpg,0.888,0.878,0.549,0.613,0.019,3
tusimple,tusimple_test_clips_0531_1492722768716317906_20.jpg,1,0.637,0.773,0.587,0.005,3
tusimple,tusimple_test_clips_0531_1492723099085130612_20.jpg,1,0.728,0.613,0.622,0.027,3
tusimple,tusimple_test_clips_0531_1492723100250522201_20.jpg,0.885,0.708,0.483,0.642,0.009,3
tusimple,tusimple_test_clips_0531_1492723104847707867_20.jpg,0.982,0.672,0.689,0.625,0.017,3
tusimple,tusimple_test_clips_0531_1492723175340812934_20.jpg,0.771,1,0.488,0.609,0.007,3
tusimple,tusimple_test_clips_0531_1492723354298539396_20.jpg,0.945,0.648,0.429,0.615,0.04,3
tusimple,tusimple_test_clips_0531_1492723356596471845_20.jpg,0.902,0.698,0.542,0.554,0.015,3
tusimple,tusimple_test_clips_0531_1492723372253700807_20.jpg,0.829,0.88,0.489,0.634,0.045,3
tusimple,tusimple_test_clips_0531_1492723393440906653_20.jpg,0.867,0.834,0.363,0.585,0,3
tusimple,tusimple_test_clips_0531_1492723592255057158_20.jpg,0.838,0.814,0.692,0.683,0,3
tusimple,tusimple_test_clips_0531_1492723607079434035_20.jpg,0.797,1,0.877,0.661,0,3
tusimple,tusimple_test_clips_0531_1492723670775014711_20.jpg,1,1,0.853,0.551,0.032,3
tusimple,tusimple_test_clips_0531_1492723673672659321_20.jpg,1,1,0.862,0.542,0.048,3
tusimple,tusimple_test_clips_0531_1492724744266435222_20.jpg,1,1,0.916,0.522,0.012,3
tusimple,tusimple_test_clips_0531_1492724748827515941_20.jpg,0.882,1,0.942,0.65,0.022,3
tusimple,tusimple_test_clips_0531_1492724777543930406_20.jpg,0.895,1,0.905,0.595,0,3
tusimple,tusimple_test_clips_0531_1492724780974934449_20.jpg,0.86,1,0.818,0.563,0.077,3
tusimple,tusimple_test_clips_0531_1492724821950307681_20.jpg,0.845,0.993,0.438,0.513,0.021,3
tusimple,tusimple_test_clips_0531_1492724856797962408_20.jpg,0.711,0.521,0.3,0.641,0.152,3
tusimple,tusimple_test_clips_0531_1492724877250604249_20.jpg,0.653,1,0.24,0.617,0.001,3
tusimple,tusimple_test_clips_0531_1492724881947719537_20.jpg,0.716,0.476,0.229,0.617,0,3
tusimple,tusimple_test_clips_0531_1492724931751162632_20.jpg,0.818,0.685,0.369,0.641,0.092,3
tusimple,tusimple_test_clips_0531_1492724934049815527_20.jpg,0.904,0.517,0.308,0.616,0.147,3
tusimple,tusimple_test_clips_0531_1492725758192316628_20.jpg,0.869,0.882,0.639,0.52,0.027,3
tusimple,tusimple_test_clips_0531_1492726082663960757_20.jpg,0.83,1,0.655,0.601,0.001,3
tusimple,tusimple_test_clips_0531_1492726116307470714_20.jpg,0.87,0.651,0.589,0.619,0.001,3
tusimple,tusimple_test_clips_0531_1492726156583557580_20.jpg,0.863,0.997,0.781,0.629,0.026,3
tusimple,tusimple_test_clips_0531_1492726157649454642_20.jpg,0.839,0.905,0.759,0.666,0.01,3
tusimple,tusimple_test_clips_0531_1492726160050129729_20.jpg,0.85,0.973,0.725,0.661,0.001,3
tusimple,tusimple_test_clips_0531_1492726182168088891_20.jpg,0.81,0.991,0.773,0.73,0.022,3
tusimple,tusimple_test_clips_0531_1492726201691877293_20.jpg,0.848,1,0.795,0.627,0.064,3
tusimple,tusimple_test_clips_0531_1492726208452280063_20.jpg,0.741,1,0.82,0.676,0.107,3
tusimple,tusimple_test_clips_0531_1492726211683705856_20.jpg,0.819,1,0.812,0.658,0.056,3
tusimple,tusimple_test_clips_0531_1492726282341549567_20.jpg,0.797,0.588,0.667,0.613,0.067,3
tusimple,tusimple_test_clips_0531_1492726284375845670_20.jpg,0.536,0.262,0.234,0.736,0.066,2
tusimple,tusimple_test_clips_0531_1492726638562469128_20.jpg,0.773,1,0.795,0.657,0.005,3
tusimple,tusimple_test_clips_0531_1492726752130652644_20.jpg,0.542,0.642,0.457,0.564,0.029,3
tusimple,tusimple_test_clips_0531_1492726760057064287_20.jpg,0.907,0.659,0.639,0.652,0,3
tusimple,tusimple_test_clips_0531_1492726800731500585_20.jpg,0.518,0.729,0.472,0.577,0.012,3
tusimple,tusimple_test_clips_0531_1492727482926070059_20.jpg,0.975,0.807,0.508,0.515,0.001,3
tusimple,tusimple_test_clips_0531_1492727522699909804_20.jpg,0.959,0.738,0.52,0.51,0.012,3
tusimple,tusimple_test_clips_0531_1492727534325972550_20.jpg,0.925,0.68,0.52,0.529,0.016,3
tusimple,tusimple_test_clips_0531_1492727547951279107_20.jpg,0.835,0.874,0.704,0.489,0.026,4
tusimple,tusimple_test_clips_0531_1492727551550942822_20.jpg,0.915,0.845,0.685,0.62,0.009,4
tusimple,tusimple_test_clips_0531_1492727553614617265_20.jpg,0.994,0.893,0.663,0.547,0.009,3
tusimple,tusimple_test_clips_0531_1492727557579107386_20.jpg,0.989,0.874,0.659,0.498,0.01,3
tusimple,tusimple_test_clips_0531_1492727559312580176_20.jpg,0.989,0.919,0.609,0.536,0.012,3
tusimple,tusimple_test_clips_0531_1492727588660137273_20.jpg,1,0.95,0.411,0.532,0.024,3
tusimple,tusimple_test_clips_0531_1492727627137415683_20.jpg,0.757,1,0.555,0.607,0.039,3
tusimple,tusimple_test_clips_0531_1492727736238547167_20.jpg,0.869,0.662,0.308,0.648,0.028,3
tusimple,tusimple_test_clips_0531_1492727827717275748_20.jpg,1,0.525,0.33,0.623,0.021,3
tusimple,tusimple_test_clips_0531_1492728020201822330_20.jpg,0.912,0.887,0.527,0.591,0.004,3
tusimple,tusimple_test_clips_0531_1492728026464731056_20.jpg,0.96,0.582,0.511,0.698,0,3
tusimple,tusimple_test_clips_0531_1492728214585375695_20.jpg,0.953,0.567,0.453,0.649,0.011,3
tusimple,tusimple_test_clips_0531_1492728244434125969_20.jpg,1,0.526,0.437,0.565,0.076,3
tusimple,tusimple_test_clips_0531_1492729039990202941_20.jpg,0.819,0.491,0.232,0.726,0.008,3
tusimple,tusimple_test_clips_0531_1492729085263099246_20.jpg,0.839,0.48,0.535,0.668,0.101,3
tusimple,tusimple_test_clips_0531_1492729086495576633_20.jpg,0.94,0.453,0.513,0.69,0.078,3
tusimple,tusimple_test_clips_0531_1492729116446922625_20.jpg,0.83,0.551,0.637,0.663,0.006,3
tusimple,tusimple_test_clips_0531_1492729117444122029_20.jpg,0.815,0.602,0.643,0.672,0.001,3
tusimple,tusimple_test_clips_0531_1492729127271025639_20.jpg,0.779,0.749,0.482,0.653,0,3
tusimple,tusimple_test_clips_0531_1492729132567855077_20.jpg,0.729,0.566,0.557,0.615,0.004,4
tusimple,tusimple_test_clips_0531_1492729139164775216_20.jpg,0.835,0.469,0.379,0.656,0.026,4
tusimple,tusimple_test_clips_0531_1492729146693252465_20.jpg,0.815,0.498,0.512,0.636,0,4
tusimple,tusimple_test_clips_0531_1492729147860550153_20.jpg,0.876,0.516,0.434,0.66,0,4
tusimple,tusimple_test_clips_0531_1492729150257451101_20.jpg,0.858,0.773,0.425,0.643,0.009,3
tusimple,tusimple_test_clips_0531_1492729157219668245_20.jpg,0.739,0.472,0.408,0.666,0.02,3
tusimple,tusimple_test_clips_0531_1492729172310873410_20.jpg,0.779,0.48,0.46,0.62,0,3
tusimple,tusimple_test_clips_0531_1492729195663313257_20.jpg,0.685,0.52,0.452,0.614,0.001,3
tusimple,tusimple_test_clips_0531_1492729207323141144_20.jpg,0.965,0.627,0.425,0.604,0,3
tusimple,tusimple_test_clips_0531_1492729233909647981_20.jpg,0.801,0.515,0.32,0.623,0.063,3
tusimple,tusimple_test_clips_0531_1492729236605688719_20.jpg,0.874,0.446,0.255,0.629,0.118,3
tusimple,tusimple_test_clips_0531_1492729255060932659_20.jpg,0.859,0.64,0.257,0.612,0.087,3
tusimple,tusimple_test_clips_0531_1492729258159313863_20.jpg,0.98,0.605,0.257,0.618,0.081,3
tusimple,tusimple_test_clips_0531_1492729365327999098_20.jpg,0.861,0.551,0.448,0.653,0.006,3
tusimple,tusimple_test_clips_0531_1492729366760397191_20.jpg,0.925,0.541,0.429,0.641,0.002,3
tusimple,tusimple_test_clips_0531_1492729384983435768_20.jpg,0.861,0.551,0.329,0.615,0.071,3
tusimple,tusimple_test_clips_0531_1492729430055756731_20.jpg,1,0.413,0.386,0.581,0,3
tusimple,tusimple_test_clips_0531_1492729474464287096_20.jpg,0.904,0.554,0.466,0.568,0.103,3
tusimple,tusimple_test_clips_0531_1492729574935206364_20.jpg,1,0.423,0.358,0.663,0.055,3
tusimple,tusimple_test_clips_0531_1492729588860189629_20.jpg,0.819,0.603,0.431,0.601,0.001,4
tusimple,tusimple_test_clips_0531_1492729655353506144_20.jpg,0.771,0.528,0.597,0.64,0.014,4
tusimple,tusimple_test_clips_0531_1492729680305230439_20.jpg,0.702,0.506,0.553,0.642,0.001,4
tusimple,tusimple_test_clips_0531_1492729736271950741_20.jpg,0.787,0.522,0.488,0.658,0.057,4
tusimple,tusimple_test_clips_0531_1495487718661629177_20.jpg,1,0.615,0.691,0.631,0.032,3
tusimple,tusimple_test_clips_0531_1495487724908810234_20.jpg,1,0.527,0.663,0.528,0.001,3
tusimple,tusimple_test_clips_0531_1495487769892034004_20.jpg,1,0.786,0.656,0.582,0,3
tusimple,tusimple_test_clips_0531_1495487771488718925_20.jpg,0.916,0.615,0.522,0.591,0,3
tusimple,tusimple_test_clips_0531_1495487775739454330_20.jpg,1,0.672,0.7,0.574,0.009,3
tusimple,tusimple_test_clips_0531_1495487930421891014_20.jpg,1,0.626,0.503,0.587,0.03,3
tusimple,tusimple_test_clips_0531_1495488043321416919_20.jpg,0.931,0.748,0.535,0.538,0.021,3
tusimple,tusimple_test_clips_0531_1495488046271205496_20.jpg,0.957,0.78,0.634,0.576,0.033,3
tusimple,tusimple_test_clips_0531_1495489365453143331_20.jpg,0.845,0.947,0.646,0.551,0.044,3
tusimple,tusimple_test_clips_0531_1495489440271286999_20.jpg,0.531,0.72,0.666,0.631,0,3
tusimple,tusimple_test_clips_0531_1495489441770759921_20.jpg,0.904,0.484,0.602,0.647,0.001,3
tusimple,tusimple_test_clips_0531_1495489444819339079_20.jpg,0.975,0.478,0.58,0.626,0.001,3
tusimple,tusimple_test_clips_0531_1495489446318620134_20.jpg,0.814,0.414,0.498,0.666,0,3
tusimple,tusimple_test_clips_0601_1494452381594376146_20.jpg,0.978,0.658,0.658,0.608,0.002,5
tusimple,tusimple_test_clips_0601_1494452383592719171_20.jpg,0.843,0.681,0.527,0.574,0,5
tusimple,tusimple_test_clips_0601_1494452387590928848_20.jpg,0.654,0.645,0.638,0.629,0,5
tusimple,tusimple_test_clips_0601_1494452393588330446_20.jpg,0.776,0.836,0.658,0.651,0.001,5
tusimple,tusimple_test_clips_0601_1494452399585761304_20.jpg,0.754,0.819,0.608,0.559,0.001,5
tusimple,tusimple_test_clips_0601_1494452401584814468_20.jpg,0.768,0.832,0.649,0.553,0,5
tusimple,tusimple_test_clips_0601_1494452405583118167_20.jpg,0.871,0.633,0.586,0.582,0,5
tusimple,tusimple_test_clips_0601_1494452411580444269_20.jpg,0.814,0.683,0.698,0.667,0.002,5
tusimple,tusimple_test_clips_0601_1494452413579633881_20.jpg,0.826,0.745,0.698,0.622,0,5
tusimple,tusimple_test_clips_0601_1494452417580383008_20.jpg,0.906,0.742,0.682,0.589,0,5
tusimple,tusimple_test_clips_0601_1494452419576967330_20.jpg,0.911,0.718,0.645,0.596,0,5
tusimple,tusimple_test_clips_0601_1494452423575187058_20.jpg,0.963,0.749,0.652,0.614,0.001,5
tusimple,tusimple_test_clips_0601_1494452431571697487_20.jpg,0.662,1,0.767,0.647,0,5
tusimple,tusimple_test_clips_0601_1494452435570663721_20.jpg,0.948,0.628,0.672,0.571,0,5
tusimple,tusimple_test_clips_0601_1494452437570260415_20.jpg,0.886,0.673,0.655,0.615,0.009,5
tusimple,tusimple_test_clips_0601_1494452441570881066_20.jpg,0.78,0.634,0.612,0.547,0.002,5
tusimple,tusimple_test_clips_0601_1494452443567310647_20.jpg,0.836,0.708,0.62,0.542,0,5
tusimple,tusimple_test_clips_0601_1494452453565341624_20.jpg,0.868,0.783,0.573,0.579,0,5
tusimple,tusimple_test_clips_0601_1494452455562021371_20.jpg,0.89,0.86,0.609,0.626,0,5
tusimple,tusimple_test_clips_0601_1494452459559473704_20.jpg,0.733,0.743,0.615,0.631,0,5
tusimple,tusimple_test_clips_0601_1494452461559694775_20.jpg,0.734,0.72,0.582,0.601,0,5
tusimple,tusimple_test_clips_0601_1494452465557579954_20.jpg,0.876,0.714,0.602,0.6,0,5
tusimple,tusimple_test_clips_0601_1494452467556714982_20.jpg,0.843,0.726,0.667,0.6,0,5
tusimple,tusimple_test_clips_0601_1494452473554046238_20.jpg,0.965,0.853,0.626,0.628,0.007,5
tusimple,tusimple_test_clips_0601_1494452477551592645_20.jpg,0.877,0.748,0.668,0.579,0,5
tusimple,tusimple_test_clips_0601_1494452479551432295_20.jpg,0.828,0.688,0.596,0.66,0,5
tusimple,tusimple_test_clips_0601_1494452483550979880_20.jpg,0.882,0.781,0.615,0.609,0.008,5
tusimple,tusimple_test_clips_0601_1494452485550801832_20.jpg,0.907,0.577,0.547,0.651,0.012,5
tusimple,tusimple_test_clips_0601_1494452495543904834_20.jpg,0.845,0.742,0.633,0.58,0.014,5
tusimple,tusimple_test_clips_0601_1494452497542759963_20.jpg,0.95,0.818,0.591,0.608,0,5
tusimple,tusimple_test_clips_0601_1494452501541047809_20.jpg,0.887,0.536,0.474,0.585,0.002,5
tusimple,tusimple_test_clips_0601_1494452503540211488_20.jpg,0.829,0.749,0.573,0.577,0.01,5
tusimple,tusimple_test_clips_0601_1494452507538435036_20.jpg,0.773,0.524,0.594,0.576,0,5
tusimple,tusimple_test_clips_0601_1494452513535819874_20.jpg,0.854,0.503,0.535,0.627,0.001,5
tusimple,tusimple_test_clips_0601_1494452515535856220_20.jpg,0.949,0.681,0.46,0.592,0.025,5
tusimple,tusimple_test_clips_0601_1494452519533198764_20.jpg,0.767,0.925,0.52,0.631,0.094,5
tusimple,tusimple_test_clips_0601_1494452525531798564_20.jpg,0.825,0.71,0.474,0.62,0.053,5
tusimple,tusimple_test_clips_0601_1494452531527929865_20.jpg,0.863,0.589,0.418,0.62,0,5
tusimple,tusimple_test_clips_0601_1494452533527068961_20.jpg,0.877,0.538,0.319,0.603,0,5
tusimple,tusimple_test_clips_0601_1494452537526888921_20.jpg,0.884,0.593,0.354,0.605,0.006,5
tusimple,tusimple_test_clips_0601_1494452543522697027_20.jpg,0.839,0.56,0.4,0.603,0,5
tusimple,tusimple_test_clips_0601_1494452545521782152_20.jpg,0.849,0.653,0.379,0.618,0,5
tusimple,tusimple_test_clips_0601_1494452549522608038_20.jpg,0.809,0.685,0.176,0.648,0,5
tusimple,tusimple_test_clips_0601_1494452551521764296_20.jpg,0.827,0.856,0.221,0.567,0.063,5
tusimple,tusimple_test_clips_0601_1494452555517417669_20.jpg,0.899,0.857,0.608,0.564,0.107,5
tusimple,tusimple_test_clips_0601_1494452557516535340_20.jpg,0.71,0.696,0.279,0.613,0.019,4
tusimple,tusimple_test_clips_0601_1494452561514740325_20.jpg,0.619,1,0.488,0.605,0.014,4
tusimple,tusimple_test_clips_0601_1494452563514409609_20.jpg,0.679,0.977,0.541,0.582,0.011,4
tusimple,tusimple_test_clips_0601_1494452569511277852_20.jpg,0.906,0.558,0.509,0.64,0.009,4
tusimple,tusimple_test_clips_0601_1494452573509846529_20.jpg,0.905,0.591,0.486,0.61,0.011,4
tusimple,tusimple_test_clips_0601_1494452575508621410_20.jpg,0.804,0.647,0.414,0.653,0.012,4
tusimple,tusimple_test_clips_0601_1494452577507766671_20.jpg,0.667,0.579,0.361,0.641,0.014,3
tusimple,tusimple_test_clips_0601_1494452581506071064_20.jpg,0.796,0.677,0.329,0.584,0.032,4
tusimple,tusimple_test_clips_0601_1494452583506155675_20.jpg,0.815,0.575,0.372,0.629,0.032,4
tusimple,tusimple_test_clips_0601_1494452587503447885_20.jpg,0.864,0.841,0.506,0.605,0.04,4
tusimple,tusimple_test_clips_0601_1494452589502510638_20.jpg,0.8,0.567,0.447,0.638,0.001,4
tusimple,tusimple_test_clips_0601_1494452593500713242_20.jpg,0.774,0.808,0.257,0.623,0.001,4
tusimple,tusimple_test_clips_0601_1494452595500174597_20.jpg,0.778,0.947,0.384,0.605,0.005,5
tusimple,tusimple_test_clips_0601_1494452599500650582_20.jpg,0.648,1,0.595,0.564,0.011,5
tusimple,tusimple_test_clips_0601_1494452601497306527_20.jpg,0.842,0.712,0.36,0.635,0.006,5
tusimple,tusimple_test_clips_0601_1494452605495775275_20.jpg,0.71,0.58,0.295,0.664,0.014,5
tusimple,tusimple_test_clips_0601_1494452607494729538_20.jpg,0.837,0.754,0.285,0.597,0,5
tusimple,tusimple_test_clips_0601_1494452611493209602_20.jpg,0.854,0.796,0.292,0.676,0.005,5
tusimple,tusimple_test_clips_0601_1494452613491980502_20.jpg,0.781,1,0.356,0.598,0,5
tusimple,tusimple_test_clips_0601_1494452617490237803_20.jpg,0.83,0.648,0.366,0.628,0.034,5
tusimple,tusimple_test_clips_0601_1494452619491164085_20.jpg,0.766,0.893,0.469,0.601,0.057,5
tusimple,tusimple_test_clips_0601_1494452623488174384_20.jpg,0.833,0.813,0.544,0.592,0.054,5
tusimple,tusimple_test_clips_0601_1494452625486687125_20.jpg,0.832,0.596,0.537,0.611,0.056,5
tusimple,tusimple_test_clips_0601_1494452629485081299_20.jpg,0.84,0.58,0.486,0.579,0.031,5
tusimple,tusimple_test_clips_0601_1494452635482335585_20.jpg,0.744,0.769,0.466,0.596,0.004,5
tusimple,tusimple_test_clips_0601_1494452637481403108_20.jpg,0.836,0.813,0.573,0.634,0.005,5
tusimple,tusimple_test_clips_0601_1494452641479752411_20.jpg,0.696,0.909,0.493,0.492,0.02,5
tusimple,tusimple_test_clips_0601_1494452643478910708_20.jpg,0.713,0.881,0.457,0.591,0.038,5
tusimple,tusimple_test_clips_0601_1494452647477081321_20.jpg,0.896,0.762,0.588,0.563,0.044,5
tusimple,tusimple_test_clips_0601_1494452649476239215_20.jpg,0.802,0.858,0.54,0.585,0.057,5
tusimple,tusimple_test_clips_0601_1494452653474414622_20.jpg,0.739,0.86,0.598,0.566,0.043,5
tusimple,tusimple_test_clips_0601_1494452655473569678_20.jpg,0.867,0.687,0.569,0.542,0.117,5
tusimple,tusimple_test_clips_0601_1494452659471930384_20.jpg,0.959,0.746,0.597,0.604,0.115,5
tusimple,tusimple_test_clips_0601_1494452661471076330_20.jpg,0.933,0.609,0.62,0.644,0.116,5
tusimple,tusimple_test_clips_0601_1494452665470901311_20.jpg,0.794,0.851,0.556,0.593,0.093,5
tusimple,tusimple_test_clips_0601_1494452667468632483_20.jpg,0.877,0.731,0.51,0.562,0.085,5
tusimple,tusimple_test_clips_0601_1494452671466606987_20.jpg,0.896,0.629,0.544,0.654,0.137,5
tusimple,tusimple_test_clips_0601_1494452673465751161_20.jpg,0.961,0.716,0.542,0.625,0.113,5
tusimple,tusimple_test_clips_0601_1494452679465813324_20.jpg,0.848,0.502,0.421,0.632,0.045,5
tusimple,tusimple_test_clips_0601_1494452683461308966_20.jpg,0.843,0.674,0.311,0.593,0.027,5
tusimple,tusimple_test_clips_0601_1494452685460507403_20.jpg,0.702,0.775,0.341,0.622,0.036,5
tusimple,tusimple_test_clips_0601_1494452689458738349_20.jpg,0.825,0.571,0.363,0.616,0.04,5
tusimple,tusimple_test_clips_0601_1494452695456100789_20.jpg,0.924,0.463,0.501,0.624,0,5
tusimple,tusimple_test_clips_0601_1494452807906804070_20.jpg,0.685,0.718,0.579,0.567,0,5
tusimple,tusimple_test_clips_0601_1494452809905908227_20.jpg,0.839,0.504,0.406,0.629,0,5
tusimple,tusimple_test_clips_0601_1494452813904238950_20.jpg,0.707,0.897,0.59,0.603,0.005,5
tusimple,tusimple_test_clips_0601_1494452815903383922_20.jpg,0.939,0.646,0.408,0.562,0.003,5
tusimple,tusimple_test_clips_0601_1494452819901868394_20.jpg,0.77,0.747,0.485,0.533,0.005,5
tusimple,tusimple_test_clips_0601_1494452821900677131_20.jpg,0.939,0.722,0.45,0.504,0.001,5
tusimple,tusimple_test_clips_0601_1494452825898945556_20.jpg,0.959,0.684,0.506,0.561,0.006,5
tusimple,tusimple_test_clips_0601_1494452827898002134_20.jpg,0.979,0.563,0.453,0.599,0.028,5
tusimple,tusimple_test_clips_0601_1494452833895529639_20.jpg,0.982,0.63,0.454,0.557,0.044,5
tusimple,tusimple_test_clips_0601_1494452839892793037_20.jpg,0.812,0.962,0.463,0.527,0.05,5
tusimple,tusimple_test_clips_0601_1494452843892536107_20.jpg,0.843,0.882,0.527,0.565,0.073,5
tusimple,tusimple_test_clips_0601_1494452845890184064_20.jpg,0.88,0.893,0.501,0.555,0.022,5
tusimple,tusimple_test_clips_0601_1494452849888585639_20.jpg,0.884,1,0.562,0.53,0.001,5
tusimple,tusimple_test_clips_0601_1494452855888118550_20.jpg,0.597,1,0.649,0.522,0.001,4
tusimple,tusimple_test_clips_0601_1494452857884954228_20.jpg,0.481,1,0.572,0.452,0,5
tusimple,tusimple_test_clips_0601_1494452861883181566_20.jpg,0.988,0.745,0.665,0.61,0,4
tusimple,tusimple_test_clips_0601_1494452863882254244_20.jpg,0.694,1,0.633,0.575,0.001,5
tusimple,tusimple_test_clips_0601_1494452873877955596_20.jpg,0.795,1,0.67,0.548,0,4
tusimple,tusimple_test_clips_0601_1494452875877030001_20.jpg,0.81,1,0.69,0.589,0.012,4
tusimple,tusimple_test_clips_0601_1494452879875371335_20.jpg,0.866,1,0.652,0.571,0.027,4
tusimple,tusimple_test_clips_0601_1494452881874489565_20.jpg,0.908,0.818,0.63,0.591,0.029,4
tusimple,tusimple_test_clips_0601_1494452885872677966_20.jpg,0.92,0.691,0.618,0.576,0.014,5
tusimple,tusimple_test_clips_0601_1494452887871736336_20.jpg,0.921,0.707,0.62,0.566,0.021,5
tusimple,tusimple_test_clips_0601_1494452891869973318_20.jpg,0.933,0.622,0.606,0.628,0.009,4
tusimple,tusimple_test_clips_0601_1494452893871124218_20.jpg,0.912,1,0.647,0.587,0.015,4
tusimple,tusimple_test_clips_0601_1494452897867364567_20.jpg,0.836,1,0.44,0.61,0.007,5
tusimple,tusimple_test_clips_0601_1494452903865731277_20.jpg,0.894,0.771,0.578,0.643,0.001,5
tusimple,tusimple_test_clips_0601_1494452905863857754_20.jpg,0.828,0.863,0.603,0.6,0,5
tusimple,tusimple_test_clips_0601_1494452909862093823_20.jpg,0.944,0.763,0.48,0.646,0.005,5
tusimple,tusimple_test_clips_0601_1494452911861270933_20.jpg,0.821,0.836,0.505,0.627,0.005,5
tusimple,tusimple_test_clips_0601_1494452915860513670_20.jpg,0.804,0.976,0.508,0.602,0.007,5
tusimple,tusimple_test_clips_0601_1494452917858649513_20.jpg,0.855,0.788,0.597,0.606,0.014,5
tusimple,tusimple_test_clips_0601_1494452923856000328_20.jpg,0.902,0.87,0.601,0.585,0.052,5
tusimple,tusimple_test_clips_0601_1494452927854312215_20.jpg,1,0.629,0.565,0.668,0.072,5
tusimple,tusimple_test_clips_0601_1494452929853344267_20.jpg,0.914,0.981,0.629,0.67,0.035,5
tusimple,tusimple_test_clips_0601_1494452933852394891_20.jpg,0.757,0.835,0.584,0.585,0.074,5
tusimple,tusimple_test_clips_0601_1494452935851509057_20.jpg,0.824,0.701,0.635,0.6,0.048,5
tusimple,tusimple_test_clips_0601_1494452941848207479_20.jpg,0.896,1,0.608,0.564,0.007,5
tusimple,tusimple_test_clips_0601_1494452945846416960_20.jpg,0.726,1,0.631,0.612,0.052,5
tusimple,tusimple_test_clips_0601_1494452947845566905_20.jpg,0.742,1,0.581,0.581,0.056,5
tusimple,tusimple_test_clips_0601_1494452951843767836_20.jpg,0.923,1,0.587,0.587,0.051,5
tusimple,tusimple_test_clips_0601_1494452953842851359_20.jpg,0.869,1,0.584,0.559,0.041,5
tusimple,tusimple_test_clips_0601_1494452957841111858_20.jpg,0.943,0.878,0.501,0.585,0.001,5
tusimple,tusimple_test_clips_0601_1494452959840189782_20.jpg,0.9,1,0.53,0.572,0,5
tusimple,tusimple_test_clips_0601_1494452963838542317_20.jpg,0.935,1,0.554,0.626,0,5
tusimple,tusimple_test_clips_0601_1494452965837655099_20.jpg,0.818,1,0.545,0.602,0,5
tusimple,tusimple_test_clips_0601_1494452969835798706_20.jpg,0.865,1,0.499,0.63,0,5
tusimple,tusimple_test_clips_0601_1494452971837724459_20.jpg,0.825,1,0.476,0.594,0.001,5
tusimple,tusimple_test_clips_0601_1494452975833353003_20.jpg,0.881,1,0.49,0.557,0,5
tusimple,tusimple_test_clips_0601_1494452977832376378_20.jpg,0.801,1,0.504,0.596,0.001,5
tusimple,tusimple_test_clips_0601_1494452987828017539_20.jpg,0.869,1,0.653,0.572,0,5
tusimple,tusimple_test_clips_0601_1494452993825373304_20.jpg,0.837,1,0.56,0.598,0,5
tusimple,tusimple_test_clips_0601_1494452995824488898_20.jpg,0.87,1,0.564,0.549,0.001,4
tusimple,tusimple_test_clips_0601_1494452999822739206_20.jpg,0.817,0.99,0.66,0.601,0,5
tusimple,tusimple_test_clips_0601_1494453001823955149_20.jpg,0.796,1,0.665,0.48,0.001,5
tusimple,tusimple_test_clips_0601_1494453005820121125_20.jpg,0.877,0.979,0.652,0.556,0.049,5
tusimple,tusimple_test_clips_0601_1494453011817831648_20.jpg,0.859,0.745,0.645,0.573,0.019,5
tusimple,tusimple_test_clips_0601_1494453013817159496_20.jpg,0.944,0.663,0.632,0.577,0.028,5
tusimple,tusimple_test_clips_0601_1494453023812186164_20.jpg,0.908,1,0.614,0.555,0.015,5
tusimple,tusimple_test_clips_0601_1494453029809581964_20.jpg,0.804,0.97,0.554,0.619,0.016,5
tusimple,tusimple_test_clips_0601_1494453031808776388_20.jpg,0.797,0.845,0.566,0.599,0,5
tusimple,tusimple_test_clips_0601_1494453035808193947_20.jpg,0.869,0.912,0.602,0.572,0,5
tusimple,tusimple_test_clips_0601_1494453037806049921_20.jpg,0.691,1,0.649,0.614,0.009,5
tusimple,tusimple_test_clips_0601_1494453041804337392_20.jpg,0.75,1,0.701,0.593,0,5
tusimple,tusimple_test_clips_0601_1494453043803451381_20.jpg,0.774,1,0.774,0.523,0,5
tusimple,tusimple_test_clips_0601_1494453047802560970_20.jpg,0.727,0.906,0.765,0.618,0.001,5
tusimple,tusimple_test_clips_0601_1494453049800904845_20.jpg,0.673,1,0.721,0.607,0.016,5
tusimple,tusimple_test_clips_0601_1494453053799097989_20.jpg,0.781,0.819,0.676,0.562,0.109,5
tusimple,tusimple_test_clips_0601_1494453055798943862_20.jpg,0.783,0.803,0.72,0.669,0.104,5
tusimple,tusimple_test_clips_0601_1494453059796614114_20.jpg,0.899,0.848,0.633,0.611,0.02,5
tusimple,tusimple_test_clips_0601_1494453061795567638_20.jpg,0.812,0.997,0.722,0.576,0,5
tusimple,tusimple_test_clips_0601_1494453065794587024_20.jpg,0.806,0.93,0.729,0.686,0.002,5
tusimple,tusimple_test_clips_0601_1494453067793825014_20.jpg,0.694,0.885,0.751,0.622,0.015,4
tusimple,tusimple_test_clips_0601_1494453071791930543_20.jpg,1,0.686,0.656,0.566,0.069,5
tusimple,tusimple_test_clips_0601_1494453077788590148_20.jpg,0.925,0.798,0.697,0.623,0,5
tusimple,tusimple_test_clips_0601_1494453083785959404_20.jpg,0.86,0.758,0.638,0.587,0,5
tusimple,tusimple_test_clips_0601_1494453085785048237_20.jpg,0.901,0.901,0.651,0.627,0.04,5
tusimple,tusimple_test_clips_0601_1494453089784031423_20.jpg,0.859,0.821,0.685,0.608,0.012,5
tusimple,tusimple_test_clips_0601_1494453095780790825_20.jpg,0.652,1,0.696,0.592,0.024,5
tusimple,tusimple_test_clips_0601_1494453101778153315_20.jpg,0.888,0.841,0.544,0.605,0.015,5
tusimple,tusimple_test_clips_0601_1494453103778020955_20.jpg,0.728,0.752,0.596,0.57,0.033,5
tusimple,tusimple_test_clips_0601_1494453107779017311_20.jpg,0.778,0.878,0.659,0.484,0.005,5
tusimple,tusimple_test_clips_0601_1494453109775321981_20.jpg,0.773,0.936,0.651,0.55,0,5
tusimple,tusimple_test_clips_0601_1494453115773914661_20.jpg,0.556,1,0.661,0.63,0.001,5
tusimple,tusimple_test_clips_0601_1494453125768765998_20.jpg,0.93,0.905,0.567,0.579,0.17,5
tusimple,tusimple_test_clips_0601_1494453127767652737_20.jpg,1,0.826,0.629,0.526,0.161,5
tusimple,tusimple_test_clips_0601_1494453131765683584_20.jpg,0.99,0.639,0.589,0.539,0.19,5
tusimple,tusimple_test_clips_0601_1494453133764783250_20.jpg,1,0.627,0.665,0.538,0.2,5
tusimple,tusimple_test_clips_0601_1494453137763384771_20.jpg,0.984,0.776,0.696,0.638,0.144,5
tusimple,tusimple_test_clips_0601_1494453139770608505_20.jpg,0.914,0.68,0.632,0.485,0.103,5
tusimple,tusimple_test_clips_0601_1494453143760493477_20.jpg,0.889,0.697,0.569,0.566,0,5
tusimple,tusimple_test_clips_0601_1494453145759492614_20.jpg,0.904,0.957,0.576,0.618,0,5
tusimple,tusimple_test_clips_0601_1494453149758276510_20.jpg,0.86,1,0.626,0.592,0.004,5
tusimple,tusimple_test_clips_0601_1494453151757820391_20.jpg,0.886,1,0.605,0.589,0.019,5
tusimple,tusimple_test_clips_0601_1494453155755191239_20.jpg,0.843,0.762,0.495,0.554,0.12,5
tusimple,tusimple_test_clips_0601_1494453157754360152_20.jpg,0.993,0.712,0.566,0.593,0.126,5
tusimple,tusimple_test_clips_0601_1494453161752687985_20.jpg,1,0.807,0.552,0.508,0.129,5
tusimple,tusimple_test_clips_0601_1494453163751707198_20.jpg,1,0.697,0.492,0.587,0.136,5
tusimple,tusimple_test_clips_0601_1494453167749914339_20.jpg,0.981,0.711,0.547,0.542,0.175,4
tusimple,tusimple_test_clips_0601_1494453169751622526_20.jpg,0.95,0.644,0.489,0.574,0.038,4
tusimple,tusimple_test_clips_0601_1494453175746486733_20.jpg,0.913,0.673,0.616,0.594,0.041,5
tusimple,tusimple_test_clips_0601_1494453179744700674_20.jpg,0.84,0.746,0.425,0.61,0.029,5
tusimple,tusimple_test_clips_0601_1494453181743949016_20.jpg,0.777,0.885,0.488,0.606,0.024,5
tusimple,tusimple_test_clips_0601_1494453187741185796_20.jpg,0.988,0.786,0.607,0.538,0.093,5
tusimple,tusimple_test_clips_0601_1494453191741507083_20.jpg,0.906,0.572,0.552,0.633,0.115,5
tusimple,tusimple_test_clips_0601_1494453193741235390_20.jpg,0.856,0.882,0.528,0.584,0.08,5
tusimple,tusimple_test_clips_0601_1494453197736907986_20.jpg,0.913,0.698,0.531,0.62,0.063,5
tusimple,tusimple_test_clips_0601_1494453203734404561_20.jpg,0.981,0.674,0.539,0.605,0.063,5
tusimple,tusimple_test_clips_0601_1494453205735915999_20.jpg,0.829,0.667,0.501,0.558,0.094,5
tusimple,tusimple_test_clips_0601_1494453209731490495_20.jpg,0.861,0.58,0.561,0.564,0.084,5
tusimple,tusimple_test_clips_0601_1494453211730587505_20.jpg,0.964,0.659,0.549,0.558,0.099,5
tusimple,tusimple_test_clips_0601_1494453215728949069_20.jpg,0.98,0.709,0.6,0.571,0.003,5
tusimple,tusimple_test_clips_0601_1494453217728002439_20.jpg,0.869,0.708,0.597,0.633,0.002,5
tusimple,tusimple_test_clips_0601_1494453223725431830_20.jpg,0.914,0.606,0.625,0.59,0.027,5
tusimple,tusimple_test_clips_0601_1494453229722794309_20.jpg,0.731,1,0.732,0.623,0.001,5
tusimple,tusimple_test_clips_0601_1494453233720967019_20.jpg,0.792,1,0.743,0.597,0.004,5
tusimple,tusimple_test_clips_0601_1494453235720335086_20.jpg,0.771,1,0.819,0.527,0.014,5
tusimple,tusimple_test_clips_0601_1494453239718429370_20.jpg,0.763,1,0.811,0.606,0,5
tusimple,tusimple_test_clips_0601_1494453241717492358_20.jpg,0.844,1,0.789,0.58,0.001,5
tusimple,tusimple_test_clips_0601_1494453245715779696_20.jpg,0.855,1,0.763,0.607,0.013,5
tusimple,tusimple_test_clips_0601_1494453247714924608_20.jpg,0.854,1,0.708,0.635,0.046,5
tusimple,tusimple_test_clips_0601_1494453251715891980_20.jpg,0.995,0.509,0.641,0.635,0.013,5
tusimple,tusimple_test_clips_0601_1494453253712301303_20.jpg,0.941,0.506,0.548,0.65,0.002,5
tusimple,tusimple_test_clips_0601_1494453257710500114_20.jpg,0.95,0.604,0.64,0.668,0.086,5
tusimple,tusimple_test_clips_0601_1494453263707334614_20.jpg,0.81,0.867,0.48,0.614,0.078,5
tusimple,tusimple_test_clips_0601_1494453269704435488_20.jpg,0.98,0.532,0.545,0.619,0.012,5
tusimple,tusimple_test_clips_0601_1494453275701766756_20.jpg,0.973,0.427,0.511,0.647,0.11,5
tusimple,tusimple_test_clips_0601_1494453277700883460_20.jpg,1,0.424,0.564,0.598,0.153,5
tusimple,tusimple_test_clips_0601_1494453283698385516_20.jpg,0.844,0.542,0.557,0.581,0.109,5
tusimple,tusimple_test_clips_0601_1494453287696553635_20.jpg,0.733,0.57,0.504,0.628,0.012,5
tusimple,tusimple_test_clips_0601_1494453289695753291_20.jpg,0.757,0.458,0.664,0.644,0.001,5
tusimple,tusimple_test_clips_0601_1494453293694248593_20.jpg,0.847,0.542,0.545,0.619,0.007,5
tusimple,tusimple_test_clips_0601_1494453295693107817_20.jpg,0.969,0.44,0.602,0.658,0.016,5
tusimple,tusimple_test_clips_0601_1494453299691460055_20.jpg,0.855,0.405,0.583,0.618,0.001,5
tusimple,tusimple_test_clips_0601_1494453301690417575_20.jpg,0.864,0.374,0.545,0.637,0,5
tusimple,tusimple_test_clips_0601_1494453305690634346_20.jpg,0.992,0.622,0.605,0.599,0.08,5
tusimple,tusimple_test_clips_0601_1494453311686148452_20.jpg,0.93,0.545,0.544,0.638,0.019,5
tusimple,tusimple_test_clips_0601_1494453313685150979_20.jpg,0.923,0.439,0.529,0.623,0.035,5
tusimple,tusimple_test_clips_0601_1494453317683456148_20.jpg,0.96,0.482,0.497,0.606,0.064,5
tusimple,tusimple_test_clips_0601_1494453319683768145_20.jpg,0.972,0.611,0.525,0.627,0.194,5
tusimple,tusimple_test_clips_0601_1494453323680810329_20.jpg,0.98,0.384,0.501,0.615,0.186,5
tusimple,tusimple_test_clips_0601_1494453325680610588_20.jpg,0.965,0.387,0.472,0.587,0.116,5
tusimple,tusimple_test_clips_0601_1494453331677390055_20.jpg,0.96,0.453,0.451,0.577,0.089,5
tusimple,tusimple_test_clips_0601_1494453335675540342_20.jpg,0.941,0.536,0.503,0.593,0.148,5
tusimple,tusimple_test_clips_0601_1494453337674640552_20.jpg,0.917,0.428,0.402,0.646,0.058,5
tusimple,tusimple_test_clips_0601_1494453341673586257_20.jpg,0.877,0.62,0.58,0.548,0,5
tusimple,tusimple_test_clips_0601_1494453343672084617_20.jpg,0.751,0.491,0.591,0.609,0,5
tusimple,tusimple_test_clips_0601_1494453347670216909_20.jpg,0.901,0.347,0.396,0.639,0.041,5
tusimple,tusimple_test_clips_0601_1494453349669374524_20.jpg,0.961,0.321,0.404,0.643,0.045,5
tusimple,tusimple_test_clips_0601_1494453353670005444_20.jpg,0.912,0.424,0.486,0.603,0,5
tusimple,tusimple_test_clips_0601_1494453355666714750_20.jpg,0.951,0.437,0.502,0.602,0.003,5
tusimple,tusimple_test_clips_0601_1494453359666974984_20.jpg,0.983,0.469,0.434,0.624,0.118,5
tusimple,tusimple_test_clips_0601_1494453361664358168_20.jpg,0.96,0.494,0.355,0.539,0.114,5
tusimple,tusimple_test_clips_0601_1494453367661503573_20.jpg,1,0.534,0.398,0.579,0.101,5
tusimple,tusimple_test_clips_0601_1494453377657175338_20.jpg,0.916,0.515,0.372,0.562,0.054,5
tusimple,tusimple_test_clips_0601_1494453383654517717_20.jpg,0.992,0.483,0.45,0.574,0.024,5
tusimple,tusimple_test_clips_0601_1494453385655109293_20.jpg,0.82,0.558,0.412,0.595,0.005,5
tusimple,tusimple_test_clips_0601_1494453389651914836_20.jpg,0.933,0.52,0.383,0.543,0,5
tusimple,tusimple_test_clips_0601_1494453395649364424_20.jpg,0.889,0.598,0.462,0.584,0.005,5
tusimple,tusimple_test_clips_0601_1494453397648410235_20.jpg,0.933,0.504,0.428,0.557,0,5
tusimple,tusimple_test_clips_0601_1494453401646638002_20.jpg,0.982,0.55,0.463,0.497,0.142,5
tusimple,tusimple_test_clips_0601_1494453403645752679_20.jpg,0.935,0.515,0.471,0.583,0.145,5
tusimple,tusimple_test_clips_0601_1494453407644086359_20.jpg,0.947,0.52,0.457,0.549,0.092,5
tusimple,tusimple_test_clips_0601_1494453409643085329_20.jpg,0.9,0.511,0.518,0.537,0.093,5
tusimple,tusimple_test_clips_0601_1494453413641482096_20.jpg,0.884,0.554,0.441,0.557,0.103,5
tusimple,tusimple_test_clips_0601_1494453415640487593_20.jpg,0.85,0.596,0.464,0.522,0.115,5
tusimple,tusimple_test_clips_0601_1494453419640469368_20.jpg,0.971,0.495,0.52,0.494,0.04,5
tusimple,tusimple_test_clips_0601_1494453425636170988_20.jpg,0.83,0.416,0.634,0.645,0.086,5
tusimple,tusimple_test_clips_0601_1494453427635226083_20.jpg,0.853,0.486,0.619,0.519,0.084,5
tusimple,tusimple_test_clips_0601_1494453431633431552_20.jpg,0.754,0.738,0.402,0.601,0.121,5
tusimple,tusimple_test_clips_0601_1494453433632600347_20.jpg,0.833,0.623,0.524,0.572,0.195,5
tusimple,tusimple_test_clips_0601_1494453437630806052_20.jpg,0.768,0.833,0.485,0.541,0.064,5
tusimple,tusimple_test_clips_0601_1494453439630049758_20.jpg,0.713,0.698,0.515,0.583,0.04,5
tusimple,tusimple_test_clips_0601_1494453443628200744_20.jpg,0.682,0.79,0.55,0.633,0.06,5
tusimple,tusimple_test_clips_0601_1494453445627355185_20.jpg,0.968,0.768,0.53,0.582,0.052,5
tusimple,tusimple_test_clips_0601_1494453449625970265_20.jpg,0.87,0.54,0.609,0.589,0.067,4
tusimple,tusimple_test_clips_0601_1494453451625399256_20.jpg,0.845,0.611,0.55,0.548,0.024,4
tusimple,tusimple_test_clips_0601_1494453455622947381_20.jpg,0.848,0.533,0.606,0.569,0.012,4
tusimple,tusimple_test_clips_0601_1494453457622073759_20.jpg,0.911,0.624,0.59,0.615,0.002,4
tusimple,tusimple_test_clips_0601_1494453461620351396_20.jpg,0.896,0.556,0.485,0.548,0.012,4
tusimple,tusimple_test_clips_0601_1494453467617697485_20.jpg,0.921,0.743,0.525,0.501,0.032,5
tusimple,tusimple_test_clips_0601_1494453469616844083_20.jpg,0.857,0.69,0.621,0.578,0.007,4
tusimple,tusimple_test_clips_0601_1494453473615115896_20.jpg,0.929,0.692,0.536,0.596,0.008,4
tusimple,tusimple_test_clips_0601_1494453475619239031_20.jpg,0.841,0.7,0.504,0.577,0.034,4
tusimple,tusimple_test_clips_0601_1494453479612416875_20.jpg,0.848,0.675,0.464,0.618,0.083,5
tusimple,tusimple_test_clips_0601_1494453481611650216_20.jpg,0.953,0.762,0.461,0.555,0.122,5
tusimple,tusimple_test_clips_0601_1494453485609794205_20.jpg,0.84,0.742,0.519,0.557,0.077,5
tusimple,tusimple_test_clips_0601_1494453487610284129_20.jpg,0.845,0.651,0.616,0.533,0.073,5
tusimple,tusimple_test_clips_0601_1494453491607297875_20.jpg,0.845,0.566,0.67,0.638,0.001,4
tusimple,tusimple_test_clips_0601_1494453499603644286_20.jpg,0.899,0.555,0.539,0.618,0,4
tusimple,tusimple_test_clips_0601_1494453501602899309_20.jpg,0.88,0.558,0.508,0.642,0,4
tusimple,tusimple_test_clips_0601_1494453507602550011_20.jpg,0.911,0.582,0.433,0.613,0.048,4
tusimple,tusimple_test_clips_0601_1494453511598429183_20.jpg,0.92,0.714,0.424,0.595,0.069,5
tusimple,tusimple_test_clips_0601_1494453513597540954_20.jpg,0.959,0.63,0.542,0.549,0.066,5
tusimple,tusimple_test_clips_0601_1494453517595817984_20.jpg,0.912,0.917,0.453,0.567,0.038,5
tusimple,tusimple_test_clips_0601_1494453519597603937_20.jpg,0.937,0.797,0.472,0.619,0.009,4
tusimple,tusimple_test_clips_0601_1494453523593263944_20.jpg,0.854,0.71,0.536,0.534,0.01,4
tusimple,tusimple_test_clips_0601_1494453525592287732_20.jpg,0.813,0.597,0.538,0.604,0.005,4
tusimple,tusimple_test_clips_0601_1494453529590660995_20.jpg,0.866,0.733,0.548,0.555,0.013,4
tusimple,tusimple_test_clips_0601_1494453531589611699_20.jpg,0.828,0.725,0.513,0.585,0,4
tusimple,tusimple_test_clips_0601_1494453537587142971_20.jpg,0.825,0.55,0.476,0.646,0.015,4
tusimple,tusimple_test_clips_0601_1494453543585959508_20.jpg,0.837,0.743,0.445,0.529,0.053,4
tusimple,tusimple_test_clips_0601_1494453547582607404_20.jpg,0.927,0.742,0.431,0.572,0.082,4
tusimple,tusimple_test_clips_0601_1494453549581770698_20.jpg,0.914,0.592,0.393,0.633,0.09,4
tusimple,tusimple_test_clips_0601_1494453553580016137_20.jpg,0.992,0.633,0.568,0.634,0.084,4
tusimple,tusimple_test_clips_0601_1494453555580875543_20.jpg,0.88,0.558,0.514,0.62,0.049,4
tusimple,tusimple_test_clips_0601_1494453565574941939_20.jpg,0.952,0.745,0.533,0.593,0.014,5
tusimple,tusimple_test_clips_0601_1494453567574145960_20.jpg,0.912,0.796,0.546,0.595,0,4
tusimple,tusimple_test_clips_0601_1494453571572217543_20.jpg,0.861,0.531,0.646,0.606,0,4
tusimple,tusimple_test_clips_0601_1494453573571257057_20.jpg,0.931,0.685,0.662,0.636,0,4
tusimple,tusimple_test_clips_0601_1494453577569501351_20.jpg,0.892,0.741,0.615,0.589,0,4
tusimple,tusimple_test_clips_0601_1494453579568653269_20.jpg,0.92,0.765,0.643,0.584,0,4
tusimple,tusimple_test_clips_0601_1494453591563309530_20.jpg,0.895,0.691,0.56,0.583,0.077,4
tusimple,tusimple_test_clips_0601_1494453603558321595_20.jpg,0.966,0.764,0.665,0.512,0,4
tusimple,tusimple_test_clips_0601_1494453607556426762_20.jpg,0.955,0.52,0.698,0.591,0.037,4
tusimple,tusimple_test_clips_0601_1494453609556063838_20.jpg,0.901,0.598,0.724,0.653,0.062,4
tusimple,tusimple_test_clips_0601_1494453619553280515_20.jpg,0.83,0.542,0.705,0.547,0.096,5
tusimple,tusimple_test_clips_0601_1494453621551554547_20.jpg,0.984,0.613,0.699,0.504,0.078,5
tusimple,tusimple_test_clips_0601_1494453625548430229_20.jpg,0.977,0.618,0.706,0.448,0.064,4
tusimple,tusimple_test_clips_0601_1494453627547592330_20.jpg,0.965,0.614,0.673,0.527,0.075,4
tusimple,tusimple_test_clips_0601_1494453631546965121_20.jpg,0.876,0.808,0.572,0.525,0.082,4
tusimple,tusimple_test_clips_0601_1494453633545122142_20.jpg,1,0.798,0.65,0.45,0.073,4
tusimple,tusimple_test_clips_0601_1494453637543222619_20.jpg,1,0.855,0.563,0.494,0.087,4
tusimple,tusimple_test_clips_0601_1494453639542330312_20.jpg,1,0.694,0.591,0.573,0.095,4
tusimple,tusimple_test_clips_0601_1494453643540652356_20.jpg,1,0.903,0.51,0.562,0,4
tusimple,tusimple_test_clips_0601_1494453645542365923_20.jpg,0.84,0.892,0.524,0.636,0,4
tusimple,tusimple_test_clips_0601_1494453649538020087_20.jpg,0.878,0.917,0.684,0.601,0.015,4
tusimple,tusimple_test_clips_0601_1494453651537122635_20.jpg,0.849,0.821,0.595,0.567,0,4
tusimple,tusimple_test_clips_0601_1494453655536502766_20.jpg,0.921,0.601,0.459,0.582,0.008,4
tusimple,tusimple_test_clips_0601_1494453657537147475_20.jpg,0.896,0.637,0.508,0.549,0,3
tusimple,tusimple_test_clips_0601_1494453659533594147_20.jpg,1,0.685,0.649,0.546,0,3
tusimple,tusimple_test_clips_0601_1494453663533235870_20.jpg,0.742,0.969,0.517,0.603,0.013,3
tusimple,tusimple_test_clips_0601_1494453669529189163_20.jpg,1,0.565,0.625,0.579,0.145,3
tusimple,tusimple_test_clips_0601_1494453671528402684_20.jpg,1,0.697,0.686,0.633,0.142,3
tusimple,tusimple_test_clips_0601_1494453675526470464_20.jpg,1,0.509,0.611,0.637,0.107,3
tusimple,tusimple_test_clips_0601_1494453677525652422_20.jpg,0.994,0.507,0.648,0.712,0.052,3
tusimple,tusimple_test_clips_0601_1494453681523893685_20.jpg,1,0.457,0.463,0.607,0,4
tusimple,tusimple_test_clips_0601_1494453683523055480_20.jpg,0.821,0.487,0.45,0.6,0,4
tusimple,tusimple_test_clips_0601_1494453689520458206_20.jpg,1,0.472,0.48,0.547,0.017,3
tusimple,tusimple_test_clips_0601_1494453693518675900_20.jpg,0.957,0.404,0.657,0.606,0.036,3
tusimple,tusimple_test_clips_0601_1494453695517772807_20.jpg,1,0.57,0.504,0.63,0.113,3
tusimple,tusimple_test_clips_0601_1494453699517859001_20.jpg,1,0.542,0.545,0.633,0.096,3
tusimple,tusimple_test_clips_0601_1494453701515131366_20.jpg,1,0.549,0.578,0.614,0.114,3
tusimple,tusimple_test_clips_0601_1494453705513380098_20.jpg,1,0.569,0.489,0.692,0.03,3
tusimple,tusimple_test_clips_0601_1494453707512510089_20.jpg,0.926,0.588,0.524,0.614,0.014,3
tusimple,tusimple_test_clips_0601_1494453711510871789_20.jpg,0.904,0.594,0.542,0.655,0.116,3
tusimple,tusimple_test_clips_0601_1494453713511948219_20.jpg,0.899,0.566,0.517,0.653,0.103,3
tusimple,tusimple_test_clips_0601_1494453717508212880_20.jpg,1,0.55,0.564,0.576,0.085,3
tusimple,tusimple_test_clips_0601_1494453719507293325_20.jpg,1,0.428,0.569,0.653,0.071,3
tusimple,tusimple_test_clips_0601_1494453723505661848_20.jpg,0.986,0.514,0.601,0.573,0.034,3
tusimple,tusimple_test_clips_0601_1494453725504928871_20.jpg,0.973,0.563,0.436,0.61,0.003,3
tusimple,tusimple_test_clips_0601_1494453729502898369_20.jpg,0.957,0.557,0.513,0.656,0,4
tusimple,tusimple_test_clips_0601_1494453731502184768_20.jpg,0.84,0.553,0.424,0.623,0,3
tusimple,tusimple_test_clips_0601_1494453735500322810_20.jpg,1,0.498,0.573,0.633,0,3
tusimple,tusimple_test_clips_0601_1494453741497677529_20.jpg,0.873,0.446,0.723,0.564,0,3
tusimple,tusimple_test_clips_0601_1494453743499412036_20.jpg,0.904,0.515,0.52,0.617,0.012,3
tusimple,tusimple_test_clips_0601_1494453749494056187_20.jpg,0.844,0.439,0.583,0.653,0.019,4
tusimple,tusimple_test_clips_0601_1494453753492316007_20.jpg,1,0.513,0.519,0.622,0.013,3
tusimple,tusimple_test_clips_0601_1494453755493646212_20.jpg,0.9,0.466,0.526,0.653,0.012,3
tusimple,tusimple_test_clips_0601_1494453761488899826_20.jpg,0.989,0.554,0.641,0.621,0.069,3
tusimple,tusimple_test_clips_0601_1494453765489014674_20.jpg,1,0.536,0.644,0.601,0.031,3
tusimple,tusimple_test_clips_0601_1494453767486266350_20.jpg,0.94,0.559,0.67,0.646,0.028,3
tusimple,tusimple_test_clips_0601_1494453771484408808_20.jpg,0.887,0.513,0.66,0.584,0,3
tusimple,tusimple_test_clips_0601_1494453777481896092_20.jpg,0.631,0.381,0.395,0.613,0.005,3
tusimple,tusimple_test_clips_0601_1494453785478375673_20.jpg,0.954,0.507,0.669,0.627,0.05,3
tusimple,tusimple_test_clips_0601_1494453789476703453_20.jpg,1,0.492,0.568,0.624,0.023,3
tusimple,tusimple_test_clips_0601_1494453791477237256_20.jpg,0.968,0.456,0.538,0.668,0.004,3
tusimple,tusimple_test_clips_0601_1494453795474053315_20.jpg,0.973,0.436,0.649,0.656,0.002,3
tusimple,tusimple_test_clips_0601_1494453801471404934_20.jpg,0.966,0.44,0.567,0.683,0.004,3
tusimple,tusimple_test_clips_0601_1494453803471804263_20.jpg,0.987,0.45,0.621,0.61,0.009,3
tusimple,tusimple_test_clips_0601_1494453807468785234_20.jpg,0.988,0.469,0.556,0.681,0.016,3
tusimple,tusimple_test_clips_0601_1494453809467806176_20.jpg,1,0.47,0.645,0.631,0.026,4
tusimple,tusimple_test_clips_0601_1494453813470189243_20.jpg,1,0.475,0.687,0.639,0.149,3
tusimple,tusimple_test_clips_0601_1494453819463542735_20.jpg,0.833,1,0.891,0.589,0.097,3
tusimple,tusimple_test_clips_0601_1494453821462558376_20.jpg,0.944,1,0.902,0.567,0.146,3
tusimple,tusimple_test_clips_0601_1494453825461057694_20.jpg,0.932,1,0.701,0.542,0.153,5
tusimple,tusimple_test_clips_0601_1494453827460563310_20.jpg,0.919,0.836,0.721,0.592,0.097,3
tusimple,tusimple_test_clips_0601_1494453831458221916_20.jpg,0.853,1,0.857,0.643,0,3
tusimple,tusimple_test_clips_0601_1494453837458138028_20.jpg,0.856,1,0.861,0.614,0.054,4
tusimple,tusimple_test_clips_0601_1494453839454685269_20.jpg,0.884,1,0.847,0.614,0.092,3
tusimple,tusimple_test_clips_0601_1494453843452888293_20.jpg,1,1,0.862,0.677,0.101,3
tusimple,tusimple_test_clips_0601_1494453845452109492_20.jpg,1,1,0.876,0.678,0.129,3
tusimple,tusimple_test_clips_0601_1494453849450364474_20.jpg,0.882,1,0.888,0.601,0.071,3
tusimple,tusimple_test_clips_0601_1494453851449359418_20.jpg,0.907,1,0.889,0.724,0.092,3
tusimple,tusimple_test_clips_0601_1494453857446816703_20.jpg,0.882,1,0.872,0.604,0,3
tusimple,tusimple_test_clips_0601_1494453863444183762_20.jpg,0.912,1,0.841,0.637,0.122,3
tusimple,tusimple_test_clips_0601_1494453867443237437_20.jpg,0.868,1,0.842,0.633,0.115,3
tusimple,tusimple_test_clips_0601_1494453869441549862_20.jpg,0.805,1,0.872,0.593,0.116,3
tusimple,tusimple_test_clips_0601_1494453873442441071_20.jpg,0.855,1,0.878,0.679,0.088,3
tusimple,tusimple_test_clips_0601_1494453875438935585_20.jpg,0.837,1,0.748,0.559,0.068,3
tusimple,tusimple_test_clips_0601_1494453881436296546_20.jpg,0.81,1,0.872,0.635,0,3
tusimple,tusimple_test_clips_0601_1494453885434567462_20.jpg,0.936,1,0.847,0.599,0,3
tusimple,tusimple_test_clips_0601_1494453887435510080_20.jpg,0.927,1,0.869,0.701,0.017,3
tusimple,tusimple_test_clips_0601_1494453891431957979_20.jpg,0.885,1,0.834,0.727,0.081,3
tusimple,tusimple_test_clips_0601_1494453893431485197_20.jpg,0.871,1,0.846,0.591,0.082,3
tusimple,tusimple_test_clips_0601_1494453897432816787_20.jpg,0.946,1,0.756,0.545,0.126,3
tusimple,tusimple_test_clips_0601_1494453899428331705_20.jpg,0.885,1,0.878,0.515,0.118,3
tusimple,tusimple_test_clips_0601_1494453903426643182_20.jpg,0.875,1,0.888,0.627,0.026,3
tusimple,tusimple_test_clips_0601_1494453905425746565_20.jpg,0.936,1,0.859,0.547,0.004,3
tusimple,tusimple_test_clips_0601_1494453909424008638_20.jpg,0.86,1,0.853,0.621,0.005,3
tusimple,tusimple_test_clips_0601_1494453915421521246_20.jpg,0.931,1,0.855,0.61,0,3
tusimple,tusimple_test_clips_0601_1494453917420526732_20.jpg,1,1,0.762,0.577,0,3
tusimple,tusimple_test_clips_0601_1494453921418707694_20.jpg,0.894,1,0.895,0.712,0,3
tusimple,tusimple_test_clips_0601_1495058511650900131_20.jpg,0.946,0.999,0.558,0.492,0.026,3
tusimple,tusimple_test_clips_0601_1495058513653157717_20.jpg,0.973,0.642,0.518,0.56,0.006,3
tusimple,tusimple_test_clips_0601_1495058517648182872_20.jpg,0.893,0.686,0.305,0.64,0.009,3
tusimple,tusimple_test_clips_0601_1495058519647325633_20.jpg,0.859,0.463,0.319,0.661,0.001,3
tusimple,tusimple_test_clips_0601_1495058523645631423_20.jpg,0.949,0.825,0.514,0.529,0.05,4
tusimple,tusimple_test_clips_0601_1495058525644785689_20.jpg,0.955,0.642,0.44,0.532,0.049,4
tusimple,tusimple_test_clips_0601_1495058529645468841_20.jpg,0.919,0.657,0.396,0.583,0.082,4
tusimple,tusimple_test_clips_0601_1495058531642109690_20.jpg,0.852,0.724,0.401,0.593,0.103,4
tusimple,tusimple_test_clips_0601_1495058535640362320_20.jpg,0.917,0.679,0.57,0.593,0.059,4
tusimple,tusimple_test_clips_0601_1495058541639813060_20.jpg,0.923,0.757,0.496,0.576,0.023,4
tusimple,tusimple_test_clips_0601_1495058543636946342_20.jpg,0.842,0.648,0.476,0.57,0,5
tusimple,tusimple_test_clips_0601_1495058547635253662_20.jpg,0.75,0.817,0.684,0.596,0.002,4
tusimple,tusimple_test_clips_0601_1495058549634464358_20.jpg,0.833,1,0.708,0.602,0.007,4
tusimple,tusimple_test_clips_0601_1495058553632411806_20.jpg,0.827,1,0.751,0.562,0.007,4
tusimple,tusimple_test_clips_0601_1495058555631493777_20.jpg,0.89,0.987,0.653,0.574,0.003,4
tusimple,tusimple_test_clips_0601_1495058559630260620_20.jpg,0.612,0.838,0.783,0.569,0.011,5
tusimple,tusimple_test_clips_0601_1495058561630562031_20.jpg,0.843,0.797,0.659,0.555,0.006,5
tusimple,tusimple_test_clips_0601_1495058565627082907_20.jpg,0.919,0.617,0.621,0.495,0.054,5
tusimple,tusimple_test_clips_0601_1495058567626213268_20.jpg,0.991,0.513,0.567,0.568,0.036,4
tusimple,tusimple_test_clips_0601_1495058571626030435_20.jpg,0.949,0.558,0.56,0.567,0.001,4
tusimple,tusimple_test_clips_0601_1495058573624446557_20.jpg,0.894,0.711,0.621,0.458,0,4
tusimple,tusimple_test_clips_0601_1495058577621886797_20.jpg,0.923,0.627,0.704,0.518,0.003,4
tusimple,tusimple_test_clips_0601_1495058579620916755_20.jpg,0.935,0.721,0.673,0.571,0.008,4
tusimple,tusimple_test_clips_0601_1495058583619245632_20.jpg,0.862,0.809,0.655,0.633,0.058,4
tusimple,tusimple_test_clips_0601_1495058589616546862_20.jpg,0.852,0.652,0.523,0.493,0.082,4
tusimple,tusimple_test_clips_0601_1495058591615655712_20.jpg,0.852,0.697,0.465,0.462,0.1,5
tusimple,tusimple_test_clips_0601_1495058595613937284_20.jpg,0.875,0.646,0.633,0.488,0.083,4
tusimple,tusimple_test_clips_0601_1495058601611353314_20.jpg,0.85,0.623,0.549,0.562,0.101,4
tusimple,tusimple_test_clips_0601_1495058603610438875_20.jpg,0.848,0.573,0.6,0.597,0.095,4
tusimple,tusimple_test_clips_0601_1495058607608580406_20.jpg,0.922,0.498,0.603,0.576,0.076,4
tusimple,tusimple_test_clips_0601_1495058609607851346_20.jpg,0.986,0.471,0.629,0.561,0.062,4
tusimple,tusimple_test_clips_0601_1495058613606067008_20.jpg,0.995,0.47,0.56,0.553,0.013,4
tusimple,tusimple_test_clips_0601_1495058619603352447_20.jpg,0.77,0.839,0.415,0.482,0.01,4
tusimple,tusimple_test_clips_0601_1495058625601835401_20.jpg,0.789,0.856,0.631,0.555,0,3
tusimple,tusimple_test_clips_0601_1495058627600533106_20.jpg,0.838,0.88,0.512,0.494,0.002,3
tusimple,tusimple_test_clips_0601_1495058631598120446_20.jpg,0.879,1,0.656,0.576,0.022,3
tusimple,tusimple_test_clips_0601_1495058633597299467_20.jpg,0.904,0.63,0.521,0.624,0.05,3
tusimple,tusimple_test_clips_0601_1495058637598281828_20.jpg,0.924,0.578,0.444,0.609,0.062,3
tusimple,tusimple_test_clips_0601_1495058643592959238_20.jpg,0.894,0.758,0.506,0.615,0,4
tusimple,tusimple_test_clips_0601_1495058645591994455_20.jpg,0.857,0.666,0.596,0.667,0.013,4
tusimple,tusimple_test_clips_0601_1495058649590496839_20.jpg,0.939,0.561,0.577,0.666,0.001,3
tusimple,tusimple_test_clips_0601_1495058651589498298_20.jpg,0.927,0.706,0.518,0.606,0.001,3
tusimple,tusimple_test_clips_0601_1495058655587623423_20.jpg,0.926,0.594,0.434,0.607,0.002,3
tusimple,tusimple_test_clips_0601_1495058657586694783_20.jpg,0.939,0.707,0.4,0.528,0.063,3
tusimple,tusimple_test_clips_0601_1495058661585038016_20.jpg,0.926,0.783,0.49,0.611,0.056,3
tusimple,tusimple_test_clips_0601_1495058663584062880_20.jpg,0.931,0.674,0.505,0.628,0.054,3
tusimple,tusimple_test_clips_0601_1495058667582546609_20.jpg,0.923,0.659,0.286,0.637,0.002,3
tusimple,tusimple_test_clips_0601_1495058669581447259_20.jpg,0.929,0.611,0.345,0.671,0.01,3
tusimple,tusimple_test_clips_0601_1495058673582305777_20.jpg,0.899,0.654,0.433,0.546,0.048,3
tusimple,tusimple_test_clips_0601_1495058675578880765_20.jpg,0.951,0.591,0.367,0.576,0.068,3
tusimple,tusimple_test_clips_0601_1495058679578260344_20.jpg,0.869,0.598,0.415,0.485,0.046,3
tusimple,tusimple_test_clips_0601_1495058681576268090_20.jpg,0.768,0.53,0.412,0.619,0.058,4
tusimple,tusimple_test_clips_0601_1495058685574423476_20.jpg,0.733,0.733,0.244,0.527,0.025,4
tusimple,tusimple_test_clips_0601_1495058687573523202_20.jpg,0.581,0.621,0.45,0.624,0.008,4
tusimple,tusimple_test_clips_0601_1495058691573701768_20.jpg,0.96,0.685,0.498,0.641,0.005,5
tusimple,tusimple_test_clips_0601_1495058693572011278_20.jpg,0.857,0.773,0.521,0.598,0.014,4
tusimple,tusimple_test_clips_0601_1495058697569137522_20.jpg,0.601,0.686,0.33,0.535,0.018,4
tusimple,tusimple_test_clips_0601_1495058699568254110_20.jpg,1,0.604,0.392,0.654,0.01,4
tusimple,tusimple_test_clips_0601_1495058703570086393_20.jpg,0.905,0.615,0.552,0.682,0.001,3
tusimple,tusimple_test_clips_0601_1495058705566953072_20.jpg,0.77,0.743,0.307,0.599,0.008,5
tusimple,tusimple_test_clips_0601_1495058709564020064_20.jpg,0.832,0.654,0.542,0.614,0.001,4
tusimple,tusimple_test_clips_0601_1495058711562981747_20.jpg,0.956,0.514,0.543,0.651,0.001,3
tusimple,tusimple_test_clips_0601_1495058717560363854_20.jpg,0.946,0.716,0.391,0.618,0.012,3
tusimple,tusimple_test_clips_0601_1495058723557907848_20.jpg,1,0.584,0.328,0.653,0.015,3
tusimple,tusimple_test_clips_0601_1495058725556887051_20.jpg,0.968,0.664,0.378,0.633,0.019,3
tusimple,tusimple_test_clips_0601_1495058731554262519_20.jpg,0.95,0.513,0.328,0.644,0.009,3
tusimple,tusimple_test_clips_0601_1495058735552472297_20.jpg,1,0.583,0.535,0.651,0.001,3
tusimple,tusimple_test_clips_0601_1495058737551593764_20.jpg,1,0.533,0.603,0.701,0,3
tusimple,tusimple_test_clips_0601_1495058741549839318_20.jpg,0.879,0.52,0.421,0.636,0.001,3
tusimple,tusimple_test_clips_0601_1495058743548953760_20.jpg,1,0.614,0.383,0.621,0.001,3
tusimple,tusimple_test_clips_0601_1495058749546398617_20.jpg,0.791,0.688,0.305,0.604,0.014,3
tusimple,tusimple_test_clips_0601_1495058753544544640_20.jpg,0.948,0.493,0.522,0.59,0.019,3
tusimple,tusimple_test_clips_0601_1495058755543755302_20.jpg,1,0.539,0.501,0.595,0.015,3
tusimple,tusimple_test_clips_0601_1495058759543485959_20.jpg,1,0.481,0.497,0.63,0,3
tusimple,tusimple_test_clips_0601_1495058761541190266_20.jpg,0.965,0.517,0.403,0.646,0,3
tusimple,tusimple_test_clips_0601_1495058765539323868_20.jpg,0.965,0.557,0.514,0.564,0.003,3
tusimple,tusimple_test_clips_0601_1495058767538661957_20.jpg,0.868,0.584,0.468,0.563,0.001,3
tusimple,tusimple_test_clips_0601_1495058771536638246_20.jpg,0.894,0.462,0.468,0.665,0,3
tusimple,tusimple_test_clips_0601_1495058773535908152_20.jpg,0.897,0.54,0.285,0.637,0.005,3
tusimple,tusimple_test_clips_0601_1495058777536566928_20.jpg,0.952,0.42,0.482,0.635,0.013,3
tusimple,tusimple_test_clips_0601_1495058779533297336_20.jpg,1,0.431,0.485,0.672,0.011,3
tusimple,tusimple_test_clips_0601_1495058783531908488_20.jpg,1,0.453,0.505,0.659,0.137,3
tusimple,tusimple_test_clips_0601_1495058785530503970_20.jpg,0.797,0.494,0.537,0.705,0.07,4
tusimple,tusimple_test_clips_0601_1495058789528736525_20.jpg,0.769,1,0.739,0.596,0.109,4
tusimple,tusimple_test_clips_0601_1495058791529145038_20.jpg,0.757,1,0.71,0.567,0.126,4
tusimple,tusimple_test_clips_0601_1495058795526112280_20.jpg,0.842,1,0.793,0.597,0.107,4
tusimple,tusimple_test_clips_0601_1495058797525283326_20.jpg,0.748,0.974,0.657,0.581,0.091,4
tusimple,tusimple_test_clips_0601_1495058801524119747_20.jpg,0.866,1,0.732,0.52,0.008,3
tusimple,tusimple_test_clips_0601_1495058807521007436_20.jpg,0.881,1,0.781,0.648,0.028,4
tusimple,tusimple_test_clips_0601_1495058809520026743_20.jpg,0.891,1,0.785,0.666,0.036,4
tusimple,tusimple_test_clips_0601_1495058813518557824_20.jpg,0.826,1,0.787,0.613,0.067,3
tusimple,tusimple_test_clips_0601_1495058815517499821_20.jpg,0.905,1,0.739,0.683,0.08,3
tusimple,tusimple_test_clips_0601_1495058819515609449_20.jpg,0.889,1,0.731,0.685,0.07,3
tusimple,tusimple_test_clips_0601_1495058821514705653_20.jpg,0.92,1,0.866,0.646,0.075,3
tusimple,tusimple_test_clips_0601_1495058825513085839_20.jpg,0.797,1,0.847,0.541,0.057,3
tusimple,tusimple_test_clips_0601_1495058827512107721_20.jpg,0.868,1,0.822,0.604,0.003,3
tusimple,tusimple_test_clips_0601_1495058831510345233_20.jpg,0.76,1,0.837,0.518,0.001,3
tusimple,tusimple_test_clips_0601_1495058833512604551_20.jpg,0.828,1,0.892,0.617,0,3
tusimple,tusimple_test_clips_0601_1495058837507762456_20.jpg,0.804,1,0.904,0.53,0.012,3
tusimple,tusimple_test_clips_0601_1495058839506810667_20.jpg,0.823,1,0.894,0.387,0.069,3
tusimple,tusimple_test_clips_0601_1495058843505119291_20.jpg,0.863,1,0.884,0.615,0.097,3
tusimple,tusimple_test_clips_0601_1495058845504181382_20.jpg,0.879,1,0.89,0.482,0.076,3
tusimple,tusimple_test_clips_0601_1495058849502428438_20.jpg,0.864,1,0.845,0.575,0.096,3
tusimple,tusimple_test_clips_0601_1495058855499892457_20.jpg,0.846,1,0.865,0.601,0,3
tusimple,tusimple_test_clips_0601_1495058861497256750_20.jpg,0.94,1,0.865,0.571,0.003,3
tusimple,tusimple_test_clips_0601_1495058863496389179_20.jpg,0.853,1,0.881,0.59,0.061,3
tusimple,tusimple_test_clips_0601_1495058867494793579_20.jpg,0.853,1,0.856,0.598,0.09,3
tusimple,tusimple_test_clips_0601_1495058869493652396_20.jpg,0.89,1,0.887,0.484,0.081,3
tusimple,tusimple_test_clips_0601_1495058875493893919_20.jpg,0.899,1,0.898,0.596,0.07,3
tusimple,tusimple_test_clips_0601_1495058881488575364_20.jpg,0.928,1,0.84,0.604,0.02,4
tusimple,tusimple_test_clips_0601_1495058885486735973_20.jpg,1,1,0.857,0.663,0.014,3
tusimple,tusimple_test_clips_0601_1495058887485712970_20.jpg,0.831,1,0.889,0.651,0.021,3
tusimple,tusimple_test_clips_0601_1495058891483940390_20.jpg,0.919,1,0.717,0.62,0,3
tusimple,tusimple_test_clips_0601_1495058893483165816_20.jpg,0.838,1,0.864,0.708,0,3
tusimple,tusimple_test_clips_0601_1495058897481481711_20.jpg,0.803,1,0.88,0.688,0,3
tusimple,tusimple_test_clips_0601_1495058899483245045_20.jpg,0.875,1,0.877,0.507,0,3
tusimple,tusimple_test_clips_0601_1495058903479584639_20.jpg,0.768,1,0.868,0.566,0.022,3
tusimple,tusimple_test_clips_0601_1495058905478033563_20.jpg,0.847,1,0.828,0.645,0.029,3
tusimple,tusimple_test_clips_0601_1495058909478434329_20.jpg,0.974,1,0.805,0.543,0.056,3
tusimple,tusimple_test_clips_0601_1495058911476464039_20.jpg,0.931,1,0.827,0.693,0.051,3
tusimple,tusimple_test_clips_0601_1495058915473553999_20.jpg,0.821,1,0.775,0.572,0.054,3
tusimple,tusimple_test_clips_0601_1495058917472643059_20.jpg,0.8,1,0.848,0.728,0.024,3
tusimple,tusimple_test_clips_0601_1495058921472223810_20.jpg,0.852,1,0.874,0.648,0,3
tusimple,tusimple_test_clips_0601_1495058923470000390_20.jpg,0.912,1,0.828,0.596,0,3
tusimple,tusimple_test_clips_0601_1495058927468205806_20.jpg,0.727,1,0.753,0.622,0.019,3
tusimple,tusimple_test_clips_0601_1495058933467743065_20.jpg,1,1,0.82,0.606,0.077,3
tusimple,tusimple_test_clips_0601_1495058935467362568_20.jpg,0.99,1,0.806,0.556,0.064,3
tusimple,tusimple_test_clips_0601_1495058939462932080_20.jpg,0.801,1,0.784,0.607,0.014,3
tusimple,tusimple_test_clips_0601_1495058941462104067_20.jpg,0.857,1,0.82,0.557,0,3
tusimple,tusimple_test_clips_0601_1495058945462237078_20.jpg,0.842,1,0.845,0.56,0,3
tusimple,tusimple_test_clips_0601_1495058947460270186_20.jpg,0.85,1,0.864,0.625,0.016,3
tusimple,tusimple_test_clips_0601_1495485005644829619_20.jpg,0.93,0.503,0.282,0.637,0.001,5
tusimple,tusimple_test_clips_0601_1495485007642298695_20.jpg,0.98,0.442,0.177,0.581,0.004,5
tusimple,tusimple_test_clips_0601_1495485011640575692_20.jpg,0.917,0.468,0.314,0.608,0,5
tusimple,tusimple_test_clips_0601_1495485013639706976_20.jpg,0.975,0.449,0.301,0.578,0,5
tusimple,tusimple_test_clips_0601_1495485017637878780_20.jpg,0.939,0.391,0.209,0.641,0,5
tusimple,tusimple_test_clips_0601_1495485025634416488_20.jpg,0.918,0.448,0.288,0.644,0,5
tusimple,tusimple_test_clips_0601_1495485029632639534_20.jpg,0.97,0.518,0.434,0.613,0,5
tusimple,tusimple_test_clips_0601_1495485031631874624_20.jpg,0.886,0.647,0.381,0.544,0,4
tusimple,tusimple_test_clips_0601_1495485035630181114_20.jpg,0.845,0.742,0.428,0.582,0,4
tusimple,tusimple_test_clips_0601_1495485037630719960_20.jpg,0.915,0.777,0.487,0.595,0.003,4
tusimple,tusimple_test_clips_0601_1495485041627561777_20.jpg,0.908,0.589,0.502,0.611,0,5
tusimple,tusimple_test_clips_0601_1495485043626475403_20.jpg,0.872,0.709,0.458,0.659,0,5
tusimple,tusimple_test_clips_0601_1495485047626619403_20.jpg,0.761,0.676,0.382,0.599,0,5
tusimple,tusimple_test_clips_0601_1495485049623980217_20.jpg,0.286,1,0.882,0.484,0,5
tusimple,tusimple_test_clips_0601_1495485053622095657_20.jpg,0.841,0.548,0.361,0.593,0,5
tusimple,tusimple_test_clips_0601_1495485055621230484_20.jpg,0.861,0.521,0.346,0.584,0,5
tusimple,tusimple_test_clips_0601_1495485059619547037_20.jpg,0.812,1,0.441,0.564,0,5
tusimple,tusimple_test_clips_0601_1495485061618634242_20.jpg,0.851,0.613,0.371,0.59,0.005,5
tusimple,tusimple_test_clips_0601_1495485065616971396_20.jpg,0.837,0.515,0.439,0.645,0.014,5
tusimple,tusimple_test_clips_0601_1495485067616665993_20.jpg,0.774,0.594,0.4,0.602,0.007,5
tusimple,tusimple_test_clips_0601_1495485077611613148_20.jpg,0.966,0.433,0.429,0.61,0.012,5
tusimple,tusimple_test_clips_0601_1495485079610781396_20.jpg,0.979,0.491,0.385,0.639,0.009,5
tusimple,tusimple_test_clips_0601_1495485083609102262_20.jpg,0.91,0.527,0.39,0.61,0.006,5
tusimple,tusimple_test_clips_0601_1495485085608183417_20.jpg,0.865,0.705,0.364,0.625,0.002,5
tusimple,tusimple_test_clips_0601_1495485089606436710_20.jpg,0.867,0.518,0.27,0.63,0.003,5
tusimple,tusimple_test_clips_0601_1495485091605488251_20.jpg,0.929,0.557,0.467,0.631,0.004,5
tusimple,tusimple_test_clips_0601_1495485095603750171_20.jpg,0.939,0.579,0.378,0.565,0.001,4
tusimple,tusimple_test_clips_0601_1495485097603888476_20.jpg,0.665,1,0.371,0.584,0,4
tusimple,tusimple_test_clips_0601_1495485101601143509_20.jpg,0.843,0.678,0.44,0.577,0,4
tusimple,tusimple_test_clips_0601_1495485103600261852_20.jpg,0.907,0.769,0.474,0.535,0.008,5
tusimple,tusimple_test_clips_0601_1495485107598430763_20.jpg,0.866,0.531,0.226,0.622,0,5
tusimple,tusimple_test_clips_0601_1495485113595919995_20.jpg,0.894,0.515,0.441,0.606,0.015,5
tusimple,tusimple_test_clips_0601_1495485115595069587_20.jpg,0.75,0.749,0.29,0.609,0.011,5
tusimple,tusimple_test_clips_0601_1495485119593213017_20.jpg,0.842,0.616,0.36,0.656,0.014,5
tusimple,tusimple_test_clips_0601_1495485121592526729_20.jpg,0.849,0.622,0.377,0.621,0.017,5
tusimple,tusimple_test_clips_0601_1495485125590601070_20.jpg,0.837,0.583,0.367,0.634,0.05,5
tusimple,tusimple_test_clips_0601_1495485127589805305_20.jpg,0.811,0.84,0.434,0.602,0.054,5
tusimple,tusimple_test_clips_0601_1495485131588458782_20.jpg,0.888,0.485,0.325,0.589,0.027,5
tusimple,tusimple_test_clips_0601_1495485133589847815_20.jpg,0.845,0.547,0.301,0.59,0,5
tusimple,tusimple_test_clips_0601_1495485137585369691_20.jpg,0.906,0.556,0.271,0.621,0.001,5
tusimple,tusimple_test_clips_0601_1495485139584650249_20.jpg,0.941,0.572,0.389,0.599,0,5
tusimple,tusimple_test_clips_0601_1495485143583769704_20.jpg,0.965,0.433,0.409,0.6,0,5
tusimple,tusimple_test_clips_0601_1495485145583082579_20.jpg,0.947,0.463,0.357,0.645,0,5
tusimple,tusimple_test_clips_0601_1495485149580009037_20.jpg,0.802,0.735,0.294,0.599,0.027,5
tusimple,tusimple_test_clips_0601_1495485151579245228_20.jpg,0.102,0.993,0.928,0.846,0,3
tusimple,tusimple_test_clips_0601_1495485155577594288_20.jpg,0.371,1,0.907,0.717,0.031,5
tusimple,tusimple_test_clips_0601_1495485157582273981_20.jpg,0.727,0.908,0.325,0.6,0.076,5
tusimple,tusimple_test_clips_0601_1495485161574837343_20.jpg,0.919,0.613,0.449,0.629,0.041,5
tusimple,tusimple_test_clips_0601_1495485167572604995_20.jpg,0.905,0.678,0.314,0.613,0.008,5
tusimple,tusimple_test_clips_0601_1495485173569664875_20.jpg,0.718,0.761,0.333,0.599,0,5
tusimple,tusimple_test_clips_0601_1495485179566968453_20.jpg,0.712,0.642,0.307,0.633,0.001,5
tusimple,tusimple_test_clips_0601_1495485181566075138_20.jpg,0.922,0.631,0.216,0.603,0,5
tusimple,tusimple_test_clips_0601_1495485191562186883_20.jpg,0.947,0.453,0.286,0.598,0.033,5
tusimple,tusimple_test_clips_0601_1495485193560868359_20.jpg,0.795,0.43,0.294,0.665,0.061,5
tusimple,tusimple_test_clips_0601_1495485197559484861_20.jpg,0.909,0.555,0.377,0.569,0.029,5
tusimple,tusimple_test_clips_0601_1495485199560422348_20.jpg,0.928,0.496,0.312,0.626,0.008,5
tusimple,tusimple_test_clips_0601_1495485203556467093_20.jpg,0.852,0.506,0.354,0.584,0.014,5
tusimple,tusimple_test_clips_0601_1495485205555638707_20.jpg,0.936,0.398,0.328,0.625,0.018,5
tusimple,tusimple_test_clips_0601_1495485211553485398_20.jpg,0.901,0.481,0.397,0.624,0.116,5
tusimple,tusimple_test_clips_0601_1495485215551252100_20.jpg,0.867,0.483,0.511,0.518,0.019,5
tusimple,tusimple_test_clips_0601_1495485217550341636_20.jpg,0.932,0.502,0.365,0.571,0.056,5
tusimple,tusimple_test_clips_0601_1495485221549214727_20.jpg,0.979,0.614,0.435,0.56,0.048,5
tusimple,tusimple_test_clips_0601_1495485223548247609_20.jpg,0.991,0.448,0.458,0.567,0.018,5
tusimple,tusimple_test_clips_0601_1495485229545121178_20.jpg,0.873,0.603,0.443,0.541,0.029,5
tusimple,tusimple_test_clips_0601_1495485233544770714_20.jpg,0.932,0.472,0.192,0.583,0.041,5
tusimple,tusimple_test_clips_0601_1495485239540675881_20.jpg,0.859,0.641,0.231,0.565,0.029,5
tusimple,tusimple_test_clips_0601_1495485241539776745_20.jpg,0.871,0.609,0.218,0.599,0.036,5
tusimple,tusimple_test_clips_0601_1495485247537173856_20.jpg,0.642,0.799,0.249,0.644,0.019,5
tusimple,tusimple_test_clips_0601_1495485251535491702_20.jpg,0.885,0.919,0.296,0.564,0.002,5
tusimple,tusimple_test_clips_0601_1495485253534523403_20.jpg,0.817,0.924,0.36,0.618,0,5
tusimple,tusimple_test_clips_0601_1495485257532759111_20.jpg,0.984,0.405,0.309,0.565,0,5
tusimple,tusimple_test_clips_0601_1495485259531947927_20.jpg,1,0.374,0.264,0.568,0,5
tusimple,tusimple_test_clips_0601_1495485263530496367_20.jpg,1,0.441,0.158,0.59,0.046,5
tusimple,tusimple_test_clips_0601_1495485265529370527_20.jpg,0.947,0.424,0.144,0.602,0.033,5
tusimple,tusimple_test_clips_0601_1495485271526711564_20.jpg,0.932,0.543,0.173,0.614,0.024,5
tusimple,tusimple_test_clips_0601_1495485275524876436_20.jpg,0.864,0.417,0.25,0.673,0.053,5
tusimple,tusimple_test_clips_0601_1495485277524070416_20.jpg,0.985,0.483,0.263,0.635,0.029,5
tusimple,tusimple_test_clips_0601_1495485281522331361_20.jpg,0.927,0.487,0.414,0.596,0.009,5
tusimple,tusimple_test_clips_0601_1495485287519657936_20.jpg,0.991,0.623,0.575,0.627,0.012,5
tusimple,tusimple_test_clips_0601_1495485289518943738_20.jpg,0.991,0.67,0.573,0.639,0.017,5
tusimple,tusimple_test_clips_0601_1495492514657370538_20.jpg,0.925,0.851,0.519,0.621,0.016,5
tusimple,tusimple_test_clips_0601_1495492520656903337_20.jpg,0.681,0.551,0.266,0.628,0.019,5
tusimple,tusimple_test_clips_0601_1495492522656503442_20.jpg,0.79,0.473,0.293,0.632,0.064,5
tusimple,tusimple_test_clips_0601_1495492526652198409_20.jpg,0.874,0.602,0.328,0.619,0.065,5
tusimple,tusimple_test_clips_0601_1495492528651465950_20.jpg,0.682,0.506,0.373,0.654,0.075,5
tusimple,tusimple_test_clips_0601_1495492532649670626_20.jpg,0.77,0.639,0.414,0.607,0.056,5
tusimple,tusimple_test_clips_0601_1495492534648766019_20.jpg,0.766,0.577,0.446,0.652,0.055,5
tusimple,tusimple_test_clips_0601_1495492544644579641_20.jpg,0.831,0.538,0.4,0.558,0.001,5
tusimple,tusimple_test_clips_0601_1495492546643754006_20.jpg,0.889,0.497,0.383,0.61,0.001,5
tusimple,tusimple_test_clips_0601_1495492552642880511_20.jpg,0.797,0.658,0.49,0.559,0.033,5
tusimple,tusimple_test_clips_0601_1495492556639352860_20.jpg,0.556,1,0.556,0.602,0.052,5
tusimple,tusimple_test_clips_0601_1495492558638574294_20.jpg,0.761,0.739,0.473,0.59,0.038,5
tusimple,tusimple_test_clips_0601_1495492562636900136_20.jpg,0.962,0.653,0.37,0.629,0.033,5
tusimple,tusimple_test_clips_0601_1495492564638552489_20.jpg,0.986,0.535,0.44,0.565,0.044,5
tusimple,tusimple_test_clips_0601_1495492568634494002_20.jpg,1,0.83,0.367,0.572,0.057,5
tusimple,tusimple_test_clips_0601_1495492570633273267_20.jpg,0.814,0.618,0.469,0.613,0.022,5
tusimple,tusimple_test_clips_0601_1495492574631642586_20.jpg,0.803,0.539,0.368,0.599,0.069,5
tusimple,tusimple_test_clips_0601_1495492576631244765_20.jpg,0.904,0.665,0.478,0.592,0.024,5
tusimple,tusimple_test_clips_0601_1495492580629124459_20.jpg,0.835,0.596,0.428,0.572,0.03,5
tusimple,tusimple_test_clips_0601_1495492582630284735_20.jpg,0.783,0.802,0.474,0.621,0.048,5
tusimple,tusimple_test_clips_0601_1495492586626577353_20.jpg,0.92,0.793,0.287,0.567,0.051,5
tusimple,tusimple_test_clips_0601_1495492588625680391_20.jpg,0.916,0.682,0.403,0.583,0.071,5
tusimple,tusimple_test_clips_0601_1495492592624111770_20.jpg,0.941,0.596,0.446,0.591,0.096,5
tusimple,tusimple_test_clips_0601_1495492594623390895_20.jpg,0.862,0.736,0.354,0.615,0.043,5
tusimple,tusimple_test_clips_0601_1495492600620610120_20.jpg,0.912,0.801,0.479,0.542,0.005,5
tusimple,tusimple_test_clips_0601_1495492604618866420_20.jpg,0.811,0.662,0.314,0.634,0.002,5
tusimple,tusimple_test_clips_0601_1495492610616274024_20.jpg,0.847,0.686,0.377,0.557,0.041,5
tusimple,tusimple_test_clips_0601_1495492612617948584_20.jpg,0.828,0.61,0.323,0.623,0.053,5
tusimple,tusimple_test_clips_0601_1495492616613850881_20.jpg,0.879,0.627,0.461,0.595,0.038,5
tusimple,tusimple_test_clips_0601_1495492618612884370_20.jpg,0.843,0.796,0.498,0.581,0.03,5
tusimple,tusimple_test_clips_0601_1495492622611223669_20.jpg,0.802,0.637,0.371,0.647,0.001,5
tusimple,tusimple_test_clips_0601_1495492628608902802_20.jpg,0.718,0.762,0.367,0.604,0,5
tusimple,tusimple_test_clips_0601_1495492630607817259_20.jpg,0.811,0.723,0.431,0.544,0.015,5
tusimple,tusimple_test_clips_0601_1495492634607962059_20.jpg,0.426,1,0.485,0.534,0.02,5
tusimple,tusimple_test_clips_0601_1495492636607670010_20.jpg,0.852,0.655,0.342,0.617,0.031,5
tusimple,tusimple_test_clips_0601_1495492640603529624_20.jpg,0.828,0.706,0.394,0.543,0.029,5
tusimple,tusimple_test_clips_0601_1495492642602669115_20.jpg,0.627,0.67,0.409,0.628,0.063,5
tusimple,tusimple_test_clips_0601_1495492646603631876_20.jpg,0.827,0.74,0.407,0.538,0.05,4
tusimple,tusimple_test_clips_0601_1495492652598376104_20.jpg,0.883,0.864,0.315,0.562,0.035,3
tusimple,tusimple_test_clips_0601_1495492658597164768_20.jpg,0.362,1,0.76,0.558,0.105,3
tusimple,tusimple_test_clips_0601_1495492660595112610_20.jpg,0.516,1,0.557,0.621,0.026,4
tusimple,tusimple_test_clips_0601_1495492664593144942_20.jpg,0.929,0.671,0.334,0.568,0,5
tusimple,tusimple_test_clips_0601_1495492670591972333_20.jpg,0.895,0.699,0.343,0.558,0,5
tusimple,tusimple_test_clips_0601_1495492672589680031_20.jpg,0.904,0.564,0.296,0.608,0.001,5
tusimple,tusimple_test_clips_0601_1495492676590387348_20.jpg,0.896,0.512,0.343,0.597,0.005,5
tusimple,tusimple_test_clips_0601_1495492678589564874_20.jpg,0.987,0.545,0.327,0.587,0.017,5
tusimple,tusimple_test_clips_0601_1495492682588093034_20.jpg,0.877,0.878,0.411,0.571,0.043,5
tusimple,tusimple_test_clips_0601_1495492684584715788_20.jpg,0.882,0.849,0.385,0.594,0.051,5
tusimple,tusimple_test_clips_0601_1495492688584338825_20.jpg,0.896,0.765,0.419,0.624,0.008,5
tusimple,tusimple_test_clips_0601_1495492690584541271_20.jpg,0.782,0.689,0.412,0.601,0,5
tusimple,tusimple_test_clips_0601_1495492694580451696_20.jpg,0.835,0.885,0.495,0.519,0,4
tusimple,tusimple_test_clips_0601_1495492696579699900_20.jpg,0.937,1,0.383,0.62,0.001,4
tusimple,tusimple_test_clips_0601_1495492700580351258_20.jpg,0.928,0.737,0.494,0.585,0,5
tusimple,tusimple_test_clips_0601_1495492706575263699_20.jpg,0.879,0.842,0.489,0.484,0,4
tusimple,tusimple_test_clips_0601_1495492708574325026_20.jpg,0.871,0.831,0.463,0.572,0,4
tusimple,tusimple_test_clips_0601_1495492712572976070_20.jpg,0.907,0.873,0.499,0.506,0,5
tusimple,tusimple_test_clips_0601_1495492714571919589_20.jpg,0.744,1,0.507,0.604,0,5
tusimple,tusimple_test_clips_0601_1495492718570003186_20.jpg,0.637,0.791,0.402,0.545,0,5
tusimple,tusimple_test_clips_0601_1495492720570470111_20.jpg,0.764,0.671,0.41,0.619,0,4
tusimple,tusimple_test_clips_0601_1495492724569960208_20.jpg,0.762,0.526,0.406,0.573,0.001,5
tusimple,tusimple_test_clips_0601_1495492726566736573_20.jpg,0.662,0.757,0.362,0.56,0.002,5
tusimple,tusimple_test_clips_0601_1495492730564960952_20.jpg,0.859,0.603,0.45,0.646,0.003,5
tusimple,tusimple_test_clips_0601_1495492736564669027_20.jpg,0.881,0.756,0.367,0.613,0,5
tusimple,tusimple_test_clips_0601_1495492742562547671_20.jpg,0.643,0.96,0.464,0.618,0.009,5
tusimple,tusimple_test_clips_0601_1495492744561641614_20.jpg,0.683,0.98,0.454,0.601,0.012,5
tusimple,tusimple_test_clips_0601_1495492748563863341_20.jpg,0.904,0.803,0.446,0.607,0,5
tusimple,tusimple_test_clips_0601_1495492750556508768_20.jpg,0.9,0.716,0.39,0.593,0,5
tusimple,tusimple_test_clips_0601_1495492756556281736_20.jpg,0.933,0.588,0.419,0.566,0,5
tusimple,tusimple_test_clips_0601_1495492760554751621_20.jpg,0.948,0.724,0.432,0.567,0,5
tusimple,tusimple_test_clips_0601_1495492766552197025_20.jpg,0.797,0.862,0.496,0.577,0,5
tusimple,tusimple_test_clips_0601_1495492780543620326_20.jpg,0.902,0.533,0.469,0.641,0.006,5
tusimple,tusimple_test_clips_0601_1495492784541940129_20.jpg,0.911,0.66,0.451,0.616,0.006,5
tusimple,tusimple_test_clips_0601_1495492786540962725_20.jpg,0.923,0.613,0.367,0.582,0.007,5
tusimple,tusimple_test_clips_0601_1495492790542154496_20.jpg,0.902,0.604,0.433,0.559,0,4
tusimple,tusimple_test_clips_0601_1495492792538618026_20.jpg,0.898,0.605,0.48,0.611,0,4
tusimple,tusimple_test_clips_0601_1495492796536814383_20.jpg,0.811,0.934,0.428,0.561,0,5
tusimple,tusimple_test_clips_0601_1495492798538430553_20.jpg,0.868,0.718,0.361,0.623,0,5
